7.000000000000000000e+01,6.162843806809114033e-01,2.750710428941623986e-01,8.139631012063879290e-01,0.000000000000000000e+00
7.100000000000000000e+01,4.040867173934907797e-01,-2.156900749455404817e-02,-1.561597559175350869e-01,1.000000000000000000e+01
7.200000000000000000e+01,3.164792771790469472e-01,-2.932550115985159134e-01,-8.274182246847837374e-02,1.100000000000000000e+01
7.300000000000000000e+01,5.206971494287496727e-01,3.104230509945339334e-01,-1.843800478542564347e-01,1.300000000000000000e+01
7.400000000000000000e+01,-6.569375675307462803e-01,-1.809154677641184039e-01,4.137135314384421392e-03,4.000000000000000000e+00
7.500000000000000000e+01,3.813246226796724869e-01,-1.551951427295442387e-01,-1.285971526954597655e-01,0.000000000000000000e+00
7.600000000000000000e+01,4.264476291737341884e-01,-3.918513844871070462e-01,8.805657399624258197e-01,2.000000000000000000e+00
7.700000000000000000e+01,-4.923992598179955382e-01,4.175576657546637427e-01,-1.023775844627759363e-01,1.000000000000000000e+01
7.800000000000000000e+01,6.667234235030112810e-01,1.203034645266302771e+00,-3.330494350127307657e-01,1.000000000000000000e+00
7.900000000000000000e+01,-6.481750906576790872e-01,-8.577556909776096195e-02,-9.314935531500519172e-02,8.000000000000000000e+00
8.000000000000000000e+01,5.582518703084570211e-01,5.205273215602155279e-01,-2.430894829745568197e-01,9.000000000000000000e+00
8.100000000000000000e+01,-2.694913810175166846e-01,1.470556962701454085e+00,-2.161958108820824509e-01,1.000000000000000000e+00
8.200000000000000000e+01,4.236863756543245429e-01,2.358251301754935025e-02,-2.185262810231090869e-01,9.000000000000000000e+00
8.300000000000000000e+01,-5.648834096031579710e-01,1.539816904912199580e-01,-1.053739342083219177e-01,9.000000000000000000e+00
8.400000000000000000e+01,-6.902250720717912902e-01,-2.172936641915890477e-01,-5.913843482781233618e-02,1.200000000000000000e+01
8.500000000000000000e+01,-6.559017499274560903e-01,-8.190283092385018671e-02,-2.915573380857213945e-02,6.000000000000000000e+00
8.600000000000000000e+01,3.084795846782608653e-01,-4.146003014292529154e-01,-7.257615795051340635e-02,3.000000000000000000e+00
8.700000000000000000e+01,-6.655520011259914437e-01,-1.664389365435120227e-01,-6.310915502208679084e-02,1.200000000000000000e+01
8.800000000000000000e+01,-6.208114232833857882e-01,4.368829934344105846e-03,-6.272506332905133930e-02,6.000000000000000000e+00
8.900000000000000000e+01,3.732579386106236186e-01,-1.379324005982166812e-01,-2.075499130586448970e-01,1.000000000000000000e+01
9.000000000000000000e+01,7.913630982614615617e-01,1.222501236091555921e+00,6.534866455036437705e-01,1.000000000000000000e+00
9.100000000000000000e+01,3.462839211291948716e-01,-2.841818647640698692e-01,-7.628018039143169560e-02,1.300000000000000000e+01
9.200000000000000000e+01,-6.757436950551268806e-01,-2.369911385450939878e-01,7.205932769388173620e-02,1.100000000000000000e+01
9.300000000000000000e+01,-3.017459527744223990e-01,1.374501566062013014e+00,-2.068358734818684652e-01,1.000000000000000000e+00
9.400000000000000000e+01,2.820674344915704013e-01,-2.727643501749521526e-01,-1.450504598010450563e-01,4.000000000000000000e+00
9.500000000000000000e+01,5.300042524371839647e-01,3.519585905832036676e-01,-1.243656384191821618e-01,0.000000000000000000e+00
9.600000000000000000e+01,4.588232121365010685e-01,7.678975004791240011e-02,-1.339874691444609967e-01,1.300000000000000000e+01
9.700000000000000000e+01,5.381523841643428563e-01,4.208597246967369365e-01,-1.099823894518646705e-01,1.100000000000000000e+01
9.800000000000000000e+01,4.303353485871240225e-01,-2.838425126186008840e-01,8.727425358713249981e-01,6.000000000000000000e+00
9.900000000000000000e+01,-1.680863013907598624e-01,1.470866280677638471e+00,7.877113277636464961e-01,7.000000000000000000e+00
1.000000000000000000e+02,7.015736466448538877e-01,1.346166216881192534e+00,-3.220647588398496963e-01,1.000000000000000000e+00
1.010000000000000000e+02,-6.770754207523552726e-01,-2.530108319738022526e-01,3.909998201362380188e-02,2.000000000000000000e+00
1.020000000000000000e+02,5.621149793968193142e-01,8.897953549173390209e-02,7.959583555072837768e-01,1.300000000000000000e+01
1.030000000000000000e+02,4.258830904705517284e-01,7.744537726655127685e-02,-8.712626095845933671e-02,1.100000000000000000e+01
1.040000000000000000e+02,3.496633801470208636e-01,-2.345707344266103611e-01,-2.147836289067179549e-01,9.000000000000000000e+00
1.050000000000000000e+02,-2.665856462572804286e-01,1.514774171831521965e+00,-2.179974508623017115e-01,1.000000000000000000e+00
1.060000000000000000e+02,-4.351433880036489343e-01,5.785616134978655012e-01,-2.961217068361490443e-02,1.300000000000000000e+01
1.070000000000000000e+02,6.546908879928590164e-01,1.091349205760572927e+00,-3.112569865497899491e-01,1.000000000000000000e+00
1.080000000000000000e+02,4.780574361821761653e-01,-2.291148354974633650e-01,9.049204052620362093e-01,1.300000000000000000e+01
1.090000000000000000e+02,3.106292016127922273e-01,-3.843163320575787023e-01,-2.071115069231902195e-01,5.000000000000000000e+00
1.100000000000000000e+02,4.141882058643938103e-01,-4.046462472251627362e-02,-1.821941299500154376e-01,5.000000000000000000e+00
1.110000000000000000e+02,2.974685096472826085e-01,-3.716725409889737319e-01,-2.317156921625061483e-01,8.000000000000000000e+00
1.120000000000000000e+02,5.050646213111640304e-01,2.928728802581252455e-01,-2.262069555640999208e-01,9.000000000000000000e+00
1.130000000000000000e+02,3.292381279682206618e-01,-3.159547815142161875e-01,-1.420768287973566413e-01,4.000000000000000000e+00
1.140000000000000000e+02,5.952264483201199496e-01,2.300621969836696146e-01,7.629602158208538265e-01,1.000000000000000000e+01
1.150000000000000000e+02,5.356288933155765042e-01,3.644562600287817311e-01,-1.932742433350658207e-01,5.000000000000000000e+00
1.160000000000000000e+02,3.648993544568495673e-01,-2.148960197269090266e-01,-1.224651898928864058e-01,1.100000000000000000e+01
1.170000000000000000e+02,-5.939972736302840950e-01,1.794512307311984523e-01,-5.079300302117013138e-02,7.000000000000000000e+00
1.180000000000000000e+02,-6.018302124230016092e-01,3.321279195651545280e-01,-4.485695816234072653e-02,7.000000000000000000e+00
1.190000000000000000e+02,-4.934551138526471759e-01,3.866490057468157104e-01,-4.629762651885661190e-02,1.000000000000000000e+01
1.200000000000000000e+02,5.285017459851615307e-01,3.454242673124465757e-01,-1.439232720906273577e-01,1.000000000000000000e+00
1.210000000000000000e+02,7.051756407792444392e-01,1.068634293309356886e+00,-3.026547577241131548e-01,1.000000000000000000e+00
1.220000000000000000e+02,4.030597493245234308e-01,1.800559977828298241e-01,-1.303211838095598984e-01,7.000000000000000000e+00
1.230000000000000000e+02,2.989818934376627935e-01,-4.017898610754193633e-01,-1.659657017678783097e-01,3.000000000000000000e+00
1.240000000000000000e+02,4.342567599926377420e-01,4.691131707083498470e-02,-1.937141961244396304e-01,1.000000000000000000e+01
1.250000000000000000e+02,2.766979935292303017e-01,-4.856602073512278350e-01,-1.410444004645955707e-01,1.200000000000000000e+01
1.260000000000000000e+02,3.325879166315585111e-01,-2.889795225052095851e-01,-1.787394759808238476e-01,2.000000000000000000e+00
1.270000000000000000e+02,3.774177841070423534e-01,-1.387799730872708859e-01,-1.949680944565142515e-01,9.000000000000000000e+00
1.280000000000000000e+02,2.921071502692210164e-01,-4.625112080140564297e-01,-1.071165783945068062e-01,2.000000000000000000e+00
1.290000000000000000e+02,3.090721879431076458e-01,-4.028755460031721580e-01,-1.608502037858246247e-01,5.000000000000000000e+00
1.300000000000000000e+02,4.664673981817668014e-01,1.696988387056551362e-01,-1.596114818454541784e-01,1.300000000000000000e+01
1.310000000000000000e+02,-5.631263347186127310e-01,1.270249873570729604e-01,2.589256653584733753e-02,0.000000000000000000e+00
1.320000000000000000e+02,-4.325495854566764331e-01,6.225005075779815877e-01,-8.002833649313380315e-02,1.000000000000000000e+01
1.330000000000000000e+02,-4.783476967946742042e-01,6.029833686646312446e-02,9.386738133560460495e-01,1.100000000000000000e+01
1.340000000000000000e+02,3.598311747773706992e-01,-2.032240063201028735e-01,-1.839593987182688573e-01,1.300000000000000000e+01
1.350000000000000000e+02,2.930821098421960147e-01,-4.392277676488254290e-01,-1.548998714344014260e-01,1.200000000000000000e+01
1.360000000000000000e+02,3.761401563092144906e-01,-9.972492883450649603e-02,-2.161726432081660654e-01,8.000000000000000000e+00
1.370000000000000000e+02,3.500529308292421038e-01,-2.517849100134218476e-01,-1.405848783253276779e-01,2.000000000000000000e+00
1.380000000000000000e+02,-3.732733341316563647e-01,9.148988615403981228e-01,-9.636947605750079138e-02,1.000000000000000000e+00
1.390000000000000000e+02,3.096892357900169479e-01,-3.937928447804139864e-01,-1.034184124402136723e-01,4.000000000000000000e+00
1.400000000000000000e+02,-6.071532898596319061e-01,6.322280726025476805e-02,-1.292917777369941359e-02,6.000000000000000000e+00
1.410000000000000000e+02,-5.834012849741808671e-01,8.635878484428972934e-02,1.071958987920514778e-02,1.100000000000000000e+01
1.420000000000000000e+02,3.941864841912769979e-01,-1.256326690057848194e-01,-9.543073525806623769e-02,2.000000000000000000e+00
1.430000000000000000e+02,4.031009404446304067e-01,-4.619090144689245170e-01,8.665372643885920212e-01,0.000000000000000000e+00
1.440000000000000000e+02,3.163833775903190371e-01,-3.683473777511853120e-01,-1.944727457671279747e-01,1.200000000000000000e+01
1.450000000000000000e+02,2.646777352990962173e-01,-4.737076918054606289e-01,-1.459184412402326214e-01,6.000000000000000000e+00
1.460000000000000000e+02,5.821697070110669614e-01,8.439608453938046706e-01,-2.599921983380315549e-01,7.000000000000000000e+00
1.470000000000000000e+02,-4.496325237470529812e-01,5.629057620150742514e-01,2.793688744793722690e-03,0.000000000000000000e+00
1.480000000000000000e+02,3.501699510948768079e-01,-2.639036773264279434e-01,-1.427555888649182925e-01,3.000000000000000000e+00
1.490000000000000000e+02,3.264897150082295973e-01,-3.127452687190309111e-01,-1.805062606199114017e-01,3.000000000000000000e+00
1.500000000000000000e+02,2.990200712180380860e-01,-3.836751474133005546e-01,-1.285860011703384431e-01,6.000000000000000000e+00
1.510000000000000000e+02,4.816579825519099467e-01,-1.925535579286546395e-01,8.400342084612706373e-01,0.000000000000000000e+00
1.520000000000000000e+02,-2.489002722295175773e-01,1.581191606325152987e+00,-2.114167080007350319e-01,1.000000000000000000e+00
1.530000000000000000e+02,2.739672740700782039e-01,-5.263055806155225724e-01,-5.106330534933083837e-02,1.300000000000000000e+01
1.540000000000000000e+02,2.898801340480738897e-01,-4.661337109469897433e-01,-8.712916613880580807e-02,9.000000000000000000e+00
1.550000000000000000e+02,3.160757936096497689e-01,-3.684992000184695304e-01,-1.340825970921850352e-01,2.000000000000000000e+00
1.560000000000000000e+02,-6.559545059227724906e-01,-1.391339669587561001e-01,-1.362062180662338556e-02,7.000000000000000000e+00
1.570000000000000000e+02,3.152625437275372033e-01,-3.585358091227922595e-01,-8.626878155591734265e-02,9.000000000000000000e+00
1.580000000000000000e+02,2.933357924103506265e-01,-3.754408447973299201e-01,-9.115478684752550964e-02,6.000000000000000000e+00
1.590000000000000000e+02,2.815945667124311047e-01,-5.009576305356777670e-01,-7.220017417578009078e-02,1.100000000000000000e+01
1.600000000000000000e+02,3.367158069008306387e-01,-2.570384995448868892e-01,-1.394642391299171780e-01,1.100000000000000000e+01
1.610000000000000000e+02,4.839004802043548881e-01,2.189158534943663470e-01,-2.106043309861693191e-01,2.000000000000000000e+00
1.620000000000000000e+02,2.919515519506120649e-01,-4.251139721996888277e-01,-1.668415060172682152e-01,0.000000000000000000e+00
1.630000000000000000e+02,4.618965323721770933e-01,1.128356786423572594e-01,-1.000951243428586379e-01,0.000000000000000000e+00
1.640000000000000000e+02,-2.010705988414197287e-01,1.345588551072636641e+00,8.017846103201244912e-01,7.000000000000000000e+00
1.650000000000000000e+02,3.938117090843289425e-01,-4.623907288691825324e-01,8.810346916602673772e-01,4.000000000000000000e+00
1.660000000000000000e+02,2.499813956959712480e-01,-5.443847128490438836e-01,-7.972065147564540155e-02,6.000000000000000000e+00
1.670000000000000000e+02,-6.581765491135164181e-01,-1.519387250594174954e-01,-1.001574687683147620e-02,9.000000000000000000e+00
1.680000000000000000e+02,-6.634954272168246403e-01,-2.024740347661764805e-01,5.613373465584336336e-02,4.000000000000000000e+00
1.690000000000000000e+02,-6.137239064411340594e-01,3.334801501130683216e-02,-8.982025096735241076e-02,1.200000000000000000e+01
1.700000000000000000e+02,3.316947986953320271e-01,-2.921945789402690674e-01,-7.691188688871218593e-02,6.000000000000000000e+00
1.710000000000000000e+02,4.786368507041254827e-01,1.931877457962914157e-01,-2.026826294044146715e-01,2.000000000000000000e+00
1.720000000000000000e+02,-6.729384116873909916e-01,-2.342868579711263055e-01,3.360101968659118254e-02,4.000000000000000000e+00
1.730000000000000000e+02,2.787830822988236479e-01,-4.939946739673627407e-01,-1.117396162771222279e-01,1.200000000000000000e+01
1.740000000000000000e+02,6.594524199887563665e-01,1.169779560332337764e+00,-2.624691830598711584e-01,1.000000000000000000e+00
1.750000000000000000e+02,2.688493048231724858e-01,-5.212832323394831491e-01,-1.259902598540701690e-01,5.000000000000000000e+00
1.760000000000000000e+02,-7.027538774548209854e-01,-2.535320232033686505e-01,-1.174884051329758324e-02,6.000000000000000000e+00
1.770000000000000000e+02,4.227757312069474471e-01,-4.182621426741970350e-01,9.128923792592881226e-01,1.100000000000000000e+01
1.780000000000000000e+02,2.814197949665273035e-01,-4.679628042394958221e-01,-1.526423282916292146e-01,1.200000000000000000e+01
1.790000000000000000e+02,3.286797141220563212e-01,-3.366161591235537487e-01,-8.532826118634027901e-02,4.000000000000000000e+00
1.800000000000000000e+02,5.458054825020595135e-01,7.748141194426222400e-01,-2.819637836088668137e-01,1.000000000000000000e+00
1.810000000000000000e+02,-6.502188325876084862e-01,-7.571639893564779955e-02,-1.052777756384351976e-01,8.000000000000000000e+00
1.820000000000000000e+02,4.001854070839249156e-01,-8.975487375357062148e-02,-1.159733589128489895e-01,1.300000000000000000e+01
1.830000000000000000e+02,3.507752090973820791e-01,-2.311364208149306598e-01,-2.047491857331799892e-01,5.000000000000000000e+00
1.840000000000000000e+02,-4.025559733446936184e-01,7.559964662436184923e-01,-8.494482275495993107e-02,2.000000000000000000e+00
1.850000000000000000e+02,-6.660106908632217326e-01,-2.002734663829943695e-01,-6.140428014344100072e-02,1.200000000000000000e+01
1.860000000000000000e+02,-6.402845493171557267e-01,-9.086348812002895126e-02,-5.420817039756457151e-02,8.000000000000000000e+00
1.870000000000000000e+02,3.740017617137854078e-01,-1.407436687857611946e-01,-1.699836360486841613e-01,1.000000000000000000e+01
1.880000000000000000e+02,4.410340597996861289e-01,8.663627369211256146e-02,-2.688118386960823836e-01,5.000000000000000000e+00
1.890000000000000000e+02,7.212183553927674629e-01,7.102449086394709843e-01,7.485643865742198644e-01,7.000000000000000000e+00
1.900000000000000000e+02,6.188371997468654628e-01,2.414767749279880249e-01,8.734985638444495715e-01,9.000000000000000000e+00
1.910000000000000000e+02,-5.985828315991839066e-01,2.583960704237041675e-02,9.214395595304880268e-03,1.300000000000000000e+01
1.920000000000000000e+02,7.724951273454094824e-01,1.092758698943151696e+00,6.672405533852240334e-01,1.000000000000000000e+00
1.930000000000000000e+02,-5.711008924259973751e-01,1.443581123954530421e-01,-1.056732758141775003e-01,1.000000000000000000e+01
1.940000000000000000e+02,-5.772555199943033566e-01,9.922227538103520206e-02,2.295035669778640926e-03,1.100000000000000000e+01
1.950000000000000000e+02,3.514730156874373845e-01,-2.772317695511236635e-01,-1.163077214307511875e-01,0.000000000000000000e+00
1.960000000000000000e+02,3.718264091395929172e-01,-1.643238467683224013e-01,-1.769025790580603386e-01,9.000000000000000000e+00
1.970000000000000000e+02,-6.716930098064333166e-01,-2.099040626345672900e-01,-8.203890498137145215e-02,8.000000000000000000e+00
1.980000000000000000e+02,3.316736184869506499e-01,-2.911880307723458960e-01,-1.607532077762992007e-01,9.000000000000000000e+00
1.990000000000000000e+02,-6.574602680932232213e-01,-1.630611959818138446e-01,-2.161974040633302119e-02,8.000000000000000000e+00
2.000000000000000000e+02,-5.999705387636216081e-01,4.578329738769103263e-02,4.645393873776725024e-02,1.000000000000000000e+01
2.010000000000000000e+02,-6.696939320092544223e-01,-2.058854703638635375e-01,-2.372300691833064204e-02,9.000000000000000000e+00
2.020000000000000000e+02,-6.248078923590967282e-01,-4.017839669538118830e-02,-8.880100164753389202e-02,8.000000000000000000e+00
2.030000000000000000e+02,2.974087426700268710e-01,-3.917244539092200606e-01,-1.158734677625159054e-01,9.000000000000000000e+00
2.040000000000000000e+02,3.644241658671206197e-01,-1.776637343542575576e-01,-1.693911829848926964e-01,6.000000000000000000e+00
2.050000000000000000e+02,3.856588520945068987e-01,-1.242554178728129538e-01,-1.676876192055915815e-01,3.000000000000000000e+00
2.060000000000000000e+02,-6.693552393692405733e-01,-1.560970677136488405e-01,-9.122568584288612281e-02,8.000000000000000000e+00
2.070000000000000000e+02,2.884695820695267199e-01,-4.368501394515189595e-01,-1.901695227141309563e-01,1.200000000000000000e+01
2.080000000000000000e+02,2.940303217594401608e-01,-3.667357779126637629e-01,-8.195091419476165095e-02,1.100000000000000000e+01
2.090000000000000000e+02,4.882921808278968268e-01,2.303288326837299727e-01,-2.111635170439088161e-01,2.000000000000000000e+00
2.100000000000000000e+02,3.351487007307556998e-01,-2.668105842479342460e-01,-1.951963947878158634e-01,5.000000000000000000e+00
2.110000000000000000e+02,3.277948938473150275e-01,-3.195089180620784841e-01,-1.429693884945724691e-01,2.000000000000000000e+00
2.120000000000000000e+02,4.437351020929970469e-01,-3.219647886232765988e-01,8.807782650275477465e-01,4.000000000000000000e+00
2.130000000000000000e+02,-6.090828848614168178e-01,2.852053780074069456e-02,-9.243477273847250375e-02,1.000000000000000000e+01
2.140000000000000000e+02,4.000369686717058504e-01,-8.565948928056978107e-02,-1.617395979838210096e-01,3.000000000000000000e+00
2.150000000000000000e+02,5.567541141236984625e-01,4.151186732865758816e-02,8.410409628220870681e-01,1.300000000000000000e+01
2.160000000000000000e+02,6.669028681704072259e-01,1.075626729823969896e+00,-3.220727427883728344e-01,1.000000000000000000e+00
2.170000000000000000e+02,-6.249314866992883299e-01,-3.029961120299966629e-02,-2.144071458829872531e-02,6.000000000000000000e+00
2.180000000000000000e+02,-6.835940831687637997e-01,-1.943320917497255995e-01,-1.880129123738807223e-02,6.000000000000000000e+00
2.190000000000000000e+02,-6.639686994837927791e-01,-4.071748287628002005e-02,-4.567774228686324184e-02,8.000000000000000000e+00
2.200000000000000000e+02,-6.718400062354221713e-01,-1.698484394473187553e-01,-4.669687401772928959e-02,3.000000000000000000e+00
2.210000000000000000e+02,-4.365825972943677136e-01,5.648687605943326639e-01,-1.699104377732786955e-02,0.000000000000000000e+00
2.220000000000000000e+02,4.859801213514570173e-01,-1.798100435279122444e-01,8.681040180230326087e-01,1.300000000000000000e+01
2.230000000000000000e+02,3.010884236593605046e-01,-3.850579135007856091e-01,-1.777127472627826055e-01,0.000000000000000000e+00
2.240000000000000000e+02,2.868353699105535837e-01,-3.878315159282325064e-01,-2.293599382757730842e-01,8.000000000000000000e+00
2.250000000000000000e+02,2.810982983051943940e-01,-4.410042328489399699e-01,-1.909165405998380083e-01,8.000000000000000000e+00
2.260000000000000000e+02,6.045657336418649441e-01,9.116904224911324128e-01,-2.821581836383351138e-01,7.000000000000000000e+00
2.270000000000000000e+02,3.151022652212991937e-01,-3.501010663212886231e-01,-1.791892562063061578e-01,1.200000000000000000e+01
2.280000000000000000e+02,3.396838890483039330e-01,-2.723704683875386445e-01,-1.635277429756645529e-01,3.000000000000000000e+00
2.290000000000000000e+02,3.156425837114987809e-01,-6.838086647965274656e-02,-1.630998708543729414e-01,7.000000000000000000e+00
2.300000000000000000e+02,-5.303723551881280862e-01,-6.712157778863986346e-02,9.726937273247783233e-01,6.000000000000000000e+00
2.310000000000000000e+02,-4.824855310738945247e-01,7.604011481306691689e-01,-8.975680087973417209e-02,7.000000000000000000e+00
2.320000000000000000e+02,-5.597685180057214716e-01,1.479318687359527651e-01,1.278048681516604987e-02,1.300000000000000000e+01
2.330000000000000000e+02,3.455780091610576865e-01,-2.447439533800216671e-01,-1.750502709236097243e-01,8.000000000000000000e+00
2.340000000000000000e+02,-6.460864795042282616e-01,-1.281060359138943283e-01,-1.803823744234769183e-02,8.000000000000000000e+00
2.350000000000000000e+02,-6.598458850231626593e-01,-1.649098446169523224e-01,-6.695881232015372941e-02,1.200000000000000000e+01
2.360000000000000000e+02,-6.627312114557413203e-01,-1.824464997305384750e-01,1.752965459637919818e-02,4.000000000000000000e+00
2.370000000000000000e+02,-6.183338651246919060e-01,-2.976393486932556263e-03,-8.740921085847846994e-02,3.000000000000000000e+00
2.380000000000000000e+02,-6.730729658719433184e-01,-1.764749862844136319e-01,2.990153973947447946e-02,0.000000000000000000e+00
2.390000000000000000e+02,5.179113922922229385e-01,6.638008778198557502e-01,-2.335753472290363619e-01,7.000000000000000000e+00
2.400000000000000000e+02,3.493037045550638209e-01,-2.372582056991074384e-01,-1.692843390773929590e-01,1.000000000000000000e+01
2.410000000000000000e+02,-3.788342778817759271e-01,1.130118465626965385e+00,-1.175110313157755326e-01,7.000000000000000000e+00
2.420000000000000000e+02,-5.194416770609594503e-01,2.563507807043451381e-01,3.197428285642854584e-02,0.000000000000000000e+00
2.430000000000000000e+02,4.319251901726824938e-01,6.931797403447367834e-02,-1.571221546747122999e-01,1.300000000000000000e+01
2.440000000000000000e+02,7.691585085899246277e-01,1.147455685471501452e+00,6.794722631681658909e-01,7.000000000000000000e+00
2.450000000000000000e+02,-5.407649236041971452e-01,4.029439565758354824e-01,-3.236839629910868987e-02,7.000000000000000000e+00
2.460000000000000000e+02,-5.439729818439875686e-01,2.205560441570617036e-01,-8.732061527622210495e-02,8.000000000000000000e+00
2.470000000000000000e+02,3.623905087377600198e-01,-2.074737659764913644e-01,-1.041643135200919640e-01,0.000000000000000000e+00
2.480000000000000000e+02,-4.320553042353065809e-01,2.227834037743584572e-01,9.315028499961353070e-01,5.000000000000000000e+00
2.490000000000000000e+02,4.771794374904442804e-01,1.636340192273726957e-01,-1.114816455707985793e-01,1.100000000000000000e+01
2.500000000000000000e+02,-6.273582168404391313e-01,-2.006216946993930050e-02,-5.388874511460218369e-02,5.000000000000000000e+00
2.510000000000000000e+02,6.205820740953712500e-01,9.256497142669349865e-01,-2.676914025114630613e-01,7.000000000000000000e+00
2.520000000000000000e+02,-6.573471617032716763e-01,-1.958842878151599021e-01,4.754131520439260766e-02,1.100000000000000000e+01
2.530000000000000000e+02,-5.906524447897022467e-01,6.579725067459277210e-02,-8.752786704319918953e-02,3.000000000000000000e+00
2.540000000000000000e+02,5.895243275848381925e-01,5.812743808331846118e-01,-2.063334968335303055e-01,1.000000000000000000e+00
2.550000000000000000e+02,3.112690759341653624e-01,-4.060330158764068331e-01,-9.473610794813352998e-02,2.000000000000000000e+00
2.560000000000000000e+02,4.725684368383947787e-01,1.770191426214461627e-01,-1.178392852079901271e-01,0.000000000000000000e+00
2.570000000000000000e+02,4.322890445501433865e-01,6.471832660421039662e-02,-1.089732080608668136e-01,0.000000000000000000e+00
2.580000000000000000e+02,4.995396671800630406e-01,2.506615681859810096e-01,-1.553694018340812388e-01,0.000000000000000000e+00
2.590000000000000000e+02,-6.559506179623202371e-01,1.581047549819923348e-01,-9.163420127833751816e-02,8.000000000000000000e+00
2.600000000000000000e+02,7.043371533617278635e-01,7.060919182381051318e-01,7.640664292542687086e-01,1.000000000000000000e+00
2.610000000000000000e+02,3.727409905307861870e-01,-7.343858318411709829e-02,-1.536801014096631501e-01,1.000000000000000000e+01
2.620000000000000000e+02,-6.118472692508837296e-01,-3.545608151364845056e-02,4.986775554418866607e-02,4.000000000000000000e+00
2.630000000000000000e+02,-5.765434114810740196e-01,1.516793309991341376e-01,-7.836899478529098240e-02,6.000000000000000000e+00
2.640000000000000000e+02,4.312200412147401130e-01,-3.587357921105491232e-01,8.295281609914153531e-01,1.200000000000000000e+01
2.650000000000000000e+02,-5.236244198495192403e-01,-8.482036956724257892e-02,9.357032166710019805e-01,9.000000000000000000e+00
2.660000000000000000e+02,4.185602890136856380e-01,-3.618289720439851753e-02,-1.405937746593635684e-01,5.000000000000000000e+00
2.670000000000000000e+02,2.875805167825452591e-01,-3.522053863230882320e-01,-9.044553865421361971e-02,6.000000000000000000e+00
2.680000000000000000e+02,3.456655284526471972e-01,-2.416355830707350438e-01,-2.006030959110704504e-01,8.000000000000000000e+00
2.690000000000000000e+02,-6.138425004312076938e-01,-3.633512664011084164e-03,-7.584947093170170407e-02,3.000000000000000000e+00
2.700000000000000000e+02,-6.200030694444932378e-01,-2.065511293414108718e-02,-4.598690365977137207e-02,7.000000000000000000e+00
2.710000000000000000e+02,-6.765510599778624679e-01,-2.371811864569751960e-01,-4.449890278028630075e-02,1.200000000000000000e+01
2.720000000000000000e+02,3.537662302343906329e-01,-2.072334721350598263e-01,-2.236420355859941034e-01,5.000000000000000000e+00
2.730000000000000000e+02,-5.434913538240668807e-01,2.433805542565302127e-01,-5.177298237163610595e-02,1.000000000000000000e+01
2.740000000000000000e+02,-5.651690465593222079e-01,1.506801197119670976e-01,-2.664756366120633879e-02,9.000000000000000000e+00
2.750000000000000000e+02,-6.395405981487619629e-01,4.311376860953698535e-03,-1.917856261544811924e-02,4.000000000000000000e+00
2.760000000000000000e+02,3.798147975498237239e-01,-1.793768519221518587e-01,-1.022352333494353366e-01,1.300000000000000000e+01
2.770000000000000000e+02,6.876953699717559543e-01,6.225942396429237080e-01,7.304336693723968432e-01,1.000000000000000000e+00
2.780000000000000000e+02,-5.505746776565514367e-01,2.973371437735848333e-01,-3.744176702974978677e-02,1.000000000000000000e+01
2.790000000000000000e+02,4.728531244891581165e-01,1.668868930154717434e-01,-1.368412497372467618e-01,0.000000000000000000e+00
2.800000000000000000e+02,-5.573141740592625348e-01,1.784160930678494461e-01,-5.687154649771316434e-02,2.000000000000000000e+00
2.810000000000000000e+02,3.744248197704597714e-01,-1.460511617218186176e-01,-2.004507197614189551e-01,9.000000000000000000e+00
2.820000000000000000e+02,3.210996536287983871e-01,-3.458748471099786781e-01,-9.549584143295877792e-02,1.100000000000000000e+01
2.830000000000000000e+02,-5.706886689496517562e-01,1.187125892052303261e-01,-1.219068184408492045e-01,5.000000000000000000e+00
2.840000000000000000e+02,-6.733411629776187013e-01,-2.131111113695137727e-01,-5.195752141452233963e-02,1.200000000000000000e+01
2.850000000000000000e+02,3.049111908418845052e-01,-3.632147670195050027e-01,-2.149587962525035811e-01,8.000000000000000000e+00
2.860000000000000000e+02,-5.526690845735602320e-01,1.892461694270449746e-01,-3.069087657835964725e-02,7.000000000000000000e+00
2.870000000000000000e+02,2.879166711332948880e-01,-4.051461408664066566e-01,-1.866856549181080127e-01,3.000000000000000000e+00
2.880000000000000000e+02,-6.030130106610228635e-01,2.491154048919106551e-02,-7.853296339861692843e-02,8.000000000000000000e+00
2.890000000000000000e+02,-3.023023965573942706e-01,1.376553896286836220e+00,-1.613652476247844358e-01,7.000000000000000000e+00
2.900000000000000000e+02,-6.393069261402977155e-01,-5.327549161124473659e-02,1.602842988634162191e-02,6.000000000000000000e+00
2.910000000000000000e+02,-5.045370025483745247e-01,4.031859398353905832e-01,-5.547626849316426162e-02,1.000000000000000000e+01
2.920000000000000000e+02,-6.378660736472587800e-01,-1.110567054271072440e-01,6.975611522099447494e-03,7.000000000000000000e+00
2.930000000000000000e+02,-6.605885040347175829e-01,-1.191391721770368312e-01,-5.492711274750728540e-02,8.000000000000000000e+00
2.940000000000000000e+02,3.111635246631379026e-01,-3.553898514193946090e-01,-2.089417665315445038e-01,3.000000000000000000e+00
2.950000000000000000e+02,3.191380360583092601e-01,-3.582279442056547913e-01,-1.231097696700905880e-01,1.300000000000000000e+01
2.960000000000000000e+02,-6.595107286883432618e-01,-1.025147963387478545e-01,-1.378534836538120589e-01,8.000000000000000000e+00
2.970000000000000000e+02,3.165387165605223485e-01,-3.996384597742273503e-01,-7.134134571885832055e-02,1.300000000000000000e+01
2.980000000000000000e+02,-5.940409998421121163e-01,4.643950952010279104e-02,-4.727026777851129485e-02,1.000000000000000000e+01
2.990000000000000000e+02,2.816066152861062544e-01,-4.748022230737262150e-01,-1.577164177253284338e-01,2.000000000000000000e+00
3.000000000000000000e+02,6.815029050151353296e-01,1.126157494773320389e+00,-3.045401767993815012e-01,1.000000000000000000e+00
3.010000000000000000e+02,3.907360253205843237e-01,-7.516504146629444938e-02,-1.375702448721039528e-01,9.000000000000000000e+00
3.020000000000000000e+02,3.580035987783363738e-01,-1.468958049025913259e-01,-1.527075521712961681e-01,1.100000000000000000e+01
3.030000000000000000e+02,2.676530794492818499e-01,-4.780348423634769306e-01,-9.440337054940131645e-02,6.000000000000000000e+00
3.040000000000000000e+02,7.096689858516744831e-01,1.368304953837707005e+00,-3.280005507048416313e-01,1.000000000000000000e+00
3.050000000000000000e+02,-6.597166583790601280e-01,-2.623795629437988830e-02,5.822388310812958226e-03,7.000000000000000000e+00
3.060000000000000000e+02,3.207513819354662066e-01,-3.712791651378868352e-01,-8.838801129620740826e-02,2.000000000000000000e+00
3.070000000000000000e+02,-6.344565445706177309e-01,2.033998068689996941e-01,-1.396323673378596641e-01,3.000000000000000000e+00
3.080000000000000000e+02,4.309832127783399525e-01,-3.680437939584626506e-01,8.525557160361912912e-01,2.000000000000000000e+00
3.090000000000000000e+02,3.589380711853998873e-01,-2.045929601774915951e-01,-1.629182010096646149e-01,1.000000000000000000e+01
3.100000000000000000e+02,3.034362152598716333e-01,-3.627269546826089597e-01,-2.241740911798494051e-01,8.000000000000000000e+00
3.110000000000000000e+02,-5.697512837867696467e-01,1.173294002824367965e-01,-3.503009065784079556e-02,8.000000000000000000e+00
3.120000000000000000e+02,-5.273680401414121421e-01,3.185151577743171036e-01,-1.070210827423255656e-01,1.000000000000000000e+01
3.130000000000000000e+02,3.426404486573672026e-01,-2.803303931658731596e-01,-1.481218988889443089e-01,2.000000000000000000e+00
3.140000000000000000e+02,3.888447460795053656e-01,-1.529406472524900418e-01,-6.032971549239910664e-02,1.300000000000000000e+01
3.150000000000000000e+02,-6.126216919171728614e-01,1.030432376239722933e-02,-3.561486409963131317e-02,0.000000000000000000e+00
3.160000000000000000e+02,-3.802428465785165357e-01,3.703744891959012131e-01,8.861055254814423909e-01,5.000000000000000000e+00
3.170000000000000000e+02,-5.181588879801295455e-01,2.931736029737447846e-01,-3.556027803498182371e-02,1.000000000000000000e+01
3.180000000000000000e+02,-5.963492575198510171e-01,8.518370424591745205e-02,-3.907739402938224804e-03,4.000000000000000000e+00
3.190000000000000000e+02,-6.511642961075470026e-01,-1.170292719129732151e-01,-1.104923077805132908e-01,8.000000000000000000e+00
3.200000000000000000e+02,5.625566608291029391e-01,6.764081543270848984e-01,-3.101113056632696652e-01,1.000000000000000000e+00
3.210000000000000000e+02,-6.833519374026080229e-01,-2.534677441711192247e-01,2.287714171870647642e-02,4.000000000000000000e+00
3.220000000000000000e+02,-5.358884126667797787e-01,-1.508744209838958905e-01,9.299396299317165271e-01,1.200000000000000000e+01
3.230000000000000000e+02,3.288147352103533150e-01,-2.420521250877359642e-01,-1.676033923121540425e-01,1.100000000000000000e+01
3.240000000000000000e+02,-7.029327448591938809e-01,-3.253127274466662278e-01,2.699543153417666153e-02,4.000000000000000000e+00
3.250000000000000000e+02,3.532660713283967691e-01,-2.217517061062496408e-01,-1.287341313025056333e-01,9.000000000000000000e+00
3.260000000000000000e+02,2.861157746007058078e-01,-3.987814905267364485e-01,-2.061304545177592984e-01,5.000000000000000000e+00
3.270000000000000000e+02,-5.765434114810740196e-01,1.516793309991341376e-01,-7.836899478529098240e-02,1.000000000000000000e+01
3.280000000000000000e+02,5.901965273338992679e-01,1.646140240929907517e-01,8.939441816259978690e-01,0.000000000000000000e+00
3.290000000000000000e+02,4.083173688765446840e-01,-9.485574463684139090e-02,-6.606529338453767664e-02,1.300000000000000000e+01
3.300000000000000000e+02,-5.740220794073123134e-01,4.016876840831649087e-01,-2.846564852781736238e-02,4.000000000000000000e+00
3.310000000000000000e+02,3.986056202928602299e-01,-1.037351716390669809e-01,-7.518051677019781109e-02,0.000000000000000000e+00
3.320000000000000000e+02,-5.101846520531895246e-01,3.485701945980371197e-01,-7.015809422165489653e-03,1.300000000000000000e+01
3.330000000000000000e+02,-6.840351887127836816e-01,-2.647976019435989703e-01,4.575302359840988098e-02,4.000000000000000000e+00
3.340000000000000000e+02,5.418931343829568315e-01,3.905825683138265392e-01,-1.339748365547775155e-01,0.000000000000000000e+00
3.350000000000000000e+02,3.282704264037135111e-01,-3.120231178338339628e-01,-1.544358516164609230e-01,3.000000000000000000e+00
3.360000000000000000e+02,4.929971605506506260e-01,2.063757184811187417e-01,-1.224961135806644785e-01,1.300000000000000000e+01
3.370000000000000000e+02,4.008629756014235324e-01,-2.761597893518095634e-02,-2.024802563244916531e-01,5.000000000000000000e+00
3.380000000000000000e+02,-5.328248028724182905e-01,2.635955619115299964e-01,-6.262681190118765673e-02,1.000000000000000000e+01
3.390000000000000000e+02,-4.249158347218280896e-01,6.467582681041870174e-01,-1.019037500389855938e-01,1.300000000000000000e+01
3.400000000000000000e+02,4.241557009541965240e-01,2.662409449445085965e-02,-2.260410499941736262e-01,1.000000000000000000e+01
3.410000000000000000e+02,-7.078775164989135060e-01,-3.068063894008340453e-01,5.160029280648070066e-02,6.000000000000000000e+00
3.420000000000000000e+02,5.267570944236036334e-01,3.703673057584863648e-01,-2.398047347219367798e-01,5.000000000000000000e+00
3.430000000000000000e+02,2.665026544089437732e-01,-5.255159414002043006e-01,-1.157722658355996859e-01,1.200000000000000000e+01
3.440000000000000000e+02,-5.971281780940369543e-01,3.447262819202874529e-02,-3.098509442628136559e-02,1.000000000000000000e+01
3.450000000000000000e+02,3.676829454985759971e-01,-1.466608265074376694e-01,-2.033028187695767319e-01,1.000000000000000000e+01
3.460000000000000000e+02,-5.629419650070015546e-01,4.762960953700637323e-01,-6.099031243827451876e-02,7.000000000000000000e+00
3.470000000000000000e+02,6.741487351792723182e-01,8.916366337834038536e-01,-2.826001286440426585e-01,1.000000000000000000e+00
3.480000000000000000e+02,-6.901402638739484452e-01,-2.850717618771356210e-01,-2.890438541131017981e-03,4.000000000000000000e+00
3.490000000000000000e+02,4.761235900362016937e-01,1.845235636040488125e-01,-2.364879821546647110e-01,5.000000000000000000e+00
3.500000000000000000e+02,5.201564322826400799e-01,3.428892687619314317e-01,-1.441297781636264042e-01,6.000000000000000000e+00
3.510000000000000000e+02,-5.852881221451822213e-01,1.087028488983153296e-01,-1.168239411519753357e-01,5.000000000000000000e+00
3.520000000000000000e+02,-6.509439203520887007e-01,2.029208339116815307e-01,-1.467545329845170443e-01,8.000000000000000000e+00
3.530000000000000000e+02,3.183878020599364422e-01,-3.580822377619427566e-01,-1.274811203857986741e-01,2.000000000000000000e+00
3.540000000000000000e+02,3.882879260451357895e-01,-1.177894100414097894e-01,-1.659098334191047575e-01,2.000000000000000000e+00
3.550000000000000000e+02,3.680266526834044538e-01,-2.271612377618828504e-01,-9.412516788296156067e-02,1.300000000000000000e+01
3.560000000000000000e+02,3.960820172793161342e-01,-1.158826606908138074e-01,-7.703221100203196114e-02,1.300000000000000000e+01
3.570000000000000000e+02,-6.691119773366054346e-01,-1.540530239523385525e-01,-1.127823364762769454e-01,8.000000000000000000e+00
3.580000000000000000e+02,4.019527438163683075e-01,-9.330398799008306210e-02,-7.912135112532128756e-02,0.000000000000000000e+00
3.590000000000000000e+02,-6.302508626115481682e-01,-6.807830358320447750e-02,-5.399261887240722896e-02,9.000000000000000000e+00
3.600000000000000000e+02,-6.085605856986963103e-01,1.456832240587965233e-01,-5.465303189455889693e-02,7.000000000000000000e+00
3.610000000000000000e+02,4.055758813181404299e-01,-4.107908170078421461e-01,8.913808330434951355e-01,4.000000000000000000e+00
3.620000000000000000e+02,2.721193271420922488e-01,-5.225648346173986658e-01,-8.556935363978007691e-02,4.000000000000000000e+00
3.630000000000000000e+02,2.616068276598094711e-01,-5.193688674124088411e-01,-1.052168686101410677e-01,4.000000000000000000e+00
3.640000000000000000e+02,-7.067604168264541853e-01,-2.615085789648123882e-01,2.237256661155075099e-02,4.000000000000000000e+00
3.650000000000000000e+02,2.882449662041358107e-01,-4.154778169652781905e-01,-2.131095136022053416e-01,8.000000000000000000e+00
3.660000000000000000e+02,3.646347075981439256e-01,-1.430226449097111996e-01,-1.549935364485748313e-01,9.000000000000000000e+00
3.670000000000000000e+02,6.105502592894360703e-01,2.727887462914527772e-01,8.041583200388978669e-01,1.000000000000000000e+01
3.680000000000000000e+02,-2.030266411964083695e-01,1.315625725239634392e+00,7.972792477882368889e-01,7.000000000000000000e+00
3.690000000000000000e+02,2.675074823425086512e-01,-4.907426895180416748e-01,-1.267619104022394694e-01,4.000000000000000000e+00
3.700000000000000000e+02,2.963976502509590993e-01,-4.074514501809276545e-01,-1.119401349129439116e-01,2.000000000000000000e+00
3.710000000000000000e+02,-6.248894900754820014e-01,-8.982876654652087456e-02,4.382225833039266744e-02,1.100000000000000000e+01
3.720000000000000000e+02,-6.570844692676861554e-01,-1.148025062204311719e-01,-6.485682762404512691e-02,3.000000000000000000e+00
3.730000000000000000e+02,3.264029788505026231e-01,-2.951851375881303641e-01,-2.047319591847948650e-01,1.200000000000000000e+01
3.740000000000000000e+02,3.438253279099996451e-01,-2.362700845691844687e-01,-1.011231518960369752e-01,1.100000000000000000e+01
3.750000000000000000e+02,3.045942144668323248e-01,-3.443042993828197007e-01,-7.631418471378879909e-02,1.100000000000000000e+01
3.760000000000000000e+02,-6.394503709022378857e-01,-9.223290349513105224e-02,-3.740301777232181435e-02,4.000000000000000000e+00
3.770000000000000000e+02,-1.968266534936417567e-01,1.326994318785666538e+00,7.974460372218818982e-01,1.000000000000000000e+00
3.780000000000000000e+02,2.983548554201144731e-01,-4.348161305196367454e-01,-1.019077680509812150e-01,9.000000000000000000e+00
3.790000000000000000e+02,4.670376223032842167e-01,1.447843582672616591e-01,-2.147314550360015506e-01,5.000000000000000000e+00
3.800000000000000000e+02,-6.479908833629913767e-01,-1.679061547716346192e-01,6.320095375033818463e-02,1.100000000000000000e+01
3.810000000000000000e+02,-2.750079085156331704e-01,1.500935443696157057e+00,-2.227290786007878609e-01,1.000000000000000000e+00
3.820000000000000000e+02,-6.817310428781394593e-01,-1.695403276039743612e-01,-1.112126653083422706e-01,8.000000000000000000e+00
3.830000000000000000e+02,-6.120796258316617555e-01,2.976042741180918716e-01,-8.153525109772517820e-02,7.000000000000000000e+00
3.840000000000000000e+02,4.948299737896023620e-01,5.428978225191168905e-01,-1.643556744216425614e-01,1.000000000000000000e+00
3.850000000000000000e+02,3.370536574507840277e-01,-3.111802635599090205e-01,-8.271310878982816861e-02,9.000000000000000000e+00
3.860000000000000000e+02,2.868706267492792117e-01,-4.482880823498999745e-01,-1.822990050703210130e-01,1.200000000000000000e+01
3.870000000000000000e+02,-2.228658555970280675e-01,1.115676765312756835e+00,8.600739773063711402e-01,7.000000000000000000e+00
3.880000000000000000e+02,3.867214645882400825e-01,-1.481088291414274782e-01,-1.184162841706321717e-01,0.000000000000000000e+00
3.890000000000000000e+02,2.936572002572671591e-01,-2.520547315967872626e-01,-1.921026132485401661e-01,6.000000000000000000e+00
3.900000000000000000e+02,3.227197763020784871e-01,-3.185369209996918860e-01,-1.182359213469041243e-01,1.100000000000000000e+01
3.910000000000000000e+02,2.568834208278282238e-01,-6.028129591795423625e-01,-5.746352129427644007e-02,2.000000000000000000e+00
3.920000000000000000e+02,-6.240014723984625977e-01,-5.313984352222576868e-02,-3.071612652530111148e-02,1.100000000000000000e+01
3.930000000000000000e+02,-5.745356012068205676e-01,1.246351629346346551e-01,-5.524366325854692533e-02,0.000000000000000000e+00
3.940000000000000000e+02,-6.543612815240220648e-01,-1.010284091375725363e-01,-1.124343790225139778e-01,8.000000000000000000e+00
3.950000000000000000e+02,4.488733779184776451e-01,2.248757239081025372e-01,-1.520739212537644824e-01,0.000000000000000000e+00
3.960000000000000000e+02,-2.503911449148528701e-01,1.580953802607929060e+00,-2.102672093522134633e-01,1.000000000000000000e+00
3.970000000000000000e+02,-7.050019227514879860e-01,-2.999234501663610164e-01,3.614835011606169074e-02,6.000000000000000000e+00
3.980000000000000000e+02,-1.283277859900114615e-01,1.597946642118317717e+00,7.515169033380347807e-01,1.000000000000000000e+00
3.990000000000000000e+02,3.343872004854895330e-01,-2.818333031844706960e-01,-2.089909262585559480e-01,3.000000000000000000e+00
4.000000000000000000e+02,4.633696315826518197e-01,-2.420259974500204858e-01,8.211262034315428560e-01,3.000000000000000000e+00
4.010000000000000000e+02,5.445247833122535130e-01,4.264955105597328933e-01,-2.215738432382815815e-01,1.300000000000000000e+01
4.020000000000000000e+02,3.531327375183746509e-01,-1.409919102060450125e-01,-1.445992869537943704e-01,1.100000000000000000e+01
4.030000000000000000e+02,-5.423678128474783700e-01,2.331183118662601972e-01,-5.415122952749695795e-02,1.000000000000000000e+01
4.040000000000000000e+02,2.942164972755577090e-01,-4.132571350005352362e-01,-1.466044100001576977e-01,9.000000000000000000e+00
4.050000000000000000e+02,6.755613556331901970e-01,9.742002665504007064e-01,-2.829274301959253113e-01,1.000000000000000000e+00
4.060000000000000000e+02,3.789105767885858622e-01,-9.036914294883684196e-02,-2.104631301521533160e-01,1.000000000000000000e+01
4.070000000000000000e+02,3.927547222350825651e-01,2.062981194939867147e-01,-1.688828561282803287e-01,7.000000000000000000e+00
4.080000000000000000e+02,-6.579338044950772124e-01,-1.427150137308681177e-01,-8.207490093321344327e-02,1.200000000000000000e+01
4.090000000000000000e+02,2.737283009947156787e-01,-5.363803652834249203e-01,-6.488985568096128365e-02,2.000000000000000000e+00
4.100000000000000000e+02,-5.316584465368715540e-01,2.215984665589447455e-01,4.647770695614775183e-02,1.300000000000000000e+01
4.110000000000000000e+02,-6.596704670639579327e-01,-8.522559390933359680e-02,-1.234755810665306153e-01,8.000000000000000000e+00
4.120000000000000000e+02,3.374113982886329244e-01,-2.349538330634801941e-01,-9.248872234503953405e-02,6.000000000000000000e+00
4.130000000000000000e+02,4.111094537795741410e-01,2.570221049520245438e-01,-2.400201496039804372e-01,7.000000000000000000e+00
4.140000000000000000e+02,4.926798654064627470e-01,1.934767538697988176e-01,-8.425217291491106375e-02,0.000000000000000000e+00
4.150000000000000000e+02,2.826040844706196320e-01,-4.161724642756797210e-01,-2.181917438093390338e-01,1.200000000000000000e+01
4.160000000000000000e+02,-5.710320267943173045e-01,1.112588927441926778e-01,-1.956170330511925945e-02,1.300000000000000000e+01
4.170000000000000000e+02,4.234970869526968329e-01,-1.699764594588518835e-02,-9.644228327064194306e-02,1.300000000000000000e+01
4.180000000000000000e+02,-5.504800345609726087e-01,1.915634567551924572e-01,-2.151338440750628217e-02,1.000000000000000000e+01
4.190000000000000000e+02,-6.307323158111899364e-01,-5.949633219532365208e-02,-5.169993006513746471e-03,1.100000000000000000e+01
4.200000000000000000e+02,-6.217525974669161348e-01,-3.274745819438313471e-02,-2.369209749173538035e-02,4.000000000000000000e+00
4.210000000000000000e+02,-6.972565221642664790e-01,-3.378680861042527850e-01,4.994650937499328647e-02,2.000000000000000000e+00
4.220000000000000000e+02,3.158406514427320455e-01,-3.105600091473655344e-01,-1.500774644574840999e-01,1.100000000000000000e+01
4.230000000000000000e+02,-7.194298674365179336e-01,-3.537245064725213495e-01,3.603441277059485359e-02,6.000000000000000000e+00
4.240000000000000000e+02,-7.080889916709877108e-01,-3.310448586610280075e-01,-2.739883676525160794e-03,8.000000000000000000e+00
4.250000000000000000e+02,5.211233376057076150e-01,-6.232846151273770813e-02,8.271813592568523221e-01,2.000000000000000000e+00
4.260000000000000000e+02,3.309603301250005347e-01,-2.984660948670860292e-01,-1.864838406804976978e-01,1.200000000000000000e+01
4.270000000000000000e+02,6.101807115429491724e-01,6.503452177876939411e-01,-1.817067967637679138e-01,0.000000000000000000e+00
4.280000000000000000e+02,-4.942346216363285305e-01,-3.573023431160564541e-03,1.001166745671918212e+00,1.300000000000000000e+01
4.290000000000000000e+02,-3.626844539077103691e-01,1.177769637036034656e+00,-1.743687750900181355e-01,1.000000000000000000e+00
4.300000000000000000e+02,2.942627602908550188e-01,-3.745341347732293880e-01,-2.142770572763937065e-01,8.000000000000000000e+00
4.310000000000000000e+02,-6.873085136130744344e-01,-2.902332655890307866e-01,3.229376425795915662e-02,4.000000000000000000e+00
4.320000000000000000e+02,5.142819234947628715e-01,-5.060061631628521434e-02,7.916845592638021012e-01,6.000000000000000000e+00
4.330000000000000000e+02,3.005145561997892290e-01,-4.361036119786289578e-01,-7.560234308435574702e-02,2.000000000000000000e+00
4.340000000000000000e+02,-6.552386197841485460e-01,1.748406537856559695e-01,-4.234296789283324008e-02,7.000000000000000000e+00
4.350000000000000000e+02,-6.665435332644962241e-01,-1.637303349636731187e-01,-3.356689571218443580e-02,3.000000000000000000e+00
4.360000000000000000e+02,2.699105360775072016e-01,-5.408983273741906350e-01,-4.688925975334504864e-02,1.100000000000000000e+01
4.370000000000000000e+02,3.638265992290385387e-01,-2.011868900063625287e-01,-9.450254299450931705e-02,3.000000000000000000e+00
4.380000000000000000e+02,3.986963217975121321e-01,-8.827167019650702939e-02,-9.058573666582762918e-02,5.000000000000000000e+00
4.390000000000000000e+02,-7.041037094641861005e-01,-3.467882369371715900e-01,4.996046087057404855e-02,8.000000000000000000e+00
4.400000000000000000e+02,-6.526329554208974981e-01,-1.320742086751766076e-01,-6.923303252919693618e-02,1.200000000000000000e+01
4.410000000000000000e+02,2.825700169955486785e-01,-4.988373653397982221e-01,-9.211071611130461356e-02,2.000000000000000000e+00
4.420000000000000000e+02,3.260825616898895274e-01,-3.531377977955187375e-01,-7.131061910194298747e-02,2.000000000000000000e+00
4.430000000000000000e+02,-6.527768953210366654e-01,-1.316745205005234731e-01,-7.235513145563600423e-02,1.200000000000000000e+01
4.440000000000000000e+02,6.522484095682631322e-01,1.113758876887997351e+00,-3.341932803572534305e-01,1.000000000000000000e+00
4.450000000000000000e+02,-6.747526649631155893e-01,-2.521622988160933665e-01,5.941894243152417987e-02,4.000000000000000000e+00
4.460000000000000000e+02,3.288142080462579941e-01,-3.157708416247599903e-01,-1.712539342630950145e-01,2.000000000000000000e+00
4.470000000000000000e+02,3.108847772967165968e-01,-3.708020435719626695e-01,-1.856510530648315671e-01,5.000000000000000000e+00
4.480000000000000000e+02,3.444756358903939275e-01,-2.246683366391052650e-01,-1.633758779559658370e-01,5.000000000000000000e+00
4.490000000000000000e+02,4.837077394747514858e-01,-1.786608269978897656e-01,8.183310978632447608e-01,5.000000000000000000e+00
4.500000000000000000e+02,-6.543031062457147495e-01,-1.254130222975927411e-01,-3.552313781052350572e-02,6.000000000000000000e+00
4.510000000000000000e+02,3.314924618688487312e-01,-3.032437688399534648e-01,-1.798135957895379555e-01,5.000000000000000000e+00
4.520000000000000000e+02,-6.879450228324051064e-01,-2.301902197909924952e-01,-9.428206355326066920e-03,3.000000000000000000e+00
4.530000000000000000e+02,-6.692852815681638035e-01,-2.164432909532234550e-01,-4.204542828537114613e-02,2.000000000000000000e+00
4.540000000000000000e+02,-7.156489054851766785e-01,-3.074620223445794776e-01,4.798152346722950323e-02,6.000000000000000000e+00
4.550000000000000000e+02,-6.541379487424243688e-01,-1.307839785428164814e-01,-9.416845184411792857e-02,8.000000000000000000e+00
4.560000000000000000e+02,4.597046673844806253e-01,-2.912829672939977743e-01,9.071412167243300129e-01,1.300000000000000000e+01
4.570000000000000000e+02,2.802071274115788269e-01,-4.710343755821332912e-01,-1.684402265395265608e-01,1.200000000000000000e+01
4.580000000000000000e+02,-6.420543291831882771e-01,-8.118370554843606923e-02,-3.482656675463843051e-03,4.000000000000000000e+00
4.590000000000000000e+02,-6.545534931038545778e-01,1.488285031704005001e-01,-4.672436680135338971e-02,4.000000000000000000e+00
4.600000000000000000e+02,3.451802543322977090e-01,-2.434219675177438924e-01,-1.561772019856962623e-01,3.000000000000000000e+00
4.610000000000000000e+02,2.527032578462017898e-01,-5.673228482388110727e-01,-8.650083049206834518e-02,6.000000000000000000e+00
4.620000000000000000e+02,2.509635087110462237e-01,-5.223801001512577979e-01,-1.083786673974791032e-01,4.000000000000000000e+00
4.630000000000000000e+02,3.496897315937675388e-01,-2.729081112422727107e-01,-6.822547974729728515e-02,9.000000000000000000e+00
4.640000000000000000e+02,5.109275715877548141e-01,2.908692162552934946e-01,-1.453186068875185200e-01,1.000000000000000000e+01
4.650000000000000000e+02,3.825302844644621891e-01,-1.224992397948727885e-01,-1.918251480189687996e-01,5.000000000000000000e+00
4.660000000000000000e+02,3.150802023065957802e-01,-3.782830124486976642e-01,-1.121040984674219754e-01,3.000000000000000000e+00
4.670000000000000000e+02,-6.498876208838093582e-01,-1.336166022606459503e-01,-4.305093412716613777e-02,3.000000000000000000e+00
4.680000000000000000e+02,2.801553380463583376e-01,-5.016375723559668431e-01,-1.154670064001652174e-01,9.000000000000000000e+00
4.690000000000000000e+02,-6.652178280168065116e-01,1.052332092811187614e-01,-4.470233558005782398e-02,3.000000000000000000e+00
4.700000000000000000e+02,-6.827120476098211821e-01,-1.856620273633579343e-01,1.066365316508353228e-02,3.000000000000000000e+00
4.710000000000000000e+02,-6.636040437539052483e-01,-1.816003586523918523e-01,2.411840654464969796e-03,1.100000000000000000e+01
4.720000000000000000e+02,-6.175537596274520702e-01,-2.794412337628263826e-02,1.637858893565708948e-02,4.000000000000000000e+00
4.730000000000000000e+02,3.261038429945384287e-01,-3.178999066917125860e-01,-1.713699519342445354e-01,3.000000000000000000e+00
4.740000000000000000e+02,-6.058475507266830595e-01,4.169316865512719128e-02,3.278452814885739197e-02,6.000000000000000000e+00
4.750000000000000000e+02,-5.571750583542105506e-01,2.110396716776690995e-01,-8.138275718975984674e-02,6.000000000000000000e+00
4.760000000000000000e+02,5.236858239919771618e-01,3.639817244786011097e-01,-2.403160723706870006e-01,2.000000000000000000e+00
4.770000000000000000e+02,4.688340224480829210e-01,-2.318751752594916671e-01,8.237221838776471738e-01,3.000000000000000000e+00
4.780000000000000000e+02,-6.786098448211654866e-01,-1.667157722907095518e-01,-3.514113667992706247e-02,4.000000000000000000e+00
4.790000000000000000e+02,3.586960384949169356e-01,-2.313460742698709438e-01,-9.011946513311473728e-02,4.000000000000000000e+00
4.800000000000000000e+02,3.169414154639041414e-01,-1.633751792549235915e-02,-1.446464129064086723e-01,3.000000000000000000e+00
4.810000000000000000e+02,2.917772320665659169e-01,-4.287377845436879387e-01,-1.019896358180391455e-01,4.000000000000000000e+00
4.820000000000000000e+02,3.781358805223455355e-01,-1.371763200622321544e-01,-2.128596051027599745e-01,5.000000000000000000e+00
4.830000000000000000e+02,2.958399596467746195e-01,-4.535787435583974458e-01,-6.439799907818272162e-02,1.100000000000000000e+01
4.840000000000000000e+02,-6.539118546347613137e-01,-1.441995954896811150e-01,-5.319478400110867755e-02,1.200000000000000000e+01
4.850000000000000000e+02,-5.860912343093891419e-01,6.665601210718324898e-02,-2.931523554017241573e-02,1.000000000000000000e+01
4.860000000000000000e+02,3.385126686566297671e-01,-2.694294710890041689e-01,-1.710368385887842124e-01,1.000000000000000000e+01
4.870000000000000000e+02,-3.435893540187586193e-01,1.238654245692642153e+00,-1.679771782186816331e-01,1.000000000000000000e+00
4.880000000000000000e+02,-6.426884051694078392e-01,1.046650004326081657e-01,-4.454999096707665945e-02,7.000000000000000000e+00
4.890000000000000000e+02,3.774549277640337763e-01,-1.525171423777742785e-01,-1.209586550922095299e-01,1.100000000000000000e+01
4.900000000000000000e+02,3.038431915165919484e-01,-4.106259721922209671e-01,-1.272823872050073135e-01,3.000000000000000000e+00
4.910000000000000000e+02,3.092121377340334432e-01,-3.760065322320297887e-01,-2.182494444051953919e-01,1.200000000000000000e+01
4.920000000000000000e+02,6.281776227720685668e-01,1.067680087845608972e+00,-3.359217776039056802e-01,1.000000000000000000e+00
4.930000000000000000e+02,-6.155980312326956305e-01,-2.882158176796553381e-02,1.875783714374553574e-02,4.000000000000000000e+00
4.940000000000000000e+02,3.894813877539217151e-01,-8.718179236016858347e-02,-2.161883525510779613e-01,1.000000000000000000e+01
4.950000000000000000e+02,4.289900006261570531e-01,2.456462239452955262e-02,-1.970977879742375483e-01,5.000000000000000000e+00
4.960000000000000000e+02,4.173866324280344764e-01,6.884429270493276284e-03,-1.991018052878632261e-01,1.000000000000000000e+01
4.970000000000000000e+02,-6.712361413921010822e-01,-1.692487539356500592e-01,-4.017392564077769401e-02,8.000000000000000000e+00
4.980000000000000000e+02,-5.953095273188804271e-01,3.316934754603833441e-02,-1.731577127919559783e-02,1.000000000000000000e+01
4.990000000000000000e+02,-6.488088538089396007e-01,-8.581504015948254738e-02,4.856348534197667960e-02,4.000000000000000000e+00
5.000000000000000000e+02,2.845576826175519325e-01,-5.009660208458164288e-01,-1.073975796942302635e-01,2.000000000000000000e+00
5.010000000000000000e+02,2.970960502562896011e-01,-3.599356125190200095e-01,-1.944873173932677446e-01,5.000000000000000000e+00
5.020000000000000000e+02,-6.909292898675112315e-01,-2.528769371206992522e-01,-4.531069925850739200e-02,1.200000000000000000e+01
5.030000000000000000e+02,3.337747217946576139e-01,-1.377130991254585379e-01,-2.585611625135155744e-01,8.000000000000000000e+00
5.040000000000000000e+02,-3.329185449929514262e-01,1.243617996370347312e+00,-1.819061138313901038e-01,7.000000000000000000e+00
5.050000000000000000e+02,4.863862435854586219e-01,-1.817326157674491183e-01,8.651957679937186674e-01,1.300000000000000000e+01
5.060000000000000000e+02,-3.311486105782603384e-01,9.690240477857006152e-01,-1.390637296627730835e-01,1.000000000000000000e+00
5.070000000000000000e+02,2.977403642283155127e-01,-4.332162748018449361e-01,-7.987090085038332787e-02,4.000000000000000000e+00
5.080000000000000000e+02,-6.291784842709968739e-01,2.471205416706525881e-01,1.379181721529122630e-03,7.000000000000000000e+00
5.090000000000000000e+02,4.462934464245268962e-01,3.978850766242722492e-02,-1.138073078663534715e-01,1.300000000000000000e+01
5.100000000000000000e+02,-5.247767489975764255e-01,-1.210778137481074712e-01,9.817344180977837231e-01,1.300000000000000000e+01
5.110000000000000000e+02,5.068306397935934404e-01,-1.006159203974923977e-01,8.251887383626757000e-01,3.000000000000000000e+00
5.120000000000000000e+02,5.159345344967548597e-01,3.334009410538855134e-01,-2.450900728764641712e-01,5.000000000000000000e+00
5.130000000000000000e+02,-6.508703762648484492e-01,-1.484501784253237089e-01,-3.857353117323630842e-03,9.000000000000000000e+00
5.140000000000000000e+02,4.142994804846475976e-01,-2.366174012054441181e-02,-1.520457816463522405e-01,9.000000000000000000e+00
5.150000000000000000e+02,4.525376808388476557e-01,1.023113755720393842e-01,-2.340530723208548158e-01,5.000000000000000000e+00
5.160000000000000000e+02,-4.768369996804204813e-01,4.192372390065995380e-01,-2.728039326274598123e-02,0.000000000000000000e+00
5.170000000000000000e+02,3.938505252648302202e-01,-9.067531875228133920e-02,-1.948177394064685708e-01,2.000000000000000000e+00
5.180000000000000000e+02,-4.538555341229700835e-01,5.232700157822527398e-01,3.818383264836775620e-02,0.000000000000000000e+00
5.190000000000000000e+02,-5.358588177508277761e-01,-1.178195218338418671e-01,1.009792462790744638e+00,4.000000000000000000e+00
5.200000000000000000e+02,5.266010370657655537e-01,-6.643509138551129470e-03,7.505317665864522647e-01,3.000000000000000000e+00
5.210000000000000000e+02,-5.307302072532220638e-01,2.639774314737558525e-01,-6.764823803718306161e-02,1.000000000000000000e+01
5.220000000000000000e+02,4.911055122163419107e-01,2.483652959553599437e-01,-1.781412514413761305e-01,0.000000000000000000e+00
5.230000000000000000e+02,4.669570513493440655e-01,1.782589299047814546e-01,-1.930994506596483140e-01,2.000000000000000000e+00
5.240000000000000000e+02,3.530641008886157284e-01,-2.249758944023624585e-01,-1.798982099594195749e-01,2.000000000000000000e+00
5.250000000000000000e+02,-6.457211409037170169e-01,-5.576633746321192631e-02,-5.323084243285929051e-02,6.000000000000000000e+00
5.260000000000000000e+02,2.607459702585549488e-01,-5.546111157781399292e-01,-8.515343998957147775e-02,4.000000000000000000e+00
5.270000000000000000e+02,3.527112635782650996e-01,-2.322100024390607309e-01,-1.028511807193523420e-01,0.000000000000000000e+00
5.280000000000000000e+02,-6.448860448496273046e-01,-1.044884806292973034e-01,-2.539954304597941137e-02,5.000000000000000000e+00
5.290000000000000000e+02,-2.740451682922144250e-01,1.480713286746603963e+00,-2.311718959449561017e-01,1.000000000000000000e+00
5.300000000000000000e+02,3.054138717359649591e-01,-3.871237977846295752e-01,-1.861086615196277105e-01,1.200000000000000000e+01
5.310000000000000000e+02,5.186632349438863310e-01,3.057113746727426751e-01,-2.014805391353803321e-01,1.300000000000000000e+01
5.320000000000000000e+02,5.386474963860055087e-01,3.922321031778929767e-01,-1.259535982343499561e-01,0.000000000000000000e+00
5.330000000000000000e+02,4.067615180072600145e-01,-9.668361138918574182e-02,-6.905007172071328525e-02,1.300000000000000000e+01
5.340000000000000000e+02,5.493352612315873795e-01,6.062050110237855033e-02,7.843616422790367082e-01,9.000000000000000000e+00
5.350000000000000000e+02,6.894077421211155521e-01,1.279912782379600822e+00,-3.276891210857610370e-01,1.000000000000000000e+00
5.360000000000000000e+02,-6.495256795654715809e-01,-1.260211867196529834e-01,-9.409220840968536559e-02,8.000000000000000000e+00
5.370000000000000000e+02,2.664372673295337668e-01,-5.341758613388030152e-01,-6.985433646051796008e-02,7.000000000000000000e+00
5.380000000000000000e+02,-6.727308188449641069e-01,-1.221385495386069081e-01,-7.245230304760813533e-02,1.200000000000000000e+01
5.390000000000000000e+02,2.761404719093124571e-01,-5.251891938001348459e-01,-1.010510295965654504e-01,6.000000000000000000e+00
5.400000000000000000e+02,-6.783478259600225213e-01,-2.586665026963658187e-01,2.309024829862153794e-02,9.000000000000000000e+00
5.410000000000000000e+02,-6.446673283590227399e-01,-1.429996231949471897e-01,3.142973064767824037e-02,4.000000000000000000e+00
5.420000000000000000e+02,-6.360620885974933580e-01,-1.192846655593007704e-01,2.838907340319354530e-02,9.000000000000000000e+00
5.430000000000000000e+02,3.242889978595545064e-01,-3.102782336941565244e-01,-1.804701292050274186e-01,8.000000000000000000e+00
5.440000000000000000e+02,2.914611585362358870e-01,-4.627224457460716867e-01,-1.548026266739178924e-01,1.200000000000000000e+01
5.450000000000000000e+02,-7.269714097976494038e-01,-3.856853175434856729e-01,2.820535524812486233e-02,6.000000000000000000e+00
5.460000000000000000e+02,4.380442799155555011e-01,-3.137016788997653571e-01,7.943096398595848040e-01,1.200000000000000000e+01
5.470000000000000000e+02,3.038054740587214364e-01,-4.081020944657447469e-01,-1.265992797455567365e-01,4.000000000000000000e+00
5.480000000000000000e+02,2.945524971264861236e-01,-4.346311092456969782e-01,-1.540902270413175290e-01,1.200000000000000000e+01
5.490000000000000000e+02,5.587533683524469330e-01,4.635304881157677470e-01,-2.398356134138575624e-01,5.000000000000000000e+00
5.500000000000000000e+02,5.312353887785311590e-01,-3.728217930476599579e-02,8.782134582768097442e-01,0.000000000000000000e+00
5.510000000000000000e+02,3.400774852409036431e-01,-2.304682111313399451e-01,-1.875179638912951585e-01,8.000000000000000000e+00
5.520000000000000000e+02,3.672518537357252200e-01,-1.880436099428834940e-01,-1.555759252407085402e-01,6.000000000000000000e+00
5.530000000000000000e+02,-6.073080149878425926e-01,1.490739058824672864e-02,-6.982271510408424864e-02,3.000000000000000000e+00
5.540000000000000000e+02,3.861634870413845344e-01,-1.513371490455151791e-01,-1.394681312844043286e-01,9.000000000000000000e+00
5.550000000000000000e+02,3.306088019379911924e-01,-3.180280100863827619e-01,-1.394336448225031722e-01,2.000000000000000000e+00
5.560000000000000000e+02,-6.018729338801259710e-01,3.301899102606549452e-02,-2.353276539666280393e-02,1.000000000000000000e+01
5.570000000000000000e+02,2.773732414276576796e-01,-4.875702928927631019e-01,-1.100380155458465514e-01,4.000000000000000000e+00
5.580000000000000000e+02,3.675678328765223379e-01,-2.253921162981067927e-01,-7.289413709697352417e-02,1.300000000000000000e+01
5.590000000000000000e+02,4.549322332314558182e-01,-3.065854839880811089e-01,9.211500267747457782e-01,1.300000000000000000e+01
5.600000000000000000e+02,2.783272322976307889e-01,-5.067600223314568941e-01,-1.278556837536555246e-01,1.200000000000000000e+01
5.610000000000000000e+02,-3.846162369925273383e-01,3.898179050334999451e-01,8.463079083157277749e-01,1.000000000000000000e+01
5.620000000000000000e+02,-6.607764571945552445e-01,-1.216011538158499883e-01,-3.869406559336313091e-03,1.100000000000000000e+01
5.630000000000000000e+02,4.159047067545979526e-01,-4.010918826750370925e-01,8.788862694770860351e-01,4.000000000000000000e+00
5.640000000000000000e+02,3.060087694079591247e-01,-3.530597751072622748e-01,-1.873558724688860477e-01,8.000000000000000000e+00
5.650000000000000000e+02,2.827025134727863542e-01,-4.369511211266898232e-01,-1.398219428616394588e-01,6.000000000000000000e+00
5.660000000000000000e+02,3.524358348431017585e-01,-2.974895846011674574e-02,-2.445258662332046584e-01,3.000000000000000000e+00
5.670000000000000000e+02,-6.928054974932968957e-01,-2.727948725380877071e-01,3.676860076446913234e-02,1.100000000000000000e+01
5.680000000000000000e+02,2.997939313189247890e-01,-4.396076140015604539e-01,-7.662537023991708440e-02,1.100000000000000000e+01
5.690000000000000000e+02,-4.874479235662637078e-01,1.539582470723077634e-02,9.635041235070543886e-01,9.000000000000000000e+00
5.700000000000000000e+02,5.166794254803325215e-01,-6.953349537566359817e-02,7.867878455322039333e-01,5.000000000000000000e+00
5.710000000000000000e+02,5.450352111627458918e-01,3.583899740488708657e-02,8.877837040275828873e-01,0.000000000000000000e+00
5.720000000000000000e+02,-6.682175565823790242e-01,-2.253160761433320169e-01,-7.597492010995085879e-03,3.000000000000000000e+00
5.730000000000000000e+02,-6.431378143163033467e-01,4.208519754255651835e-02,-6.092113703180598860e-02,8.000000000000000000e+00
5.740000000000000000e+02,-6.417693437734088846e-01,1.319016523257073581e-01,-1.097938176725169052e-01,1.200000000000000000e+01
5.750000000000000000e+02,3.274777589145518308e-01,-1.770507315064279719e-01,-1.195930040921125564e-01,1.100000000000000000e+01
5.760000000000000000e+02,-7.223609531460145616e-01,-2.371716865131886232e-01,3.768632504296453439e-02,3.000000000000000000e+00
5.770000000000000000e+02,-6.377663677592469993e-01,-6.497158393191597436e-02,-7.500970108198544428e-02,6.000000000000000000e+00
5.780000000000000000e+02,3.341261769972118656e-01,-2.190697261124122455e-02,-1.906974855718270301e-01,3.000000000000000000e+00
5.790000000000000000e+02,4.461206588226205860e-01,-3.032784515631614664e-01,8.552120703727146278e-01,9.000000000000000000e+00
5.800000000000000000e+02,3.186797064106593469e-01,-2.043288551888422511e-01,-2.456924046288517238e-01,1.200000000000000000e+01
5.810000000000000000e+02,2.919524015902256187e-01,-4.594317597932732200e-01,-5.953990853011627282e-02,5.000000000000000000e+00
5.820000000000000000e+02,3.123439749440880542e-01,-3.120201606232484437e-01,-2.186288852712313935e-01,9.000000000000000000e+00
5.830000000000000000e+02,3.005661673374251941e-01,-4.170224789265435383e-01,-1.704431674515862194e-01,2.000000000000000000e+00
5.840000000000000000e+02,2.917422422508219593e-01,-4.156157659849681330e-01,-1.745517676512797489e-01,6.000000000000000000e+00
5.850000000000000000e+02,4.710968335150089725e-01,-2.132698698175065632e-01,8.930435747825079540e-01,1.100000000000000000e+01
5.860000000000000000e+02,-6.314235966622103735e-01,-8.107009607234243187e-02,-2.065042595604092701e-02,9.000000000000000000e+00
5.870000000000000000e+02,3.206372677826748174e-01,-3.401547890385930306e-01,-1.172797111715716684e-01,1.100000000000000000e+01
5.880000000000000000e+02,-5.777953114790822520e-01,1.114091709330903984e-01,-5.677681622905009218e-02,3.000000000000000000e+00
5.890000000000000000e+02,3.524375214843251669e-01,-2.271412929466527786e-01,-1.908303297332583637e-01,2.000000000000000000e+00
5.900000000000000000e+02,2.742781721690975005e-01,-4.481435304161340283e-01,-2.103748146192533919e-01,8.000000000000000000e+00
5.910000000000000000e+02,4.919565572016186827e-01,2.478098408662022245e-01,-2.219083379182924254e-01,9.000000000000000000e+00
5.920000000000000000e+02,3.316443666538075874e-01,-3.053599791834422650e-01,-1.641455565066989308e-01,3.000000000000000000e+00
5.930000000000000000e+02,-6.322038803594933754e-01,-5.330231097005980884e-02,-9.645467151894997204e-02,1.200000000000000000e+01
5.940000000000000000e+02,5.328269746596574485e-01,-2.508288499701503971e-02,8.656512755042801155e-01,0.000000000000000000e+00
5.950000000000000000e+02,3.934234757652822490e-01,-7.832313188822451200e-02,-2.431611772380986303e-01,5.000000000000000000e+00
5.960000000000000000e+02,6.928081864256014910e-01,1.305069952219393814e+00,-3.277406915208972982e-01,1.000000000000000000e+00
5.970000000000000000e+02,2.787696675660523704e-01,-5.100479244792497369e-01,-9.112340243078893842e-02,4.000000000000000000e+00
5.980000000000000000e+02,-5.621567097401142243e-01,1.400659224933801239e-01,-2.463210373282236423e-02,1.300000000000000000e+01
5.990000000000000000e+02,-5.977744645432309101e-01,-9.532392997196412893e-03,-2.412013258173559618e-02,1.100000000000000000e+01
6.000000000000000000e+02,-4.344827768890511255e-01,2.349621734457715549e-01,8.501705677664433969e-01,1.000000000000000000e+01
6.010000000000000000e+02,3.173999169640456253e-01,-3.660356517847085933e-01,-1.047376247606219557e-01,1.300000000000000000e+01
6.020000000000000000e+02,4.567717756244566996e-01,-2.352175301351485948e-01,7.866359851491860899e-01,1.000000000000000000e+01
6.030000000000000000e+02,4.821278286364569232e-01,1.937800786603098846e-01,-1.293494781786197201e-01,1.300000000000000000e+01
6.040000000000000000e+02,2.835117215821924552e-01,-4.774100986001630353e-01,-9.446290558502405676e-02,6.000000000000000000e+00
6.050000000000000000e+02,6.289072480822175404e-01,7.157757520830880793e-01,-2.318392913949251233e-01,1.000000000000000000e+00
6.060000000000000000e+02,7.301111680773550994e-01,8.451539356803471348e-01,7.082984297690113618e-01,1.000000000000000000e+00
6.070000000000000000e+02,3.695516573948737227e-01,-1.826105775853456292e-01,-1.967515835807556457e-01,5.000000000000000000e+00
6.080000000000000000e+02,3.956725449503806225e-01,-4.914775768065705597e-01,8.509553896127819428e-01,2.000000000000000000e+00
6.090000000000000000e+02,-6.411418575912439799e-01,-1.225333639967180616e-01,2.181964827322505421e-02,1.300000000000000000e+01
6.100000000000000000e+02,-5.419106395077190053e-01,2.398336792084394542e-01,-7.927047696691690015e-02,1.000000000000000000e+01
6.110000000000000000e+02,-4.996965149485123603e-01,3.714488029699008487e-01,-1.837884101411649262e-02,1.300000000000000000e+01
6.120000000000000000e+02,-5.659880308515626846e-01,1.614797116707641089e-01,-3.785750079486560615e-02,9.000000000000000000e+00
6.130000000000000000e+02,3.442576807892125390e-01,-2.833806028690115109e-01,-1.157268238917766451e-01,1.100000000000000000e+01
6.140000000000000000e+02,-6.885982098467483548e-01,-2.999498638795956573e-01,6.690727856978202770e-02,9.000000000000000000e+00
6.150000000000000000e+02,4.200905495608708295e-01,5.816018345154140567e-03,-2.298558462999650831e-01,5.000000000000000000e+00
6.160000000000000000e+02,-6.469860100154476434e-01,1.820630615710490396e-01,-5.600774040440168605e-02,7.000000000000000000e+00
6.170000000000000000e+02,2.752768056276609920e-01,-4.969621665577255154e-01,-1.383219468201754565e-01,6.000000000000000000e+00
6.180000000000000000e+02,2.700109993846334100e-01,-2.016331654003928053e-01,-1.472220261488416948e-01,3.000000000000000000e+00
6.190000000000000000e+02,-6.937745777505376354e-01,-2.470150271543365694e-01,3.116423789103205111e-02,6.000000000000000000e+00
6.200000000000000000e+02,-6.620532986147389387e-01,-1.798692024691199709e-01,-1.495355279054351449e-02,3.000000000000000000e+00
6.210000000000000000e+02,-6.699650182353980021e-01,-2.218380185025928264e-01,7.179163740011779149e-02,1.100000000000000000e+01
6.220000000000000000e+02,3.846975263858777305e-01,-9.778893980030249622e-02,-1.677457244184910323e-01,6.000000000000000000e+00
6.230000000000000000e+02,-6.846056284495112276e-01,-8.662714559239499679e-02,2.343358638067059505e-02,4.000000000000000000e+00
6.240000000000000000e+02,6.387360502459413780e-01,1.101668764185678384e+00,-3.262991867336942353e-01,1.000000000000000000e+00
6.250000000000000000e+02,-6.579536577702578271e-01,-1.422608472712250383e-01,-9.089260062888278313e-02,1.200000000000000000e+01
6.260000000000000000e+02,3.514158034360237992e-01,4.870788519921653154e-02,-3.169676509019415112e-01,8.000000000000000000e+00
6.270000000000000000e+02,2.637991163249467363e-01,-5.311764774752452123e-01,-1.255001249026968801e-01,5.000000000000000000e+00
6.280000000000000000e+02,-6.798153101970246803e-01,-2.269976415660647784e-01,-7.691300335783014114e-03,3.000000000000000000e+00
6.290000000000000000e+02,-6.935145779219731299e-01,-2.557421199969914793e-01,5.458885981893741787e-03,1.100000000000000000e+01
6.300000000000000000e+02,-5.431013165494550377e-01,2.233059529737929649e-01,4.877619356599004197e-02,1.300000000000000000e+01
6.310000000000000000e+02,3.053938590654780572e-01,-3.940406048999476329e-01,-1.506012939915899185e-01,3.000000000000000000e+00
6.320000000000000000e+02,6.390768973068891023e-01,1.045927636944344430e+00,-3.011606566565777632e-01,7.000000000000000000e+00
6.330000000000000000e+02,-6.126462816390920718e-01,2.004957116562642444e-02,-3.601414536892532520e-02,7.000000000000000000e+00
6.340000000000000000e+02,-5.570678581464677537e-01,1.644142044946625136e-01,-6.360204183372851483e-02,5.000000000000000000e+00
6.350000000000000000e+02,4.035522885164525841e-01,-5.924213936060303970e-02,-2.004642778573073325e-01,2.000000000000000000e+00
6.360000000000000000e+02,3.674064584470121408e-01,-2.178360492592791020e-01,-9.440350651506852764e-02,0.000000000000000000e+00
6.370000000000000000e+02,2.817609131986836823e-01,-4.770555547616527337e-01,-1.245896024519737161e-01,1.200000000000000000e+01
6.380000000000000000e+02,3.078266638792499510e-01,-3.982183075921265636e-01,-1.135740419101125137e-01,5.000000000000000000e+00
6.390000000000000000e+02,3.659766288806300949e-01,-5.420518770815786480e-01,8.816938452690961103e-01,9.000000000000000000e+00
6.400000000000000000e+02,6.364803895234795172e-01,1.068725574409294055e+00,-2.879891273819513708e-01,7.000000000000000000e+00
6.410000000000000000e+02,3.447522997236476816e-01,-2.811749045808198399e-01,-9.587782359514837593e-02,0.000000000000000000e+00
6.420000000000000000e+02,-6.715070669937291958e-01,8.170365357296201225e-02,-7.535693605839173526e-02,3.000000000000000000e+00
6.430000000000000000e+02,8.036202460265546854e-01,1.224427679306291372e+00,6.458710395223413725e-01,1.000000000000000000e+00
6.440000000000000000e+02,3.984787528864127681e-01,5.896383200108740175e-02,-2.218896306117773276e-01,0.000000000000000000e+00
6.450000000000000000e+02,-6.042775053962817777e-01,-6.127130009935748134e-03,3.861838819450441607e-02,9.000000000000000000e+00
6.460000000000000000e+02,3.778427306121798224e-01,-1.377899802039382893e-01,-1.776382250765692616e-01,5.000000000000000000e+00
6.470000000000000000e+02,-6.697869718660555138e-01,-1.968370722989654931e-01,-4.880374570558171365e-02,1.200000000000000000e+01
6.480000000000000000e+02,2.560963133177861506e-01,-4.753554803692557895e-01,-1.195541137022620437e-01,6.000000000000000000e+00
6.490000000000000000e+02,-4.780587239551576384e-01,4.443726145865209420e-01,-7.074580749836299753e-02,0.000000000000000000e+00
6.500000000000000000e+02,-5.203439847537350005e-01,-1.029854670216956147e-01,1.008416153839449825e+00,1.100000000000000000e+01
6.510000000000000000e+02,5.563715476539656812e-01,4.505373591302789804e-01,-1.523523080607664393e-01,0.000000000000000000e+00
6.520000000000000000e+02,-6.249880832091763150e-01,-9.873939177002712120e-02,5.270007451699478679e-02,9.000000000000000000e+00
6.530000000000000000e+02,3.617280752789998055e-01,-1.875655480326262059e-01,-1.969306341000037763e-01,1.000000000000000000e+01
6.540000000000000000e+02,-5.308754228853604928e-01,2.642812900124212883e-01,-4.038744866613556278e-02,1.300000000000000000e+01
6.550000000000000000e+02,-4.891366714272450955e-01,3.878539124118768888e-01,-8.389130685335219328e-02,1.100000000000000000e+01
6.560000000000000000e+02,-5.678500220031302836e-01,1.473383365580845927e-01,-5.387974258860110666e-02,9.000000000000000000e+00
6.570000000000000000e+02,2.940525133467407626e-01,-1.852596133548917445e-01,-1.115815096222197295e-01,7.000000000000000000e+00
6.580000000000000000e+02,6.641975634783061633e-01,1.163455610977852217e+00,-3.552161522114618553e-01,1.000000000000000000e+00
6.590000000000000000e+02,-5.478568997806364527e-01,2.332431530592885549e-01,-1.141225838613489085e-01,1.000000000000000000e+01
6.600000000000000000e+02,-6.637939143207183257e-01,-1.703077926829926203e-01,-2.852646963777606681e-02,9.000000000000000000e+00
6.610000000000000000e+02,2.917811134909423232e-01,-4.184754112121826797e-01,-1.990765574863651022e-01,1.200000000000000000e+01
6.620000000000000000e+02,-6.815209888099249547e-01,-2.379392332745632055e-01,-4.804654256824400504e-02,8.000000000000000000e+00
6.630000000000000000e+02,2.958378983352903946e-01,-4.159699193491858127e-01,-1.850318216203538646e-01,1.200000000000000000e+01
6.640000000000000000e+02,-6.563603232039068036e-01,-1.850897641984238229e-01,-1.890084366460297385e-02,1.300000000000000000e+01
6.650000000000000000e+02,4.015019997323073797e-01,-4.625766261390494294e-01,8.335111568634049339e-01,5.000000000000000000e+00
6.660000000000000000e+02,2.587597464485174581e-01,-5.459836400593798267e-01,-9.032402216074332524e-02,4.000000000000000000e+00
6.670000000000000000e+02,-6.334268071054033333e-01,-8.919283637071062643e-02,3.679480415927734172e-02,6.000000000000000000e+00
6.680000000000000000e+02,4.979278353877257812e-01,2.543531078536557244e-01,-1.586148002508852017e-01,1.000000000000000000e+01
6.690000000000000000e+02,2.890267819303764529e-01,-3.975286190410362019e-01,-1.268040672687364701e-01,6.000000000000000000e+00
6.700000000000000000e+02,5.413747578548705475e-01,3.350277709384136965e-02,7.722861301122161404e-01,1.000000000000000000e+01
6.710000000000000000e+02,-5.603997883629278087e-01,2.502579148592708469e-01,-4.751243216890511240e-02,6.000000000000000000e+00
6.720000000000000000e+02,6.652469295487130063e-01,4.504533667256772622e-01,8.198422674532402921e-01,0.000000000000000000e+00
6.730000000000000000e+02,-5.920066758446260735e-01,9.876846029003064076e-02,8.931312329624864141e-03,7.000000000000000000e+00
6.740000000000000000e+02,3.450734630838118155e-01,-2.410397340970491797e-01,-1.592455055804378183e-01,2.000000000000000000e+00
6.750000000000000000e+02,6.742435641471259400e-01,1.242316778962721635e+00,-2.985657779611446960e-01,1.000000000000000000e+00
6.760000000000000000e+02,4.124493214881882475e-01,-4.292152094961217967e-01,8.570659701993099677e-01,9.000000000000000000e+00
6.770000000000000000e+02,-4.872585952552355160e-01,4.250840406414668204e-01,-9.929188976946055900e-02,1.000000000000000000e+01
6.780000000000000000e+02,-6.350814743242930716e-01,-1.180335845637391357e-01,5.870520517204522865e-02,4.000000000000000000e+00
6.790000000000000000e+02,-6.112886899587572920e-01,-3.259317058923807270e-02,3.192301629221169779e-02,1.100000000000000000e+01
6.800000000000000000e+02,-6.735586256341448141e-01,-1.610018581875900245e-01,-2.693188270893175432e-02,1.100000000000000000e+01
6.810000000000000000e+02,-5.596304980846189547e-01,4.758092808355375847e-01,-3.164952466233440093e-02,7.000000000000000000e+00
6.820000000000000000e+02,3.609342914725978679e-01,-2.100175556403107990e-01,-1.242331443025794790e-01,1.300000000000000000e+01
6.830000000000000000e+02,-6.895026664408524519e-01,-3.083297434394670078e-01,3.513737310399262653e-02,9.000000000000000000e+00
6.840000000000000000e+02,3.540373104327990128e-01,-2.207098904946654394e-01,-2.008597226198691188e-01,5.000000000000000000e+00
6.850000000000000000e+02,2.958636529993498021e-01,-4.421544786432710650e-01,-1.250210467160494110e-01,9.000000000000000000e+00
6.860000000000000000e+02,3.263435790143129900e-01,-1.179314290520541188e-02,-1.718453961647155581e-01,7.000000000000000000e+00
6.870000000000000000e+02,3.501391338719077595e-01,-2.497123595039079935e-01,-1.861304999209864863e-01,5.000000000000000000e+00
6.880000000000000000e+02,3.428110312420687422e-01,-2.765922793150416559e-01,-1.758989196201220240e-01,5.000000000000000000e+00
6.890000000000000000e+02,-6.379337947622132354e-01,-8.645826572774574503e-02,-1.141663545329354851e-01,3.000000000000000000e+00
6.900000000000000000e+02,3.762356349676805878e-01,-1.607232441774107123e-01,-1.098756145497263859e-01,5.000000000000000000e+00
6.910000000000000000e+02,-3.696478326456198449e-01,8.612034649418760512e-01,-1.249526869976268356e-01,7.000000000000000000e+00
6.920000000000000000e+02,-5.968308661582580887e-01,2.902008859099955082e-02,-7.477427457935265087e-02,1.000000000000000000e+01
6.930000000000000000e+02,-6.872866443038576634e-01,-2.178562968919274256e-01,1.151632196922431316e-02,1.100000000000000000e+01
6.940000000000000000e+02,3.601606249347328870e-01,-2.240882024958291419e-01,-1.213527372878213245e-01,2.000000000000000000e+00
6.950000000000000000e+02,2.827257636542085950e-01,-4.881441903089819845e-01,-1.429229754712426637e-01,2.000000000000000000e+00
6.960000000000000000e+02,3.071574740271094672e-01,-3.955376532865135797e-01,-1.796616639373768698e-01,1.200000000000000000e+01
6.970000000000000000e+02,-3.370731193012544979e-01,1.185870960988993028e+00,-1.582799354463744479e-01,1.000000000000000000e+00
6.980000000000000000e+02,3.535838641538732730e-01,-5.614976178369796705e-02,-1.423619796456074005e-01,4.000000000000000000e+00
6.990000000000000000e+02,5.165388366311287616e-01,-7.232456327803779561e-02,8.027045750092201004e-01,0.000000000000000000e+00
0.000000000000000000e+00,-4.081019037994449428e-01,1.505989663551765279e-01,1.760931216551062661e-01,1.300000000000000000e+01
1.000000000000000000e+00,-4.748957809170808453e-01,1.251339104574656080e-01,-2.729750107274387383e-01,1.200000000000000000e+01
2.000000000000000000e+00,-3.909596675024791801e-01,1.947673453482914041e-01,-8.797470570737818407e-02,6.000000000000000000e+00
3.000000000000000000e+00,-6.035430888637954849e-01,4.097561761537862890e-02,5.503445323410902784e-02,1.200000000000000000e+01
4.000000000000000000e+00,7.149140409669698659e-01,-2.815953758593236489e-01,1.424412974919540276e-01,7.000000000000000000e+00
5.000000000000000000e+00,2.219528765637830692e-01,-6.167566443567346068e-01,-3.540084643462331759e-01,8.000000000000000000e+00
6.000000000000000000e+00,-2.327045973357391440e-01,2.937183282512040861e-01,-4.720843464940527867e-01,5.000000000000000000e+00
7.000000000000000000e+00,4.370382239457601958e-01,-4.457950285674108781e-01,-1.787201669869407095e-01,1.000000000000000000e+01
8.000000000000000000e+00,-5.232113801294686617e-01,1.077007546285613793e-01,1.277801438641106291e-01,7.000000000000000000e+00
9.000000000000000000e+00,-2.949889748179637672e-01,2.525828584984023406e-01,-3.502874783575123385e-01,5.000000000000000000e+00
1.000000000000000000e+01,1.135483162138198887e+00,-4.878944937617456408e-03,-4.685844995285879389e-01,1.000000000000000000e+00
1.100000000000000000e+01,-5.855104406678727225e-01,5.406981413545777077e-02,-7.509928339582785939e-02,8.000000000000000000e+00
1.200000000000000000e+01,-1.611514379962345200e-01,3.259439897550345799e-01,-2.353002119365891348e-02,1.200000000000000000e+01
1.300000000000000000e+01,3.924423706418952995e-01,-5.026192501486693720e-01,-1.151033619825603954e-02,0.000000000000000000e+00
1.400000000000000000e+01,-4.480951511575935187e-01,1.635205238325098676e-01,-3.168356346742964291e-01,3.000000000000000000e+00
1.500000000000000000e+01,5.820598617608574443e-01,8.102992996662135017e-01,-3.486088418160649405e-01,1.000000000000000000e+00
1.600000000000000000e+01,1.293246572783408321e-01,-6.556033643066881966e-01,-2.522271188374617390e-01,9.000000000000000000e+00
1.700000000000000000e+01,-3.624147866460174922e-02,-7.799996347384515749e-01,1.261887043816877496e-01,2.000000000000000000e+00
1.800000000000000000e+01,2.135240842648213899e-01,7.452889177614915317e-01,5.433265464204086737e-01,1.300000000000000000e+01
1.900000000000000000e+01,-5.662164544573448088e-01,8.608445835583286576e-02,1.148280471707581324e-01,9.000000000000000000e+00
2.000000000000000000e+01,1.611282939757107124e-01,-6.238369713701815700e-01,-1.316654020037941464e-01,1.000000000000000000e+01
2.100000000000000000e+01,-4.650793602951376338e-01,1.419012723969255707e-01,-2.264687649684050952e-03,9.000000000000000000e+00
2.200000000000000000e+01,-5.016753325736686975e-01,1.091525551989474124e-01,-3.353882598711100393e-01,1.200000000000000000e+01
2.300000000000000000e+01,-5.679058191268880895e-01,7.698326540857911016e-02,-4.736888885412113281e-02,4.000000000000000000e+00
2.400000000000000000e+01,-6.986277000654871339e-01,-8.691090581740144178e-03,1.472166484093813399e-01,6.000000000000000000e+00
2.500000000000000000e+01,-1.962912297769494607e-01,4.930442968776964641e-01,3.933723569093495187e-01,2.000000000000000000e+00
2.600000000000000000e+01,1.385909832481007298e+00,3.434818097735919395e-01,4.891153359830948122e-01,1.000000000000000000e+00
2.700000000000000000e+01,9.005364231238363604e-02,-6.716192257707714885e-01,2.019662634838032267e-01,1.100000000000000000e+01
2.800000000000000000e+01,-5.555559041060011971e-01,6.659129802956006983e-02,-1.073445710837916678e-01,8.000000000000000000e+00
2.900000000000000000e+01,-2.015628066742755908e-01,2.775536386894376095e-01,2.197598522580687663e-01,0.000000000000000000e+00
3.000000000000000000e+01,3.114606839492888302e-01,-5.669500292962847965e-01,1.411665622502172035e-01,0.000000000000000000e+00
3.100000000000000000e+01,5.607687817297530852e-01,7.885658456317903298e-01,-6.017386896657771489e-01,1.000000000000000000e+00
3.200000000000000000e+01,1.225712832565283433e-01,-7.191341818370264871e-01,2.016028421399005954e-01,1.100000000000000000e+01
3.300000000000000000e+01,-4.576185065891388293e-01,1.408361509898073960e-01,1.663140397565124606e-01,1.300000000000000000e+01
3.400000000000000000e+01,1.560861852553176110e+00,4.641288336323364239e-01,3.190292602635285135e-01,1.000000000000000000e+00
3.500000000000000000e+01,-6.536591037845631558e-01,3.075879904655892845e-03,1.963389396625833117e-01,6.000000000000000000e+00
3.600000000000000000e+01,8.889572853022529308e-01,-1.802033590404166774e-01,3.392816701671629298e-01,7.000000000000000000e+00
3.700000000000000000e+01,-3.331860076966994266e-01,2.304211427606742968e-01,-5.797403322324849728e-02,1.100000000000000000e+01
3.800000000000000000e+01,-5.874397013159922132e-01,4.484605431280449389e-02,-1.406762089231203827e-01,8.000000000000000000e+00
3.900000000000000000e+01,-3.903709214617171464e-01,1.835696982535782451e-01,2.711319516059678136e-01,0.000000000000000000e+00
4.000000000000000000e+01,2.344223714339700448e-01,-5.526702007685851958e-01,-2.045813803065990588e-01,6.000000000000000000e+00
4.100000000000000000e+01,7.257146160651428701e-02,-6.717517487614802496e-01,2.728725256517346986e-01,1.100000000000000000e+01
4.200000000000000000e+01,-5.416258582613190375e-01,9.777774976556675990e-02,-1.944558838058423611e-01,1.200000000000000000e+01
4.300000000000000000e+01,-5.011413507187647415e-02,-7.756240619928487234e-01,3.057220143926284162e-01,3.000000000000000000e+00
4.400000000000000000e+01,6.767262640025437648e-01,-3.062221359424147638e-01,3.192464699940815165e-01,7.000000000000000000e+00
4.500000000000000000e+01,-6.310845677904789452e-01,1.576232601933859334e-02,3.105727623433030549e-01,4.000000000000000000e+00
4.600000000000000000e+01,-4.707360621563187464e-01,1.313940761992055395e-01,-1.509742938081276020e-01,2.000000000000000000e+00
4.700000000000000000e+01,1.174593515739451866e-01,-6.477392512945406855e-01,2.671748180653342117e-02,7.000000000000000000e+00
4.800000000000000000e+01,-5.812086661929680709e-01,6.887919632700523209e-02,-1.171359671988020379e-01,8.000000000000000000e+00
4.900000000000000000e+01,-3.979513838549557092e-01,1.745371782577943010e-01,1.486971831448790637e-01,8.000000000000000000e+00
5.000000000000000000e+01,-3.336378059230833415e-01,4.201895764916669385e-01,4.643243483313242992e-01,2.000000000000000000e+00
5.100000000000000000e+01,-4.622626944482761263e-02,4.071524985549027087e-01,-4.789970718980160469e-01,6.000000000000000000e+00
5.200000000000000000e+01,1.339200446608494133e+00,1.296134332360766306e-01,-4.431632451258625816e-01,1.000000000000000000e+00
5.300000000000000000e+01,-1.356284559349767334e-02,-7.552358147925241072e-01,1.176411263121699413e-01,1.200000000000000000e+01
5.400000000000000000e+01,6.188505804226763773e-01,-3.332224509328851614e-01,-2.854207052784775156e-01,1.000000000000000000e+01
5.500000000000000000e+01,8.428391444024091461e-01,1.174588359559949780e+00,4.013890229949023114e-01,7.000000000000000000e+00
5.600000000000000000e+01,-6.328929361235196005e-01,1.783089288122773758e-02,2.075616677430449086e-01,2.000000000000000000e+00
5.700000000000000000e+01,-1.808803251868867923e-01,3.312733711404390879e-01,-1.660678181647202989e-01,2.000000000000000000e+00
5.800000000000000000e+01,2.057960693763127014e-01,-6.123235864371483483e-01,8.274100723383112643e-02,3.000000000000000000e+00
5.900000000000000000e+01,8.259370309885361028e-01,9.736358319947674422e-01,-1.549910930462239655e-01,1.000000000000000000e+00
6.000000000000000000e+01,9.891543437864442900e-01,-9.454150156016266626e-02,-2.594215611892993767e-01,7.000000000000000000e+00
6.100000000000000000e+01,4.313052140941663753e-02,-7.169895047958227963e-01,-2.790032090398600340e-01,1.200000000000000000e+01
6.200000000000000000e+01,-4.870276910043536689e-01,1.297045602750494520e-01,-2.377418911221145237e-01,3.000000000000000000e+00
6.300000000000000000e+01,-2.541469116399798778e-01,2.762752859414821516e-01,-2.740602244225961992e-01,3.000000000000000000e+00
6.400000000000000000e+01,1.211631746708617258e-01,7.072826223247589139e-01,6.084708060528687401e-01,0.000000000000000000e+00
6.500000000000000000e+01,4.823005798399725153e-02,4.762517256547407762e-01,1.714501685398574504e-01,7.000000000000000000e+00
6.600000000000000000e+01,1.705215522928959226e-01,-6.208963790906519842e-01,1.204812929480102573e-01,1.100000000000000000e+01
6.700000000000000000e+01,-6.271460526554190062e-01,1.609051878533571817e-02,1.314628654032094501e-01,2.000000000000000000e+00
6.800000000000000000e+01,3.539182804451901365e-02,4.459531863183169298e-01,-3.116472175068480399e-01,5.000000000000000000e+00
6.900000000000000000e+01,3.329891289513594588e-01,-5.641291790686481233e-01,1.331894314516705036e-01,0.000000000000000000e+00
