0.000000000000000000e+00,1.375384566539729292e+00,7.221859037574943629e-01,7.000000000000000000e+00
1.000000000000000000e+00,-1.366340967614278028e-02,-9.049572489573071143e-02,1.300000000000000000e+01
2.000000000000000000e+00,-4.366911179626249417e-01,-9.093302206596937109e-02,1.200000000000000000e+01
3.000000000000000000e+00,-5.170999940000850503e-02,-9.802906341776197741e-02,1.000000000000000000e+01
4.000000000000000000e+00,-4.491926539607675739e-01,-8.154427981957025617e-02,1.200000000000000000e+01
5.000000000000000000e+00,3.060211626979513974e-02,-1.138432474597830119e-01,2.000000000000000000e+00
6.000000000000000000e+00,-2.006594503665368179e-01,-1.106191074809325797e-01,3.000000000000000000e+00
7.000000000000000000e+00,-2.300167332944539900e-01,8.638469969650912628e-01,8.000000000000000000e+00
8.000000000000000000e+00,1.862039097382417463e-01,-1.441215604441529463e-01,5.000000000000000000e+00
9.000000000000000000e+00,5.299616992935398674e-01,-1.624844745922124356e-01,7.000000000000000000e+00
1.000000000000000000e+01,-3.781291331190748256e-02,-1.655074295476847979e-01,1.200000000000000000e+01
1.100000000000000000e+01,1.969653006117183525e-01,-1.409010905221862453e-01,5.000000000000000000e+00
1.200000000000000000e+01,-4.448289746726989957e-01,-9.160937162059892835e-02,1.100000000000000000e+01
1.300000000000000000e+01,-3.907862330094940551e-01,-6.619791987690484825e-02,1.100000000000000000e+01
1.400000000000000000e+01,1.304521269380348292e+00,7.272961527778230018e-01,7.000000000000000000e+00
1.500000000000000000e+01,-2.519748437543806729e-01,-1.018004179722933195e-01,9.000000000000000000e+00
1.600000000000000000e+01,-2.591464186989372309e-01,-9.862985192829155923e-02,1.000000000000000000e+01
1.700000000000000000e+01,4.253427418983236619e-01,-1.239663994423366861e-01,0.000000000000000000e+00
1.800000000000000000e+01,-3.591080100610000714e-01,-6.939834644213657699e-02,6.000000000000000000e+00
1.900000000000000000e+01,1.231418128510921806e+00,-2.483587898817319062e-01,7.000000000000000000e+00
2.000000000000000000e+01,9.963639334360789857e-01,7.860525882950780696e-01,7.000000000000000000e+00
2.100000000000000000e+01,3.426378221665714041e-01,8.529368260913376965e-01,5.000000000000000000e+00
2.200000000000000000e+01,3.584623008963664925e-01,-1.055918115231911369e-01,0.000000000000000000e+00
2.300000000000000000e+01,1.148421853297233008e+00,-2.371993640596958275e-01,7.000000000000000000e+00
2.400000000000000000e+01,-3.286534919006260935e-01,-5.820368382578076233e-02,1.100000000000000000e+01
2.500000000000000000e+01,-1.669039852540819130e-02,-9.059803326925809641e-02,0.000000000000000000e+00
2.600000000000000000e+01,7.101794112391830449e-01,-1.555461260479001628e-01,0.000000000000000000e+00
2.700000000000000000e+01,-1.359118277501991379e-01,-1.036254481265271726e-01,1.000000000000000000e+01
2.800000000000000000e+01,-1.617163229156202697e-01,-1.283291819952892820e-01,4.000000000000000000e+00
2.900000000000000000e+01,-4.510613247786499636e-01,-8.056750126512292332e-02,4.000000000000000000e+00
3.000000000000000000e+01,-3.681589320445027291e-01,-9.209819805972806195e-02,4.000000000000000000e+00
3.100000000000000000e+01,-3.176952012093113287e-01,-1.222329513705047166e-01,0.000000000000000000e+00
3.200000000000000000e+01,-1.789830173398626045e-01,-1.197771226965478192e-01,8.000000000000000000e+00
3.300000000000000000e+01,-1.936370514918008823e-01,-9.089984875770310002e-02,4.000000000000000000e+00
3.400000000000000000e+01,-9.881394135865148587e-02,8.935893530450689237e-01,1.100000000000000000e+01
3.500000000000000000e+01,-1.345217084155815868e-01,8.677855750029379589e-01,5.000000000000000000e+00
3.600000000000000000e+01,-1.738316624221022122e-01,-1.247369593471371191e-01,5.000000000000000000e+00
3.700000000000000000e+01,-2.808202210218354589e-01,-1.172870039370518813e-01,8.000000000000000000e+00
3.800000000000000000e+01,-3.827109592118532189e-01,-9.155244793314810947e-02,6.000000000000000000e+00
3.900000000000000000e+01,1.412462067622659301e-01,8.491246018226165093e-01,5.000000000000000000e+00
4.000000000000000000e+01,-3.568250714674513491e-01,9.146470330245903835e-01,0.000000000000000000e+00
4.100000000000000000e+01,-4.511050976701731496e-01,-7.868849211841998093e-02,3.000000000000000000e+00
4.200000000000000000e+01,-4.075682000150988027e-01,-8.020556024940189710e-02,6.000000000000000000e+00
4.300000000000000000e+01,6.720432365443830269e-01,-1.746292746713098698e-01,7.000000000000000000e+00
4.400000000000000000e+01,-3.361210097220010407e-01,-8.982573904637281004e-02,3.000000000000000000e+00
4.500000000000000000e+01,-3.434026079013290378e-01,-7.350814694830562490e-02,1.000000000000000000e+01
4.600000000000000000e+01,-2.277187966707792388e-01,9.101848358838554587e-01,9.000000000000000000e+00
4.700000000000000000e+01,3.883500532188923771e-01,-1.288274909629495979e-01,0.000000000000000000e+00
4.800000000000000000e+01,1.274095383336353304e+00,7.513836658923669365e-01,7.000000000000000000e+00
4.900000000000000000e+01,-2.999198988677855282e-01,-8.874246009271886948e-02,9.000000000000000000e+00
5.000000000000000000e+01,3.416510051997763142e-01,-1.766309515630494487e-01,7.000000000000000000e+00
5.100000000000000000e+01,1.248880350485711332e+00,-2.554823493886113628e-01,7.000000000000000000e+00
5.200000000000000000e+01,8.112342938601400100e-01,8.116010005810437855e-01,7.000000000000000000e+00
5.300000000000000000e+01,-4.372874998230467103e-01,-8.489889067490924424e-02,2.000000000000000000e+00
5.400000000000000000e+01,1.030026222835822791e+00,-2.322813668509696727e-01,7.000000000000000000e+00
5.500000000000000000e+01,3.144338234050639280e-02,-1.275484676100928916e-01,3.000000000000000000e+00
5.600000000000000000e+01,-1.399018505358334830e-01,-8.426742621550378787e-02,6.000000000000000000e+00
5.700000000000000000e+01,-3.292193552114572319e-01,-9.630640622326973321e-02,2.000000000000000000e+00
5.800000000000000000e+01,1.410047227555214777e-01,-1.303952961851533587e-01,5.000000000000000000e+00
5.900000000000000000e+01,-1.160465557690615844e-02,-1.142686662798382269e-01,2.000000000000000000e+00
6.000000000000000000e+01,-3.376352941071522618e-01,9.191862200988484277e-01,1.200000000000000000e+01
6.100000000000000000e+01,3.825698320148423481e-01,-1.371767281435367081e-01,0.000000000000000000e+00
6.200000000000000000e+01,-4.137106188103009119e-01,-7.754829435222528045e-02,1.100000000000000000e+01
6.300000000000000000e+01,5.377412307566838967e-01,-1.884164908961826757e-01,7.000000000000000000e+00
6.400000000000000000e+01,-3.435796082896622750e-01,-9.047422129513180145e-02,8.000000000000000000e+00
6.500000000000000000e+01,9.554768766305652417e-01,-2.252704509414202028e-01,7.000000000000000000e+00
6.600000000000000000e+01,-3.322361147129144210e-01,-8.765135531146855952e-02,2.000000000000000000e+00
6.700000000000000000e+01,1.527723427032469328e+00,6.993034480666928676e-01,1.000000000000000000e+00
6.800000000000000000e+01,-3.751336956083997642e-02,-9.848484004087058874e-02,1.000000000000000000e+01
6.900000000000000000e+01,-1.035749272262263265e-01,-1.497295937994579107e-01,8.000000000000000000e+00
7.000000000000000000e+01,-4.228982023927734257e-01,-6.432112722488675383e-02,2.000000000000000000e+00
7.100000000000000000e+01,-2.408960642188961443e-01,-9.340528500532044309e-02,6.000000000000000000e+00
7.200000000000000000e+01,1.392084887923379588e+00,-2.828663532493467803e-01,1.000000000000000000e+00
7.300000000000000000e+01,-4.162883118655248404e-01,-8.471537986443998525e-02,6.000000000000000000e+00
7.400000000000000000e+01,-2.079191005764911837e-02,-1.173700987590729911e-01,5.000000000000000000e+00
7.500000000000000000e+01,-8.495294855385225608e-02,-1.172818794682681798e-01,0.000000000000000000e+00
7.600000000000000000e+01,1.197695852493971369e+00,-2.651600405474056066e-01,1.000000000000000000e+00
7.700000000000000000e+01,5.659424975086815163e-02,-8.999025342204783340e-02,1.300000000000000000e+01
7.800000000000000000e+01,2.430764209477515592e-01,-1.248527799138954564e-01,1.300000000000000000e+01
7.900000000000000000e+01,-2.992205412876666748e-01,-1.067096647295453643e-01,3.000000000000000000e+00
8.000000000000000000e+01,-2.808367342274810108e-01,-1.235247089143924476e-01,1.200000000000000000e+01
8.100000000000000000e+01,1.421285058394498590e-01,-1.633754444651011051e-01,0.000000000000000000e+00
8.200000000000000000e+01,-4.102007562894847692e-01,-1.067363888532280730e-01,3.000000000000000000e+00
8.300000000000000000e+01,3.697945582729986191e-01,8.684996572748681087e-01,0.000000000000000000e+00
8.400000000000000000e+01,5.661259047945726985e-01,8.535695451713706250e-01,1.300000000000000000e+01
8.500000000000000000e+01,2.400962526682270670e-01,8.679622853532614757e-01,1.300000000000000000e+01
8.600000000000000000e+01,-2.585713002904749813e-01,-9.285467899218723120e-02,6.000000000000000000e+00
8.700000000000000000e+01,1.018501285125244377e-01,-1.213395465788432992e-01,1.000000000000000000e+01
8.800000000000000000e+01,-5.794344721075088411e-02,-9.229067512573405074e-02,1.300000000000000000e+01
8.900000000000000000e+01,-4.065421636010195794e-01,-6.896500709490016590e-02,4.000000000000000000e+00
9.000000000000000000e+01,-4.880235964103860624e-01,-5.892452195920151042e-02,2.000000000000000000e+00
9.100000000000000000e+01,-1.053152920209828869e-01,-9.241661425777208949e-02,1.000000000000000000e+01
9.200000000000000000e+01,2.177149177689892412e-01,8.758204629698566057e-01,1.300000000000000000e+01
9.300000000000000000e+01,1.518056885010211354e-01,-1.280691752422098428e-01,1.300000000000000000e+01
9.400000000000000000e+01,2.169458839456302884e-02,-1.186953489057159944e-01,9.000000000000000000e+00
9.500000000000000000e+01,-2.779563194662484360e-01,-6.541352967467144175e-02,1.000000000000000000e+01
9.600000000000000000e+01,1.363030464330529101e+00,-2.566137298369267072e-01,1.000000000000000000e+00
9.700000000000000000e+01,-3.197970021796495699e-01,9.114180474809095989e-01,9.000000000000000000e+00
9.800000000000000000e+01,-2.750558804232124399e-01,-1.153339855462649083e-01,6.000000000000000000e+00
9.900000000000000000e+01,-5.959006424061780161e-02,-8.732054906097359848e-02,1.100000000000000000e+01
1.000000000000000000e+02,-3.629733816127646562e-01,-8.436856041270530959e-02,0.000000000000000000e+00
1.010000000000000000e+02,-2.607699516029076126e-01,-1.060479398639710691e-01,4.000000000000000000e+00
1.020000000000000000e+02,-3.228764291989866253e-01,-1.265626863377862787e-01,8.000000000000000000e+00
1.030000000000000000e+02,1.159555670611764677e+00,-2.511913023797030520e-01,1.000000000000000000e+00
1.040000000000000000e+02,-2.071798590934513240e-01,-1.151162160089243408e-01,2.000000000000000000e+00
1.050000000000000000e+02,-4.044370195105654320e-01,-7.517042483749344917e-02,1.100000000000000000e+01
1.060000000000000000e+02,7.004858903467113540e-02,8.942755247446556588e-01,0.000000000000000000e+00
1.070000000000000000e+02,7.013505199028981230e-02,9.103544625836178517e-01,1.000000000000000000e+01
1.080000000000000000e+02,-3.167100432952877354e-01,-1.265350773717216493e-01,8.000000000000000000e+00
1.090000000000000000e+02,-3.493856363262150266e-02,-8.889628524308780533e-02,9.000000000000000000e+00
1.100000000000000000e+02,2.574947701078948992e-01,-1.242183848794947421e-01,2.000000000000000000e+00
1.110000000000000000e+02,-3.440390471391525651e-01,-1.024228756438353566e-01,3.000000000000000000e+00
1.120000000000000000e+02,1.298726587821750211e+00,7.346824774800523317e-01,7.000000000000000000e+00
1.130000000000000000e+02,-3.946175768821560403e-01,-1.182446345846049907e-01,1.200000000000000000e+01
1.140000000000000000e+02,-1.635597482613245501e-01,-1.132916251280953884e-01,9.000000000000000000e+00
1.150000000000000000e+02,1.233801297391656504e-01,-1.335163075543335520e-01,1.300000000000000000e+01
1.160000000000000000e+02,-2.198318735079442254e-02,-9.613047913289600455e-02,1.000000000000000000e+01
1.170000000000000000e+02,-3.033971997425700673e-01,-1.117658078056002063e-01,3.000000000000000000e+00
1.180000000000000000e+02,1.742380478019550927e-01,-1.175173497328076688e-01,2.000000000000000000e+00
1.190000000000000000e+02,-3.822800622254055591e-01,-7.803045257862326056e-02,6.000000000000000000e+00
1.200000000000000000e+02,1.417482558885171162e+00,-2.915640704461887056e-01,1.000000000000000000e+00
1.210000000000000000e+02,-5.613325540070965292e-02,-1.094763824774613453e-01,2.000000000000000000e+00
1.220000000000000000e+02,-1.274353133876754418e-01,-9.499363518194023359e-02,6.000000000000000000e+00
1.230000000000000000e+02,-8.860045265397485659e-02,-1.032584970365446470e-01,1.000000000000000000e+01
1.240000000000000000e+02,-1.714096952914482552e-01,-6.881232392829368660e-02,1.100000000000000000e+01
1.250000000000000000e+02,3.320597217397161516e-02,-1.428707306596702920e-01,5.000000000000000000e+00
1.260000000000000000e+02,-5.167560377344402323e-01,-5.801832205133079096e-02,8.000000000000000000e+00
1.270000000000000000e+02,-6.439466360890072627e-02,-8.338968904080758249e-02,1.300000000000000000e+01
1.280000000000000000e+02,-1.094685829346982858e-01,-7.514675145577176529e-02,9.000000000000000000e+00
1.290000000000000000e+02,-3.281136257734619255e-01,-1.174637958973996088e-01,1.200000000000000000e+01
1.300000000000000000e+02,1.243859456294789112e+00,-2.551657105745425147e-01,7.000000000000000000e+00
1.310000000000000000e+02,-3.062228665379758130e-01,-7.731601100896201562e-02,1.100000000000000000e+01
1.320000000000000000e+02,-2.041569334884219544e-01,-1.277530863081945411e-01,1.200000000000000000e+01
1.330000000000000000e+02,-2.016977478991560380e-01,-1.126620408956264946e-01,3.000000000000000000e+00
1.340000000000000000e+02,-1.808719083176511533e-01,-8.544086588138061211e-02,9.000000000000000000e+00
1.350000000000000000e+02,2.488785423934480601e-01,-1.346528147952305299e-01,1.300000000000000000e+01
1.360000000000000000e+02,1.176584873910546225e+00,-2.490233712835376312e-01,7.000000000000000000e+00
1.370000000000000000e+02,-2.400212296760606545e-01,-9.757605834512513010e-02,2.000000000000000000e+00
1.380000000000000000e+02,3.289280450991358684e-01,-1.420005420405013874e-01,0.000000000000000000e+00
1.390000000000000000e+02,1.679878848418175086e-01,-1.513499316927123250e-01,5.000000000000000000e+00
2.100000000000000000e+02,-2.175059838769986542e-01,-1.040602315933966404e-01,4.000000000000000000e+00
2.110000000000000000e+02,-1.953797127691183494e-02,-1.035809890206062789e-01,1.300000000000000000e+01
2.120000000000000000e+02,-2.762395586581123386e-01,-1.276516160488005147e-01,5.000000000000000000e+00
2.130000000000000000e+02,-3.826112246802040318e-01,9.137174578425938387e-01,6.000000000000000000e+00
2.140000000000000000e+02,-2.383953572094121010e-01,-7.271131407206835040e-02,1.100000000000000000e+01
2.150000000000000000e+02,-4.107149177167821463e-01,-5.626549436808483268e-02,1.100000000000000000e+01
2.160000000000000000e+02,-1.859832399874915554e-01,-1.192042132015316280e-01,1.000000000000000000e+01
2.170000000000000000e+02,1.410073881961589004e+00,-2.794559485793779441e-01,1.000000000000000000e+00
2.180000000000000000e+02,-2.397165712896497658e-01,-1.092975047040426889e-01,9.000000000000000000e+00
2.190000000000000000e+02,-2.460603403525038479e-03,-1.439513475951520460e-01,5.000000000000000000e+00
2.200000000000000000e+02,-2.441276014536533090e-01,-1.100030003993210381e-01,1.000000000000000000e+01
2.210000000000000000e+02,-3.873808827792242226e-01,-9.721449425915303089e-02,3.000000000000000000e+00
2.220000000000000000e+02,-4.903455758913835005e-01,-6.617304888005397234e-02,6.000000000000000000e+00
2.230000000000000000e+02,7.091262643714069114e-01,-2.041890297197281323e-01,1.000000000000000000e+00
2.240000000000000000e+02,-3.753669279726761232e-01,-9.298167566942935891e-02,6.000000000000000000e+00
2.250000000000000000e+02,1.311446763454418241e+00,-2.617172822364252083e-01,7.000000000000000000e+00
2.260000000000000000e+02,-3.115069139365879702e-01,-1.375222757722361078e-01,8.000000000000000000e+00
2.270000000000000000e+02,-3.307593108606530774e-01,-1.008166639035971424e-01,1.000000000000000000e+01
2.280000000000000000e+02,7.816708790174932142e-01,-2.273800041819805107e-01,1.000000000000000000e+00
2.290000000000000000e+02,-3.731675131189791106e-01,9.214484940366428622e-01,1.100000000000000000e+01
2.300000000000000000e+02,-3.352617746604993898e-01,-8.961402433305751258e-02,6.000000000000000000e+00
2.310000000000000000e+02,-2.778054570001146639e-01,-1.452275372902823158e-01,8.000000000000000000e+00
2.320000000000000000e+02,-6.001057962412646024e-02,-1.320831805959107319e-01,3.000000000000000000e+00
2.330000000000000000e+02,-1.317081802841294225e-01,-1.248571294087011813e-01,1.000000000000000000e+01
2.340000000000000000e+02,-3.054522015468986162e-01,-1.330698098720573264e-01,1.200000000000000000e+01
2.350000000000000000e+02,5.933479321527671685e-02,-1.464463228423276697e-01,5.000000000000000000e+00
2.360000000000000000e+02,1.354900928651563141e-01,-2.148711380829692597e-01,8.000000000000000000e+00
2.370000000000000000e+02,-3.614425530207022730e-01,-6.511292566229494316e-02,4.000000000000000000e+00
2.380000000000000000e+02,-2.768431082618421635e-01,-7.163601359146491709e-02,1.300000000000000000e+01
2.390000000000000000e+02,-2.865940799955307705e-01,-9.673697992652920130e-02,1.200000000000000000e+01
2.400000000000000000e+02,-8.885291949103236997e-02,-5.947989411851768715e-02,1.300000000000000000e+01
2.410000000000000000e+02,-1.177808673897070835e-01,-1.093254961112806317e-01,9.000000000000000000e+00
2.420000000000000000e+02,-4.254082291350289036e-01,-7.421152152674947988e-02,9.000000000000000000e+00
2.430000000000000000e+02,-2.802631265432947161e-01,-8.131791029067714227e-02,2.000000000000000000e+00
2.440000000000000000e+02,-5.656251959086177061e-01,-8.362543604434026501e-02,6.000000000000000000e+00
2.450000000000000000e+02,3.552480909788822139e-01,8.860016351910564580e-01,0.000000000000000000e+00
2.460000000000000000e+02,-8.517316022656445940e-02,-6.762717655781186332e-02,1.300000000000000000e+01
2.470000000000000000e+02,-4.011127066784148099e-01,-6.826583930271688805e-02,2.000000000000000000e+00
2.480000000000000000e+02,-2.455356279961418697e-01,-1.339502876494951811e-01,8.000000000000000000e+00
2.490000000000000000e+02,-3.922211248707966891e-01,-1.020922012847113869e-01,1.200000000000000000e+01
2.500000000000000000e+02,-1.650853372524549167e-01,-8.635815276093683490e-02,0.000000000000000000e+00
2.510000000000000000e+02,7.579055505424310557e-02,8.900942049159634717e-01,0.000000000000000000e+00
2.520000000000000000e+02,-3.115074858633972155e-01,-9.598966100636598109e-02,8.000000000000000000e+00
2.530000000000000000e+02,-2.829897292079809334e-01,-1.125957632827681715e-01,1.200000000000000000e+01
2.540000000000000000e+02,-1.817383333432978920e-01,-1.063671823410253514e-01,9.000000000000000000e+00
2.550000000000000000e+02,-4.815063508859409591e-01,-6.426007828023042046e-02,6.000000000000000000e+00
2.560000000000000000e+02,-2.200563156599958659e-01,-8.078840519278158994e-02,1.000000000000000000e+01
2.570000000000000000e+02,1.223916421965425272e+00,7.328624707133399863e-01,1.000000000000000000e+00
2.580000000000000000e+02,-8.903067018439286828e-02,-9.165701333298077735e-02,4.000000000000000000e+00
2.590000000000000000e+02,1.250918094706019668e+00,7.372030832032460124e-01,7.000000000000000000e+00
2.600000000000000000e+02,-1.550490026326308834e-01,-9.248045356113913928e-02,1.300000000000000000e+01
2.610000000000000000e+02,2.731579836933586414e-01,-1.214201980275078918e-01,7.000000000000000000e+00
2.620000000000000000e+02,-3.963367050748085596e-01,-7.620888334862604974e-02,1.100000000000000000e+01
2.630000000000000000e+02,-3.126881150016591060e-01,-6.073706120053667251e-02,9.000000000000000000e+00
2.640000000000000000e+02,2.384950751489320064e-01,-1.221363187088748831e-01,0.000000000000000000e+00
2.650000000000000000e+02,6.172004368888158732e-01,-1.639243981384017335e-01,1.000000000000000000e+00
2.660000000000000000e+02,-4.644367864071222152e-01,-7.791163767277868579e-02,6.000000000000000000e+00
2.670000000000000000e+02,5.847535898255457748e-02,-1.452843980798387835e-01,6.000000000000000000e+00
2.680000000000000000e+02,-1.919673374224705742e-01,-1.269946119945158658e-01,8.000000000000000000e+00
2.690000000000000000e+02,2.646429337877880816e-01,-1.105750503528356299e-01,1.300000000000000000e+01
2.700000000000000000e+02,-3.872646626425187422e-01,-7.770019235912956068e-02,6.000000000000000000e+00
2.710000000000000000e+02,2.027135831032479962e-01,-1.187000524411358504e-01,1.300000000000000000e+01
2.720000000000000000e+02,8.969649989208591245e-01,-2.159123043077434689e-01,7.000000000000000000e+00
2.730000000000000000e+02,-3.755357249987557600e-01,-1.161350910873547304e-01,8.000000000000000000e+00
2.740000000000000000e+02,7.713644942316401354e-02,-1.115409658789551506e-01,1.300000000000000000e+01
2.750000000000000000e+02,5.507781392028090472e-01,8.530618734447479312e-01,0.000000000000000000e+00
2.760000000000000000e+02,-1.909860619821078520e-01,9.011581807092692298e-01,6.000000000000000000e+00
2.770000000000000000e+02,-2.501770224654623065e-01,-9.035117467796509316e-02,4.000000000000000000e+00
2.780000000000000000e+02,7.793702766891499323e-01,-1.907289508490321028e-01,7.000000000000000000e+00
2.790000000000000000e+02,-1.168181843621595717e-01,-1.322327975777812525e-01,3.000000000000000000e+00
2.800000000000000000e+02,-3.690806630487564188e-01,-1.344603898310685886e-01,8.000000000000000000e+00
2.810000000000000000e+02,-3.469382841954011254e-01,-1.311691186438632140e-01,8.000000000000000000e+00
2.820000000000000000e+02,2.773539000051246095e-01,-1.165243294877668506e-01,2.000000000000000000e+00
2.830000000000000000e+02,-3.444926113693824177e-01,-1.179931140829163227e-01,1.200000000000000000e+01
2.840000000000000000e+02,-1.653065946573083478e-01,9.299567667544841321e-01,9.000000000000000000e+00
2.850000000000000000e+02,3.015273061233076923e-01,-1.332540652740578369e-01,2.000000000000000000e+00
2.860000000000000000e+02,-2.527757886052061087e-01,-1.172374388555386115e-01,8.000000000000000000e+00
2.870000000000000000e+02,-4.190551733960105052e-01,-1.051750217286489819e-01,8.000000000000000000e+00
2.880000000000000000e+02,2.750765878236833828e-01,-1.993458070587254549e-01,3.000000000000000000e+00
2.890000000000000000e+02,-3.609929275862175935e-01,-1.291499757658869929e-01,8.000000000000000000e+00
2.900000000000000000e+02,-6.980276654199964181e-02,-1.400665826179461060e-01,5.000000000000000000e+00
2.910000000000000000e+02,-5.099840662213070974e-01,-8.682463796891450036e-02,8.000000000000000000e+00
2.920000000000000000e+02,1.528903299606752531e-01,-1.369457253349278258e-01,1.300000000000000000e+01
2.930000000000000000e+02,-2.680620025577752918e-01,-1.168239751624490647e-01,3.000000000000000000e+00
2.940000000000000000e+02,-1.649812491930062741e-01,-8.851609896950718426e-02,1.000000000000000000e+01
2.950000000000000000e+02,1.391865602789102777e-02,9.100078591211755441e-01,1.300000000000000000e+01
2.960000000000000000e+02,1.784718124099690384e-01,8.771215081183073581e-01,1.300000000000000000e+01
2.970000000000000000e+02,-3.387749250073359142e-01,-1.341006098106022615e-01,8.000000000000000000e+00
2.980000000000000000e+02,-8.541539535217203272e-02,-1.197628594068994995e-01,9.000000000000000000e+00
2.990000000000000000e+02,-4.390662493159124824e-01,-9.969188142029432320e-02,6.000000000000000000e+00
3.000000000000000000e+02,-5.998651101031470673e-02,8.627964298062957837e-01,3.000000000000000000e+00
3.010000000000000000e+02,1.269081555843108555e+00,-2.898758880579679897e-01,1.000000000000000000e+00
3.020000000000000000e+02,-1.158364893479878754e-01,-1.008472593650897031e-01,0.000000000000000000e+00
3.030000000000000000e+02,-2.479395109757147886e-01,-1.156816430266927598e-01,3.000000000000000000e+00
3.040000000000000000e+02,1.016925297710461251e+00,-2.359058783017593808e-01,7.000000000000000000e+00
3.050000000000000000e+02,-4.574968386498032835e-01,-8.528997083423299486e-02,1.200000000000000000e+01
3.060000000000000000e+02,2.604184737312827402e-01,-1.476138894881079688e-01,0.000000000000000000e+00
3.070000000000000000e+02,3.045953976292876675e-01,8.765244199820692028e-01,1.300000000000000000e+01
3.080000000000000000e+02,-2.127141397254130040e-01,-1.022671273917210716e-01,6.000000000000000000e+00
3.090000000000000000e+02,-2.779790040521696315e-01,-9.166221022200449209e-02,1.100000000000000000e+01
3.100000000000000000e+02,9.016194555872565630e-02,-1.218962708882643936e-01,0.000000000000000000e+00
3.110000000000000000e+02,-3.562217347435081005e-01,-8.245295200167715444e-02,4.000000000000000000e+00
3.120000000000000000e+02,-3.701421213120178466e-01,-9.713444800654874589e-02,1.200000000000000000e+01
3.130000000000000000e+02,4.805190960631174346e-01,-1.306739025374540342e-01,7.000000000000000000e+00
3.140000000000000000e+02,-1.814326171101446686e-02,-1.180598485725652541e-01,2.000000000000000000e+00
3.150000000000000000e+02,-1.351818423792233714e-01,9.264697665295357210e-01,1.000000000000000000e+01
3.160000000000000000e+02,-1.139369870749425695e-01,-9.083854303071046965e-02,1.000000000000000000e+01
3.170000000000000000e+02,-1.370178668250512100e-01,-8.564782130102333024e-02,0.000000000000000000e+00
3.180000000000000000e+02,-3.387823472383059697e-01,-8.872212338567396495e-02,1.200000000000000000e+01
3.190000000000000000e+02,-3.257513878787591244e-01,8.969445700285321177e-01,1.200000000000000000e+01
3.200000000000000000e+02,2.612590385190695016e-02,-9.295131918346828670e-02,2.000000000000000000e+00
3.210000000000000000e+02,-3.856468347714828715e-01,-9.072873043526637205e-02,3.000000000000000000e+00
3.220000000000000000e+02,-2.771405842133536912e-01,-1.316160858685133939e-01,8.000000000000000000e+00
3.230000000000000000e+02,-3.987347468261440708e-01,-1.074806024991301900e-01,9.000000000000000000e+00
3.240000000000000000e+02,3.919491059191975157e-01,-1.366535905355414082e-01,1.300000000000000000e+01
3.250000000000000000e+02,-1.433238594992106429e-01,-8.682746927153840721e-02,6.000000000000000000e+00
3.260000000000000000e+02,-3.357511679257190740e-01,-7.354271394833743203e-02,9.000000000000000000e+00
3.270000000000000000e+02,-4.160664898599916173e-01,-8.496051549388415614e-02,6.000000000000000000e+00
3.280000000000000000e+02,1.265307902974811549e-01,-2.250852044647221051e-01,8.000000000000000000e+00
3.290000000000000000e+02,-4.027938630825692590e-01,-7.539045649464479193e-02,9.000000000000000000e+00
3.300000000000000000e+02,-3.941305321230891834e-01,-1.301650355871833420e-01,8.000000000000000000e+00
3.310000000000000000e+02,1.219328004170598279e+00,-2.771160524997535735e-01,1.000000000000000000e+00
3.320000000000000000e+02,-2.917227212390784419e-01,-8.259912647003157804e-02,6.000000000000000000e+00
3.330000000000000000e+02,3.916105551130438095e-02,-1.555353407481110117e-01,5.000000000000000000e+00
3.340000000000000000e+02,-2.956652434480980807e-01,9.193409806032415421e-01,4.000000000000000000e+00
3.350000000000000000e+02,4.828869759674761508e-01,-1.567178422249687619e-01,1.300000000000000000e+01
3.360000000000000000e+02,-3.826221963343553467e-01,-8.530896600225651438e-02,3.000000000000000000e+00
3.370000000000000000e+02,-1.360747504067375824e-01,-9.235709209837222877e-02,2.000000000000000000e+00
3.380000000000000000e+02,1.181120741020538878e+00,-2.789081346368590397e-01,1.000000000000000000e+00
3.390000000000000000e+02,-5.348687839190504612e-01,-6.846573280224055313e-02,6.000000000000000000e+00
3.400000000000000000e+02,-4.394618671844439661e-01,-9.081718004935865340e-02,1.200000000000000000e+01
3.410000000000000000e+02,1.014197056646643835e+00,-2.385031381168132292e-01,7.000000000000000000e+00
3.420000000000000000e+02,-4.799844313726034373e-01,-6.906770899771068339e-02,4.000000000000000000e+00
3.430000000000000000e+02,1.561409756837288734e-02,-9.567861419224729658e-02,1.300000000000000000e+01
3.440000000000000000e+02,-7.388621392592296944e-02,-1.299943057747880437e-01,5.000000000000000000e+00
3.450000000000000000e+02,1.667973699514858354e-01,-1.364669975018898973e-01,5.000000000000000000e+00
3.460000000000000000e+02,-2.671708092899554021e-01,-8.224618965714035335e-02,1.100000000000000000e+01
3.470000000000000000e+02,-2.486587435555997344e-02,8.921149932406164940e-01,9.000000000000000000e+00
3.480000000000000000e+02,-3.175412127917419114e-01,-1.273889811532282756e-01,3.000000000000000000e+00
3.490000000000000000e+02,-2.134537919620942137e-01,-1.313548942041392054e-01,1.200000000000000000e+01
3.500000000000000000e+02,-2.402072044747299573e-01,-1.069536485703165840e-01,9.000000000000000000e+00
3.510000000000000000e+02,-2.534815815284305329e-01,-8.613381107959373895e-02,6.000000000000000000e+00
3.520000000000000000e+02,-3.319005800101221815e-01,-9.548542529122679146e-02,9.000000000000000000e+00
3.530000000000000000e+02,-2.327387655019064749e-01,-1.052823240057897125e-01,3.000000000000000000e+00
3.540000000000000000e+02,-3.380497844789085438e-01,-5.308685119810398201e-02,1.100000000000000000e+01
3.550000000000000000e+02,-3.406082127361466094e-01,-8.490057482627841323e-02,4.000000000000000000e+00
3.560000000000000000e+02,1.440172327041149725e+00,-2.930567013997678605e-01,1.000000000000000000e+00
3.570000000000000000e+02,-4.519778482310657375e-01,-7.773077802527569857e-02,1.100000000000000000e+01
3.580000000000000000e+02,-3.888115934419248548e-02,-1.413748194469311992e-01,8.000000000000000000e+00
3.590000000000000000e+02,-1.466709263151748932e-01,-8.106547578045275593e-02,1.300000000000000000e+01
3.600000000000000000e+02,-1.979927353229077036e-01,-1.006000243251960746e-01,2.000000000000000000e+00
3.610000000000000000e+02,-1.970352326737142834e-01,-7.704007718402207383e-02,4.000000000000000000e+00
3.620000000000000000e+02,-4.499694587110678601e-01,-4.916750289439422716e-02,9.000000000000000000e+00
3.630000000000000000e+02,-4.686870082790070002e-01,-9.296623860538111295e-02,1.200000000000000000e+01
3.640000000000000000e+02,-7.575024904363718281e-02,-7.559373188666838883e-02,1.000000000000000000e+01
3.650000000000000000e+02,-3.364736265017178596e-01,-9.184925900294976797e-02,2.000000000000000000e+00
3.660000000000000000e+02,-2.898617870209384551e-01,-1.480528624113325309e-01,8.000000000000000000e+00
3.670000000000000000e+02,-5.178470753638351326e-02,8.949803736660564280e-01,9.000000000000000000e+00
3.680000000000000000e+02,-1.481794823132636663e-01,-9.724743923469754414e-02,4.000000000000000000e+00
3.690000000000000000e+02,-3.660194306919950513e-02,-1.349254100991771899e-01,5.000000000000000000e+00
3.700000000000000000e+02,9.636832677459826746e-01,-2.299536596957140744e-01,7.000000000000000000e+00
3.710000000000000000e+02,-2.721671684382208078e-01,-1.413385538596137192e-01,1.200000000000000000e+01
3.720000000000000000e+02,1.397000849794328481e+00,-2.811381995752438301e-01,1.000000000000000000e+00
3.730000000000000000e+02,-4.676875416260272700e-01,-7.328442032718750221e-02,1.100000000000000000e+01
3.740000000000000000e+02,-1.797661681132344258e-01,-1.267696549412786755e-01,8.000000000000000000e+00
3.750000000000000000e+02,2.263050771025063718e-02,8.445740633756395610e-01,0.000000000000000000e+00
3.760000000000000000e+02,2.959796679546879417e-01,-1.301554953068527754e-01,1.000000000000000000e+00
3.770000000000000000e+02,1.722619570268449918e-01,8.578858027055880076e-01,1.000000000000000000e+01
3.780000000000000000e+02,7.794095277302723890e-01,-2.131566023455310210e-01,7.000000000000000000e+00
3.790000000000000000e+02,2.636988257403783398e-01,8.481073276978590147e-01,5.000000000000000000e+00
3.800000000000000000e+02,-2.760609810798854702e-01,-1.007635417837044883e-01,1.100000000000000000e+01
3.810000000000000000e+02,-7.505970294258441922e-02,-9.637802867593756040e-02,2.000000000000000000e+00
3.820000000000000000e+02,-1.559158232102771935e-01,-6.092468454250284104e-02,1.300000000000000000e+01
3.830000000000000000e+02,4.199136259617980982e-01,-2.032719392794517244e-01,7.000000000000000000e+00
3.840000000000000000e+02,8.167780874001816516e-01,-2.146758594159151878e-01,7.000000000000000000e+00
3.850000000000000000e+02,7.425447028497433877e-01,-1.657463075524766571e-01,7.000000000000000000e+00
3.860000000000000000e+02,1.259011459950644563e+00,7.178371329773537424e-01,1.000000000000000000e+00
3.870000000000000000e+02,1.687947103919404113e-01,8.256923854296860377e-01,3.000000000000000000e+00
3.880000000000000000e+02,-3.902192168355438362e-01,-1.100777723285222554e-01,8.000000000000000000e+00
3.890000000000000000e+02,-2.060409084735161100e-01,-7.782675600544296246e-02,1.300000000000000000e+01
3.900000000000000000e+02,-2.150271511877805408e-01,-7.492484623098966123e-02,1.300000000000000000e+01
3.910000000000000000e+02,1.367305698110221401e+00,7.146630611963714630e-01,1.000000000000000000e+00
3.920000000000000000e+02,6.601916229405696557e-02,-1.328120763370919111e-01,5.000000000000000000e+00
3.930000000000000000e+02,-3.883009246188635077e-01,-1.168159674562209427e-01,1.200000000000000000e+01
3.940000000000000000e+02,-3.188508247681459129e-01,-8.615950618577536413e-02,6.000000000000000000e+00
3.950000000000000000e+02,-5.217311391362657730e-02,-1.378054043402730522e-01,5.000000000000000000e+00
3.960000000000000000e+02,-4.054222675092482575e-01,-1.232136602786988028e-01,8.000000000000000000e+00
3.970000000000000000e+02,-2.543706654934350664e-01,-7.181556889955564849e-02,1.100000000000000000e+01
3.980000000000000000e+02,1.258169996459810314e+00,-2.574375313016903366e-01,7.000000000000000000e+00
3.990000000000000000e+02,-3.124756931331915122e-01,-6.529025653163424148e-02,9.000000000000000000e+00
4.000000000000000000e+02,-5.293409315233499335e-02,-1.149347869603134370e-01,2.000000000000000000e+00
4.010000000000000000e+02,-3.528996224089795408e-01,-8.001070026819519232e-02,4.000000000000000000e+00
4.020000000000000000e+02,-4.917374128610597223e-02,-9.771140863334043525e-02,1.000000000000000000e+01
4.030000000000000000e+02,-4.279322688335823188e-01,-7.974628020305264686e-02,2.000000000000000000e+00
4.040000000000000000e+02,-1.629107697447445754e-02,-1.050197262576191143e-01,0.000000000000000000e+00
4.050000000000000000e+02,-2.111448658505079845e-01,-6.571269021527105514e-02,1.300000000000000000e+01
4.060000000000000000e+02,-3.509966379388075319e-01,-1.367453698824685482e-01,8.000000000000000000e+00
4.070000000000000000e+02,-3.413517186992447994e-01,-8.074259339341281760e-02,9.000000000000000000e+00
4.080000000000000000e+02,2.020852996823420955e-01,8.449254617808833467e-01,5.000000000000000000e+00
4.090000000000000000e+02,-4.164615900679550231e-01,-7.108641116125749559e-02,1.100000000000000000e+01
4.100000000000000000e+02,-2.479699923925523242e-01,-1.262899855889250966e-01,3.000000000000000000e+00
4.110000000000000000e+02,2.983300183120755622e-01,-1.294154426008996550e-01,7.000000000000000000e+00
4.120000000000000000e+02,-3.640700092274566368e-01,-6.463273431542480851e-02,1.000000000000000000e+01
4.130000000000000000e+02,1.221211399108310114e-01,-1.597212827229890497e-01,5.000000000000000000e+00
4.140000000000000000e+02,-4.787069479895005863e-01,-7.045691845696411271e-02,6.000000000000000000e+00
4.150000000000000000e+02,-2.430672632958665036e-01,-8.471887607797917719e-02,2.000000000000000000e+00
4.160000000000000000e+02,-4.377894333378963831e-01,-8.453829986346725334e-02,8.000000000000000000e+00
4.170000000000000000e+02,-4.933783815785184879e-01,-7.742427454907371831e-02,6.000000000000000000e+00
4.180000000000000000e+02,7.553522840634113722e-01,-2.004559199566528227e-01,7.000000000000000000e+00
4.190000000000000000e+02,-2.863212666483311297e-01,-7.378768434176272151e-02,1.100000000000000000e+01
4.200000000000000000e+02,-2.816583334608271927e-01,-7.231147258223778740e-02,1.100000000000000000e+01
4.210000000000000000e+02,-6.251373488506639653e-02,-1.089315636387825220e-01,2.000000000000000000e+00
4.220000000000000000e+02,-2.354456189491064277e-01,-8.495336028141842188e-02,1.000000000000000000e+01
4.230000000000000000e+02,-2.018001685913086429e-01,-1.179337663467677488e-01,2.000000000000000000e+00
4.240000000000000000e+02,-1.430644569797290544e-01,-8.319286813579158946e-02,0.000000000000000000e+00
4.250000000000000000e+02,-3.694428926844877115e-01,-1.092483746161393293e-01,1.200000000000000000e+01
4.260000000000000000e+02,1.289534780480625642e+00,-2.523763396157652217e-01,1.000000000000000000e+00
4.270000000000000000e+02,-1.225520782482666382e-01,-1.681890218710642426e-01,1.200000000000000000e+01
4.280000000000000000e+02,-3.797520908655069305e-01,-7.947399632001408976e-02,1.100000000000000000e+01
4.290000000000000000e+02,-2.853113795222776972e-01,-1.045616807977189505e-01,3.000000000000000000e+00
4.300000000000000000e+02,1.263110684067182854e+00,-2.574065039522330789e-01,1.000000000000000000e+00
4.310000000000000000e+02,-4.159872852901084772e-01,-8.479884022994736703e-02,4.000000000000000000e+00
4.320000000000000000e+02,1.935870973395462658e-01,-1.109910449369300445e-01,0.000000000000000000e+00
4.330000000000000000e+02,-5.029725643879540131e-01,-6.474888213775609191e-02,1.000000000000000000e+01
4.340000000000000000e+02,-2.506106237320399610e-01,-1.102503356583512256e-01,6.000000000000000000e+00
4.350000000000000000e+02,-1.789383727381464173e-01,8.872767914668004963e-01,3.000000000000000000e+00
4.360000000000000000e+02,-3.478977343373597653e-01,-9.789426987025186266e-02,2.000000000000000000e+00
4.370000000000000000e+02,1.437498735000102057e+00,-2.914184907785863365e-01,1.000000000000000000e+00
4.380000000000000000e+02,-4.468356289818520843e-01,-8.535325134297742922e-02,1.200000000000000000e+01
4.390000000000000000e+02,-2.329867286629632162e-01,-9.351587382237666612e-02,2.000000000000000000e+00
4.400000000000000000e+02,-4.707283146954484576e-01,-1.058801601059309594e-01,1.100000000000000000e+01
4.410000000000000000e+02,-2.070273155190681946e-01,8.870146155101178431e-01,3.000000000000000000e+00
4.420000000000000000e+02,3.229075968792634033e-01,-1.552580221028947716e-01,1.300000000000000000e+01
4.430000000000000000e+02,-2.873546733700945710e-01,-1.044671113779818555e-01,3.000000000000000000e+00
4.440000000000000000e+02,-4.289299478351466521e-01,-7.366169149145543327e-02,4.000000000000000000e+00
4.450000000000000000e+02,-4.353909868757500634e-01,-7.402958411354680635e-02,4.000000000000000000e+00
4.460000000000000000e+02,1.134737501498809253e+00,-2.512852780278815867e-01,1.000000000000000000e+00
4.470000000000000000e+02,6.328298603471964601e-01,-1.763451141138994704e-01,1.000000000000000000e+00
4.480000000000000000e+02,-1.858194621611987118e-01,-1.268995434772616782e-01,8.000000000000000000e+00
4.490000000000000000e+02,-3.504386066667605215e-01,-1.121182100558219957e-01,1.200000000000000000e+01
4.500000000000000000e+02,-3.336534250719606076e-01,-7.825736912697998926e-02,1.000000000000000000e+01
4.510000000000000000e+02,2.745562972594683959e-01,-1.080557261449687223e-01,0.000000000000000000e+00
4.520000000000000000e+02,-4.765091216874107194e-01,-1.007802016022661673e-01,3.000000000000000000e+00
4.530000000000000000e+02,-4.156439897602158817e-01,-7.115704822027911491e-02,9.000000000000000000e+00
4.540000000000000000e+02,1.135584806477280412e-01,-9.598962531619967264e-02,2.000000000000000000e+00
4.550000000000000000e+02,-2.109004757561369348e-01,8.797898871813049082e-01,3.000000000000000000e+00
4.560000000000000000e+02,-1.913801558525910218e-01,-6.878127057892217955e-02,1.100000000000000000e+01
4.570000000000000000e+02,-3.791297151275253019e-01,-8.556940696918331757e-02,3.000000000000000000e+00
4.580000000000000000e+02,-3.597588704290609618e-01,-9.799239601513241860e-02,2.000000000000000000e+00
4.590000000000000000e+02,1.120394447727501186e+00,-2.555474261948910142e-01,1.000000000000000000e+00
4.600000000000000000e+02,-1.888671737863838185e-01,-1.010529308040506169e-01,2.000000000000000000e+00
4.610000000000000000e+02,-1.698477183699346749e-01,-8.636932089349171060e-02,1.100000000000000000e+01
4.620000000000000000e+02,-4.146309192065953941e-01,-8.553289010087493371e-02,4.000000000000000000e+00
4.630000000000000000e+02,-1.874618241587952261e-01,-6.003905491963934526e-02,9.000000000000000000e+00
4.640000000000000000e+02,-5.775163822609357539e-02,8.526722568262959934e-01,8.000000000000000000e+00
4.650000000000000000e+02,-1.729888058129531725e-01,-9.393629956889484878e-02,1.000000000000000000e+01
4.660000000000000000e+02,-1.360912367712512894e-01,8.709172044973830795e-01,9.000000000000000000e+00
4.670000000000000000e+02,-3.587922395867654823e-01,-7.239642190737795302e-02,1.100000000000000000e+01
4.680000000000000000e+02,-3.746471905377687928e-01,-1.017750573785527468e-01,1.200000000000000000e+01
4.690000000000000000e+02,-4.184098901930241587e-01,-9.647485425119094182e-02,2.000000000000000000e+00
4.700000000000000000e+02,1.364415654198606109e+00,-2.744345540517735271e-01,1.000000000000000000e+00
4.710000000000000000e+02,-3.246151919732528368e-01,-8.135124494461423716e-02,9.000000000000000000e+00
4.720000000000000000e+02,-4.005629410438409921e-01,-1.386127029860550475e-01,8.000000000000000000e+00
4.730000000000000000e+02,3.876060541255784697e-01,-1.583275977405725898e-01,5.000000000000000000e+00
4.740000000000000000e+02,1.357382457203225368e+00,-2.768940891332232201e-01,1.000000000000000000e+00
4.750000000000000000e+02,1.456855879189065117e+00,-2.872578029689766277e-01,1.000000000000000000e+00
4.760000000000000000e+02,1.459001988767696822e+00,-2.895245822652730006e-01,1.000000000000000000e+00
4.770000000000000000e+02,2.791830968197492324e-01,-1.195676455238963709e-01,1.300000000000000000e+01
4.780000000000000000e+02,-2.434121732512587455e-01,-1.085636789211563424e-01,5.000000000000000000e+00
4.790000000000000000e+02,-2.657999982742108580e-01,-7.218163579146716358e-02,1.100000000000000000e+01
4.800000000000000000e+02,-1.482291672899661850e-01,-7.732650717606411039e-02,9.000000000000000000e+00
4.810000000000000000e+02,-4.463229810008121357e-01,-6.606439240500391885e-02,4.000000000000000000e+00
4.820000000000000000e+02,-1.016248063547291192e-01,-1.168118352416626232e-01,1.000000000000000000e+01
4.830000000000000000e+02,-3.416646157098233716e-01,-8.840501458125597789e-02,2.000000000000000000e+00
4.840000000000000000e+02,-2.930520965925368371e-01,-1.187499555982555327e-01,8.000000000000000000e+00
4.850000000000000000e+02,-2.558386502372778648e-01,-9.279926868071518287e-02,1.100000000000000000e+01
4.860000000000000000e+02,-3.166621418010746591e-01,-1.102145124376532059e-01,1.100000000000000000e+01
4.870000000000000000e+02,-1.787896636743274426e-01,-1.121621063635398208e-01,9.000000000000000000e+00
4.880000000000000000e+02,1.189059039213561819e+00,-2.623475007545972848e-01,1.000000000000000000e+00
4.890000000000000000e+02,-2.616307295673751532e-01,-8.046444812086518683e-02,6.000000000000000000e+00
4.900000000000000000e+02,8.153257618697857811e-01,7.950545422577549592e-01,1.000000000000000000e+00
4.910000000000000000e+02,-1.991026419626675814e-01,8.684906549905181405e-01,3.000000000000000000e+00
4.920000000000000000e+02,2.696613831067066203e-01,8.187434149523215021e-01,3.000000000000000000e+00
4.930000000000000000e+02,-1.566544279728908362e-01,-8.616307653737320660e-02,1.000000000000000000e+01
4.940000000000000000e+02,-6.900919536649029185e-02,-1.133115177236010684e-01,0.000000000000000000e+00
4.950000000000000000e+02,2.123334178217743673e-01,-1.564122485626459058e-01,5.000000000000000000e+00
4.960000000000000000e+02,-4.074243465516667190e-02,-1.101466857838563074e-01,2.000000000000000000e+00
4.970000000000000000e+02,-5.985929584888170958e-03,-1.345850862511605295e-01,5.000000000000000000e+00
4.980000000000000000e+02,-3.210756207583105870e-01,-8.279842372730308875e-02,9.000000000000000000e+00
4.990000000000000000e+02,-1.121105716503165012e-01,-9.286683890019238607e-02,9.000000000000000000e+00
5.000000000000000000e+02,-3.327422085623575332e-01,-1.150901982697380005e-01,1.200000000000000000e+01
5.010000000000000000e+02,-4.035980104526967205e-01,-6.406788199074330004e-02,6.000000000000000000e+00
5.020000000000000000e+02,1.316317326159849754e+00,-2.862653937061805931e-01,1.000000000000000000e+00
5.030000000000000000e+02,-2.313872608714232226e-01,-8.088319619709158359e-02,1.000000000000000000e+01
5.040000000000000000e+02,1.717318367181934480e-01,-1.199119877293746833e-01,1.300000000000000000e+01
5.050000000000000000e+02,-1.250982684999808470e-01,-8.718097199149058008e-02,1.100000000000000000e+01
5.060000000000000000e+02,-4.398318153116011486e-01,-8.718755069196304497e-02,4.000000000000000000e+00
5.070000000000000000e+02,-2.911060307766937250e-01,-9.629889747331882299e-02,1.300000000000000000e+01
5.080000000000000000e+02,-1.368248937591600711e-01,-8.409312703519220000e-02,1.000000000000000000e+01
5.090000000000000000e+02,3.276294291565422928e-02,-1.532266057158715999e-01,4.000000000000000000e+00
5.100000000000000000e+02,-7.835171470047790077e-02,9.081912878874530692e-01,1.300000000000000000e+01
5.110000000000000000e+02,-1.695777976252606511e-01,-1.243893346358638796e-01,0.000000000000000000e+00
5.120000000000000000e+02,-1.149832315065029004e-01,-1.380681876555118481e-01,9.000000000000000000e+00
5.130000000000000000e+02,-4.619865904211856722e-01,-7.475239396525434898e-02,4.000000000000000000e+00
5.140000000000000000e+02,1.917228322912511440e-01,-2.154587779585385166e-01,1.200000000000000000e+01
5.150000000000000000e+02,1.107492386231358372e+00,-2.544464011244815249e-01,7.000000000000000000e+00
5.160000000000000000e+02,8.944708688435014377e-02,-1.259517070836217723e-01,5.000000000000000000e+00
5.170000000000000000e+02,-4.475452720705891951e-01,-8.031349734856967071e-02,9.000000000000000000e+00
5.180000000000000000e+02,-1.964127922786395863e-01,-8.485539158698503226e-02,1.100000000000000000e+01
5.190000000000000000e+02,-1.375596688062953772e-02,-1.257751803708024307e-01,5.000000000000000000e+00
5.200000000000000000e+02,-3.790847384899509454e-01,-5.044761758089295195e-02,9.000000000000000000e+00
5.210000000000000000e+02,3.508203296905393342e-01,-1.269850072501308713e-01,1.000000000000000000e+00
5.220000000000000000e+02,2.660185837098806919e-02,9.147594309352948816e-01,1.300000000000000000e+01
5.230000000000000000e+02,7.544434961269855418e-03,-1.308445985567590619e-01,5.000000000000000000e+00
5.240000000000000000e+02,1.207881133213081659e+00,-2.533656671298746277e-01,7.000000000000000000e+00
5.250000000000000000e+02,-4.636735348630263709e-02,-1.739533364154510764e-01,1.200000000000000000e+01
5.260000000000000000e+02,-4.069814803187147417e-02,9.166024038526232598e-01,1.100000000000000000e+01
5.270000000000000000e+02,1.342716725645745512e+00,-2.763274753230955394e-01,1.000000000000000000e+00
5.280000000000000000e+02,-3.474421910625717369e-01,-8.288259547161397345e-02,1.000000000000000000e+01
5.290000000000000000e+02,5.862035983210536205e-01,8.374377513745820956e-01,5.000000000000000000e+00
5.300000000000000000e+02,-2.903466744406761335e-01,-1.128579546591795130e-01,3.000000000000000000e+00
5.310000000000000000e+02,-4.683248466721664505e-01,-6.334882763340057843e-02,6.000000000000000000e+00
5.320000000000000000e+02,-2.962198043760741473e-01,9.183507043462335595e-01,4.000000000000000000e+00
5.330000000000000000e+02,-4.403700235955618214e-01,-9.397918277428984890e-02,1.100000000000000000e+01
5.340000000000000000e+02,-3.343565743188719463e-01,-1.036622716574424063e-01,3.000000000000000000e+00
5.350000000000000000e+02,-4.238198205825306764e-03,8.551491287864295687e-01,5.000000000000000000e+00
5.360000000000000000e+02,-2.497086524729179302e-01,-6.278305321890195745e-02,1.000000000000000000e+01
5.370000000000000000e+02,-3.099248021199074166e-01,-5.752643320590770937e-02,1.000000000000000000e+01
5.380000000000000000e+02,-3.252271506291754544e-01,-1.283091943648859146e-01,8.000000000000000000e+00
5.390000000000000000e+02,-4.458741817848806965e-01,-4.997039749627669308e-02,1.000000000000000000e+01
5.400000000000000000e+02,1.336871195831841996e+00,-2.918528445311143749e-01,1.000000000000000000e+00
5.410000000000000000e+02,1.476685385785207583e+00,-2.894423963110046572e-01,1.000000000000000000e+00
5.420000000000000000e+02,-4.217945212099893371e-01,-6.368193142156824971e-02,1.100000000000000000e+01
5.430000000000000000e+02,-4.632852467001308261e-01,-9.042968335051702888e-02,4.000000000000000000e+00
5.440000000000000000e+02,-2.117575990876822412e-01,-7.616652930153020029e-02,0.000000000000000000e+00
5.450000000000000000e+02,-3.782432710995891623e-01,-7.504734257014350485e-02,9.000000000000000000e+00
5.460000000000000000e+02,-2.457258294025450873e-01,-8.392791214795883303e-02,1.000000000000000000e+01
5.470000000000000000e+02,-3.691277760685072740e-01,-8.354706933223167431e-02,9.000000000000000000e+00
5.480000000000000000e+02,-3.350791457582986688e-01,-1.011939098442490303e-01,2.000000000000000000e+00
5.490000000000000000e+02,4.643760925886207258e-01,-1.311368278260771902e-01,0.000000000000000000e+00
5.500000000000000000e+02,-2.670338512475870507e-01,-7.521480615872974673e-02,4.000000000000000000e+00
5.510000000000000000e+02,-4.519466022031151664e-01,-7.671081266585326464e-02,6.000000000000000000e+00
5.520000000000000000e+02,1.469653585554950848e+00,-2.844517333171767137e-01,1.000000000000000000e+00
5.530000000000000000e+02,1.943525268405785489e-01,-1.354048575939242050e-01,5.000000000000000000e+00
5.540000000000000000e+02,-5.076004434964257461e-01,-5.577696839285741642e-02,1.100000000000000000e+01
5.550000000000000000e+02,-3.543315268996352074e-01,-9.607708401004851073e-02,3.000000000000000000e+00
5.560000000000000000e+02,1.217186106156870951e+00,7.372214471222533483e-01,7.000000000000000000e+00
5.570000000000000000e+02,-1.067050258836534510e-01,9.157597303529594335e-01,1.100000000000000000e+01
5.580000000000000000e+02,1.416614513240554318e+00,-2.831917441424638415e-01,1.000000000000000000e+00
5.590000000000000000e+02,-4.055054591513453377e-01,-6.277605301288899375e-02,1.100000000000000000e+01
5.600000000000000000e+02,3.230608467498723435e-01,-1.477299584308369718e-01,5.000000000000000000e+00
5.610000000000000000e+02,1.350913032754557985e+00,-2.700158637904572223e-01,7.000000000000000000e+00
5.620000000000000000e+02,4.961323657433987233e-02,-1.888336869872840051e-01,1.200000000000000000e+01
5.630000000000000000e+02,-2.271828878941591634e-01,-1.219471165942893620e-01,1.200000000000000000e+01
5.640000000000000000e+02,1.326563767439046693e+00,-2.672332220232331856e-01,7.000000000000000000e+00
5.650000000000000000e+02,-3.019657056332505311e-03,-1.192368369448721238e-01,0.000000000000000000e+00
5.660000000000000000e+02,6.727228498713555549e-01,-1.785406312204797508e-01,7.000000000000000000e+00
5.670000000000000000e+02,4.544835285403960867e-01,-1.445282402139811406e-01,2.000000000000000000e+00
5.680000000000000000e+02,8.842714185481762579e-01,-2.442035728100806768e-01,1.000000000000000000e+00
5.690000000000000000e+02,-3.738470807427307085e-01,-1.049678728739305844e-01,1.200000000000000000e+01
5.700000000000000000e+02,-3.871728370394557084e-01,-1.114792656253640046e-01,8.000000000000000000e+00
5.710000000000000000e+02,-3.229167431718282244e-01,-7.398787622094156469e-02,4.000000000000000000e+00
5.720000000000000000e+02,-4.329448070637548773e-01,-8.495009790607271905e-02,1.200000000000000000e+01
5.730000000000000000e+02,3.266261000863730501e-01,-1.564186666385733449e-01,5.000000000000000000e+00
5.740000000000000000e+02,1.167116305263212528e+00,-2.547796318143591421e-01,7.000000000000000000e+00
5.750000000000000000e+02,-5.436132084817932864e-01,-5.196859471842616568e-02,6.000000000000000000e+00
5.760000000000000000e+02,-5.795293882848125133e-02,-1.258589905138886578e-01,2.000000000000000000e+00
5.770000000000000000e+02,3.085512491157927917e-01,-1.361891377645544354e-01,0.000000000000000000e+00
5.780000000000000000e+02,4.847806882037428156e-02,-1.313401723598739690e-01,5.000000000000000000e+00
5.790000000000000000e+02,-4.817857611946182450e-01,-8.402779917465494353e-02,1.200000000000000000e+01
5.800000000000000000e+02,-2.858253913677510916e-01,-9.332916665514380539e-02,2.000000000000000000e+00
5.810000000000000000e+02,-3.623384603836084517e-01,9.055512566147909670e-01,4.000000000000000000e+00
5.820000000000000000e+02,-4.100748609440885151e-01,-8.807517282893567723e-02,4.000000000000000000e+00
5.830000000000000000e+02,1.038709464567656005e+00,-2.345863776620489838e-01,1.000000000000000000e+00
5.840000000000000000e+02,-4.739187442351060486e-01,-6.754219453525116268e-02,4.000000000000000000e+00
5.850000000000000000e+02,-3.451878075246745947e-01,-1.010714927669792845e-01,8.000000000000000000e+00
5.860000000000000000e+02,1.181662538095516135e+00,-2.509360386145733646e-01,7.000000000000000000e+00
5.870000000000000000e+02,2.430764209477515592e-01,-1.248527799138954564e-01,0.000000000000000000e+00
5.880000000000000000e+02,-2.285225876343163487e-01,-9.399038138394336106e-02,9.000000000000000000e+00
5.890000000000000000e+02,-1.036923753001434551e-01,-8.412655367310976906e-02,1.000000000000000000e+01
5.900000000000000000e+02,-1.938568570030951288e-01,-8.202629193736665769e-02,6.000000000000000000e+00
5.910000000000000000e+02,-1.771080901612756553e-01,-1.126447270455585153e-01,3.000000000000000000e+00
5.920000000000000000e+02,-2.244048764242356497e-01,-1.213588738238946668e-01,3.000000000000000000e+00
5.930000000000000000e+02,-2.851981818636028509e-01,-1.011263369847403559e-01,1.000000000000000000e+01
5.940000000000000000e+02,-1.171175148109008801e-01,-1.215022284341970987e-01,9.000000000000000000e+00
5.950000000000000000e+02,-2.831010139550694249e-01,-1.117984908595805738e-01,1.200000000000000000e+01
5.960000000000000000e+02,-4.386890267503534141e-02,-9.311054806083335356e-02,0.000000000000000000e+00
5.970000000000000000e+02,-2.823244158087561684e-01,-6.611925642550851856e-02,4.000000000000000000e+00
5.980000000000000000e+02,-3.140282136245696742e-01,-8.510063904756816344e-02,3.000000000000000000e+00
5.990000000000000000e+02,-4.504787988808903187e-01,-9.133292070822769670e-02,6.000000000000000000e+00
6.000000000000000000e+02,-2.618285452327663299e-01,-1.353116381600482365e-01,8.000000000000000000e+00
6.010000000000000000e+02,-1.314312414550864727e-01,-1.469696618243316322e-01,3.000000000000000000e+00
6.020000000000000000e+02,-3.688667946865135661e-01,-8.977192438922677875e-02,2.000000000000000000e+00
6.030000000000000000e+02,-2.735401744615766351e-01,-8.322036895695965331e-02,6.000000000000000000e+00
6.040000000000000000e+02,-1.499524486498332865e-01,-1.114814211766776697e-01,4.000000000000000000e+00
6.050000000000000000e+02,-2.274790068450576463e-01,-1.210986536233419897e-01,3.000000000000000000e+00
6.060000000000000000e+02,-2.091032142660844140e-01,-7.013853501848676952e-02,4.000000000000000000e+00
6.070000000000000000e+02,-2.602186495362001084e-01,-9.842007511733576186e-02,2.000000000000000000e+00
6.080000000000000000e+02,-3.232594769381733069e-01,-8.337159125904029799e-02,1.000000000000000000e+01
6.090000000000000000e+02,-1.752352503046203380e-01,-8.855081944864326426e-02,1.300000000000000000e+01
6.100000000000000000e+02,-1.323628408976099124e-01,-9.572920744155670458e-02,1.000000000000000000e+01
6.110000000000000000e+02,1.416546439636313659e+00,7.256928997307280360e-01,7.000000000000000000e+00
6.120000000000000000e+02,1.303876864917822731e+00,-2.785585724123415541e-01,1.000000000000000000e+00
6.130000000000000000e+02,1.538268379586983370e-01,-1.228118868949463482e-01,0.000000000000000000e+00
6.140000000000000000e+02,1.888303183186291478e-01,-1.521684602493328098e-01,1.000000000000000000e+01
6.150000000000000000e+02,-2.764469157586686432e-01,-9.661397421373522920e-02,4.000000000000000000e+00
6.160000000000000000e+02,-3.322902961890261131e-01,-1.089794657714944076e-01,9.000000000000000000e+00
6.170000000000000000e+02,-3.079386124243265188e-01,-1.095591944742931451e-01,2.000000000000000000e+00
6.180000000000000000e+02,-9.694943754624356369e-02,8.984047197388361772e-01,0.000000000000000000e+00
6.190000000000000000e+02,-4.401296774044123894e-01,-1.038523735598672615e-01,1.200000000000000000e+01
6.200000000000000000e+02,-4.885004114137195819e-01,-6.339472323215419869e-02,6.000000000000000000e+00
6.210000000000000000e+02,2.854104602790392131e-01,-1.719890269449543818e-01,5.000000000000000000e+00
6.220000000000000000e+02,-3.487480882934292925e-01,-7.217367701882849984e-02,1.000000000000000000e+01
6.230000000000000000e+02,3.636148837066661144e-01,-1.493357789787085887e-01,5.000000000000000000e+00
6.240000000000000000e+02,4.512497017138641930e-01,8.690522062122471025e-01,1.300000000000000000e+01
6.250000000000000000e+02,1.269941041432336881e+00,-2.888686309651347095e-01,1.000000000000000000e+00
6.260000000000000000e+02,-2.563411687036590836e-01,9.216193529514623561e-01,4.000000000000000000e+00
6.270000000000000000e+02,2.931223817878965687e-01,-1.674968086467042150e-01,4.000000000000000000e+00
6.280000000000000000e+02,-3.161836239420818262e-01,-1.397721741787681382e-01,8.000000000000000000e+00
6.290000000000000000e+02,-3.304426307470441637e-01,-1.008655339440093779e-01,3.000000000000000000e+00
6.300000000000000000e+02,2.542942191296395649e-01,-1.247144859867836270e-01,0.000000000000000000e+00
6.310000000000000000e+02,-4.223991582565866376e-01,-5.393939406690677341e-02,4.000000000000000000e+00
6.320000000000000000e+02,-3.574796158157181880e-01,-7.900482817789528101e-02,1.100000000000000000e+01
6.330000000000000000e+02,6.338002135461245912e-01,-1.629555863462280596e-01,1.000000000000000000e+00
6.340000000000000000e+02,9.614847188075682349e-04,-9.137706620134446178e-02,1.300000000000000000e+01
6.350000000000000000e+02,-4.971034825147536695e-01,-6.376809837271135706e-02,4.000000000000000000e+00
6.360000000000000000e+02,8.036935806216481959e-01,-1.953560444033924370e-01,7.000000000000000000e+00
6.370000000000000000e+02,-3.989641865777981966e-01,9.268582752579682671e-01,1.100000000000000000e+01
6.380000000000000000e+02,-6.485064464801039430e-02,-1.421791248540721087e-01,1.200000000000000000e+01
6.390000000000000000e+02,-3.067326338057178581e-01,-1.039080740564591182e-01,2.000000000000000000e+00
6.400000000000000000e+02,-3.952272960378935829e-01,-9.410311064434653816e-02,1.200000000000000000e+01
6.410000000000000000e+02,-3.882089937228418997e-01,-9.008151395811847539e-02,3.000000000000000000e+00
6.420000000000000000e+02,-4.274605275054387810e-01,-9.088087470301020598e-02,2.000000000000000000e+00
6.430000000000000000e+02,5.216455465605851494e-01,-1.403826524943611320e-01,0.000000000000000000e+00
6.440000000000000000e+02,-2.173282906218600985e-01,-1.031946821767023709e-01,4.000000000000000000e+00
6.450000000000000000e+02,-2.097575402921229848e-01,8.721197895502761366e-01,9.000000000000000000e+00
6.460000000000000000e+02,-2.127279090018082963e-01,-9.702851300996387374e-02,9.000000000000000000e+00
6.470000000000000000e+02,-4.255980721357225383e-01,-7.940379788561660601e-02,3.000000000000000000e+00
6.480000000000000000e+02,3.688722085135535678e-01,-1.611170831479282750e-01,1.300000000000000000e+01
6.490000000000000000e+02,-7.195699848071625791e-03,-1.694036222868889330e-01,1.200000000000000000e+01
6.500000000000000000e+02,-1.429722747339853273e-01,-1.350659784529976148e-01,5.000000000000000000e+00
6.510000000000000000e+02,-2.252528004617119495e-01,-8.868207091795032859e-02,1.000000000000000000e+01
6.520000000000000000e+02,-4.026567885281980286e-01,-7.091499416669608258e-02,2.000000000000000000e+00
6.530000000000000000e+02,6.722145026912317023e-02,-2.025696264745134312e-01,8.000000000000000000e+00
6.540000000000000000e+02,-2.091113692157036130e-01,9.163852329323015633e-01,1.100000000000000000e+01
6.550000000000000000e+02,9.090394352667819922e-01,-2.101969643713843261e-01,7.000000000000000000e+00
6.560000000000000000e+02,-2.699132377121127302e-01,-7.053887592901937620e-02,1.100000000000000000e+01
6.570000000000000000e+02,-3.429236138118771926e-01,-1.093284934025267469e-01,3.000000000000000000e+00
6.580000000000000000e+02,-3.325331845485469673e-01,-7.760852843551659108e-02,1.100000000000000000e+01
6.590000000000000000e+02,1.275960826420760696e+00,7.333210900546045519e-01,1.000000000000000000e+00
6.600000000000000000e+02,1.418265954330214795e-01,9.014610051636338106e-01,0.000000000000000000e+00
6.610000000000000000e+02,-1.609252529822661482e-01,9.008549451167661148e-01,1.100000000000000000e+01
6.620000000000000000e+02,-1.592613285002543178e-01,-1.370527359336583262e-01,5.000000000000000000e+00
6.630000000000000000e+02,-3.565742871717765272e-01,-8.790033911404759870e-02,4.000000000000000000e+00
6.640000000000000000e+02,-1.329110212467422003e-01,-1.492797486567213061e-01,1.200000000000000000e+01
6.650000000000000000e+02,-1.196263555759844027e-01,9.192800703189620837e-01,1.300000000000000000e+01
6.660000000000000000e+02,5.790683677234334525e-02,-1.486359781663526558e-01,5.000000000000000000e+00
6.670000000000000000e+02,-1.226573892670236726e-01,-9.657783031860650569e-02,1.100000000000000000e+01
6.680000000000000000e+02,-5.318054423488766114e-01,-7.525801375897715750e-02,6.000000000000000000e+00
6.690000000000000000e+02,-3.281431408709154507e-01,8.903922097770480271e-01,1.200000000000000000e+01
6.700000000000000000e+02,-4.065110781399349782e-01,-7.787196946242648521e-02,9.000000000000000000e+00
6.710000000000000000e+02,-3.212820592443143553e-01,-1.391049049690352424e-01,8.000000000000000000e+00
6.720000000000000000e+02,-3.197917780193207937e-01,-1.087539400955256641e-01,1.200000000000000000e+01
6.730000000000000000e+02,-4.077210853819533409e-01,-8.168697346546335836e-02,6.000000000000000000e+00
6.740000000000000000e+02,3.199832761827718364e-01,-1.623625299839344394e-01,0.000000000000000000e+00
6.750000000000000000e+02,1.057612224955832181e+00,-2.388861494336967650e-01,1.000000000000000000e+00
6.760000000000000000e+02,-2.707369097997730512e-01,-6.916168482996483402e-02,1.000000000000000000e+01
6.770000000000000000e+02,-1.648172562830334253e-01,-9.502604682159744576e-02,1.100000000000000000e+01
6.780000000000000000e+02,-4.352972428942912253e-01,-5.773476092397290815e-02,4.000000000000000000e+00
6.790000000000000000e+02,7.335313330020867273e-01,-1.786927978844503884e-01,1.000000000000000000e+00
6.800000000000000000e+02,-4.313216474571058834e-01,-7.285894279721702449e-02,9.000000000000000000e+00
6.810000000000000000e+02,-4.496089053535631264e-01,-1.227015535575822630e-01,1.000000000000000000e+01
6.820000000000000000e+02,-1.490338990544124165e-01,-1.249430259938520971e-01,3.000000000000000000e+00
6.830000000000000000e+02,-3.065571993728765654e-01,-1.280706359251815585e-01,3.000000000000000000e+00
6.840000000000000000e+02,-4.203071345091991540e-01,-1.052612143105598475e-01,8.000000000000000000e+00
6.850000000000000000e+02,-5.343769863831655809e-02,8.996304748406178664e-01,1.000000000000000000e+01
6.860000000000000000e+02,4.081103940104568312e-02,-1.405226788800978399e-01,5.000000000000000000e+00
6.870000000000000000e+02,-2.043788148455008905e-02,-1.052175591055816289e-01,2.000000000000000000e+00
6.880000000000000000e+02,-3.700842175058668415e-01,-9.531024163860697673e-02,1.100000000000000000e+01
6.890000000000000000e+02,-3.671884666644109618e-01,-6.238839905396274810e-02,1.100000000000000000e+01
6.900000000000000000e+02,4.817423783963770828e-02,-1.474923771972689313e-01,9.000000000000000000e+00
6.910000000000000000e+02,-8.000055170151138678e-03,-8.253954627556057966e-02,0.000000000000000000e+00
6.920000000000000000e+02,-3.156834843371222887e-01,-7.204483796074312441e-02,4.000000000000000000e+00
6.930000000000000000e+02,-2.703638313134940629e-01,-8.434774027438980692e-02,1.300000000000000000e+01
6.940000000000000000e+02,-3.664591248724934913e-01,-1.102947123728515166e-01,8.000000000000000000e+00
6.950000000000000000e+02,-3.959568807280977043e-01,-1.079858148790017042e-01,1.200000000000000000e+01
6.960000000000000000e+02,-3.204845195450233830e-01,-1.125814113161200669e-01,6.000000000000000000e+00
6.970000000000000000e+02,-2.127361343033371266e-01,8.918475581947502562e-01,3.000000000000000000e+00
6.980000000000000000e+02,-2.247133097754203113e-02,-8.183798880613028792e-02,0.000000000000000000e+00
6.990000000000000000e+02,1.188884871180374697e-01,-1.194901825969442305e-01,1.300000000000000000e+01
1.400000000000000000e+02,-1.659790792415098970e-01,-8.918925686828758914e-02,3.000000000000000000e+00
1.410000000000000000e+02,-2.310265325226512623e-01,-8.493486827193112709e-02,1.000000000000000000e+01
1.420000000000000000e+02,-3.964544633814177099e-01,-1.421588866706153531e-01,6.000000000000000000e+00
1.430000000000000000e+02,-1.968702796077830830e-01,-1.194773208793135783e-01,0.000000000000000000e+00
1.440000000000000000e+02,-4.872787976237027974e-01,-1.323266705966431867e-01,3.000000000000000000e+00
1.450000000000000000e+02,-3.430044284913157382e-01,-6.819623657222433077e-02,6.000000000000000000e+00
1.460000000000000000e+02,2.788578410150584913e-02,-1.649935306571821136e-01,1.300000000000000000e+01
1.470000000000000000e+02,1.166246066304410300e+00,-6.002968230799041877e-02,7.000000000000000000e+00
1.480000000000000000e+02,-3.283160345087508536e-01,-1.445835835012312942e-01,1.300000000000000000e+01
1.490000000000000000e+02,-3.318066836305944567e-01,-7.118054742364367249e-02,8.000000000000000000e+00
1.500000000000000000e+02,-3.585329886086499052e-01,-1.764267756056074887e-01,6.000000000000000000e+00
1.510000000000000000e+02,1.038401455412296448e+00,-9.877757178674417826e-02,1.000000000000000000e+00
1.520000000000000000e+02,4.071801309105279598e-01,8.887372118177196481e-03,5.000000000000000000e+00
1.530000000000000000e+02,-4.578205959240638778e-01,-9.412452169770109400e-02,1.200000000000000000e+01
1.540000000000000000e+02,-1.786758339317062738e-01,-1.366213380355772167e-01,9.000000000000000000e+00
1.550000000000000000e+02,-3.935171836965672409e-01,-1.196969380159432078e-01,1.200000000000000000e+01
1.560000000000000000e+02,1.090721332906756214e+00,-1.539836536182769694e-02,7.000000000000000000e+00
1.570000000000000000e+02,-5.039297069195726175e-01,-1.469671787677931107e-01,1.200000000000000000e+01
1.580000000000000000e+02,1.365792439744625275e-01,-1.289302230418437611e-01,0.000000000000000000e+00
1.590000000000000000e+02,-4.413731694841948050e-01,-1.311912789912229038e-01,1.100000000000000000e+01
1.600000000000000000e+02,-4.194759846847250784e-01,-1.146201308222802862e-01,1.200000000000000000e+01
1.610000000000000000e+02,3.941347854789090110e-02,-1.777776580713290033e-01,4.000000000000000000e+00
1.620000000000000000e+02,-2.762461220086691038e-01,-1.033298208847416577e-01,5.000000000000000000e+00
1.630000000000000000e+02,-3.278997289407039606e-01,9.083130764667228796e-01,8.000000000000000000e+00
1.640000000000000000e+02,5.062000189009066009e-01,-2.965631084989979807e-02,0.000000000000000000e+00
1.650000000000000000e+02,-3.762848980831285939e-01,-1.011792454247949224e-01,4.000000000000000000e+00
1.660000000000000000e+02,2.756968826245463355e-01,2.531742478391929910e-02,1.300000000000000000e+01
1.670000000000000000e+02,-4.581746900549055201e-01,-1.251882472822963277e-01,2.000000000000000000e+00
1.680000000000000000e+02,-1.935381285515147542e-01,-7.361669107509938303e-02,8.000000000000000000e+00
1.690000000000000000e+02,-5.078100063752186838e-02,-1.427086162070554179e-02,0.000000000000000000e+00
1.700000000000000000e+02,3.953086429434363690e-03,-1.216071088512550719e-01,5.000000000000000000e+00
1.710000000000000000e+02,-3.133105093052931389e-01,8.976495442878782427e-01,1.300000000000000000e+01
1.720000000000000000e+02,-3.964530011790142749e-01,-8.899012721685645166e-02,1.200000000000000000e+01
1.730000000000000000e+02,-3.509078664087710298e-01,8.826783043505939119e-01,4.000000000000000000e+00
1.740000000000000000e+02,1.139874655784469948e-01,-5.942844529633962980e-02,5.000000000000000000e+00
1.750000000000000000e+02,4.525920316034080515e-01,-5.183682199822772091e-02,5.000000000000000000e+00
1.760000000000000000e+02,-1.225693908105969648e-01,-6.814460118014993573e-02,2.000000000000000000e+00
1.770000000000000000e+02,-1.811495634114201614e-01,-8.927777718324567818e-03,1.000000000000000000e+01
1.780000000000000000e+02,-1.116038633191224622e-01,-1.539022698611417113e-02,1.000000000000000000e+01
1.790000000000000000e+02,-5.963823819687061323e-02,9.718240710606661503e-01,9.000000000000000000e+00
1.800000000000000000e+02,-5.221313691902714771e-01,-1.610050301803415962e-01,1.200000000000000000e+01
1.810000000000000000e+02,-2.292456657490952732e-01,-9.013139461500428717e-02,6.000000000000000000e+00
1.820000000000000000e+02,-4.320398873634522241e-01,-1.475443338591955200e-01,4.000000000000000000e+00
1.830000000000000000e+02,-2.414370859807999092e-01,-5.188510411815168422e-02,3.000000000000000000e+00
1.840000000000000000e+02,2.817150170855344804e-01,9.629635558614051405e-01,5.000000000000000000e+00
1.850000000000000000e+02,-7.163781782352353356e-02,-1.153638945444221270e-01,7.000000000000000000e+00
1.860000000000000000e+02,-4.024441994733737871e-01,-9.241521959302523292e-02,2.000000000000000000e+00
1.870000000000000000e+02,9.232993097253532067e-02,-8.475783019666506546e-02,0.000000000000000000e+00
1.880000000000000000e+02,-2.441691302992628487e-01,-5.372782402378419031e-02,3.000000000000000000e+00
1.890000000000000000e+02,1.208342189010495948e+00,-3.548677558013244027e-02,1.000000000000000000e+00
1.900000000000000000e+02,-1.337975487017424303e-01,-7.258320345008337227e-02,1.300000000000000000e+01
1.910000000000000000e+02,-1.485633613101693118e-01,-1.440222498113912508e-01,8.000000000000000000e+00
1.920000000000000000e+02,1.365426302334201036e+00,-5.850954973203233850e-02,1.000000000000000000e+00
1.930000000000000000e+02,-8.251231404990334861e-02,-5.475622815766027773e-02,6.000000000000000000e+00
1.940000000000000000e+02,-3.543189403796086490e-01,-1.204678243250910802e-01,4.000000000000000000e+00
1.950000000000000000e+02,4.383457247334119899e-01,-3.071022784521515100e-02,1.000000000000000000e+00
1.960000000000000000e+02,-4.650833863463104123e-01,-1.141048597516215596e-01,6.000000000000000000e+00
1.970000000000000000e+02,5.213555857219374090e-01,-8.524487922179266319e-02,5.000000000000000000e+00
1.980000000000000000e+02,-2.627661687139835056e-01,-5.294723384038070579e-02,4.000000000000000000e+00
1.990000000000000000e+02,-3.926062835272332019e-01,-6.911635300267957027e-02,8.000000000000000000e+00
2.000000000000000000e+02,8.951231230744417511e-01,-1.169537512242570521e-01,7.000000000000000000e+00
2.010000000000000000e+02,8.417940886072315665e-02,-3.090911301061968763e-02,2.000000000000000000e+00
2.020000000000000000e+02,1.845183022349626834e-01,9.237705272327592088e-01,0.000000000000000000e+00
2.030000000000000000e+02,5.942925677941557350e-02,3.701287913580853916e-03,5.000000000000000000e+00
2.040000000000000000e+02,-1.189077696980430227e-01,-7.697602944501417965e-02,6.000000000000000000e+00
2.050000000000000000e+02,1.004877865643963641e+00,-1.247073388005570105e-01,7.000000000000000000e+00
2.060000000000000000e+02,8.463241670846085585e-01,-7.533707768952387085e-02,7.000000000000000000e+00
2.070000000000000000e+02,4.235739763205232378e-01,-1.911270872211638661e-02,1.300000000000000000e+01
2.080000000000000000e+02,-1.602113909239792355e-01,-1.171740287799515751e-01,9.000000000000000000e+00
2.090000000000000000e+02,5.009325554413632253e-02,-1.099862502232584471e-01,1.000000000000000000e+01
