0.000000000000000000e+00,-3.734125846505088608e-01,-1.447491294461643319e-01,8.000000000000000000e+00
1.000000000000000000e+00,2.025417390182540356e-01,-1.348350688194584202e-01,5.000000000000000000e+00
2.000000000000000000e+00,1.223659642397004310e+00,7.730456269964115501e-01,7.000000000000000000e+00
3.000000000000000000e+00,-1.170299049935151908e-01,-8.955289669994158375e-02,6.000000000000000000e+00
4.000000000000000000e+00,-4.929837855885808168e-02,-9.222634079326552659e-02,2.000000000000000000e+00
5.000000000000000000e+00,-4.327330359158099160e-01,-6.576332509120534631e-02,4.000000000000000000e+00
6.000000000000000000e+00,-9.492564089157354279e-02,8.374200337609900568e-01,3.000000000000000000e+00
7.000000000000000000e+00,1.346988378442514067e+00,7.629916240364036373e-01,7.000000000000000000e+00
8.000000000000000000e+00,-1.629692453178411271e-01,-1.391197850840925621e-01,8.000000000000000000e+00
9.000000000000000000e+00,-4.154661121950200542e-01,-1.245323081887921290e-01,8.000000000000000000e+00
1.000000000000000000e+01,-4.137806600316019101e-01,-5.342454888852188333e-02,4.000000000000000000e+00
1.100000000000000000e+01,-2.893013548000633595e-01,-1.440424752752197390e-01,8.000000000000000000e+00
1.200000000000000000e+01,1.223800625027069433e+00,-2.053918579850863291e-01,1.000000000000000000e+00
1.300000000000000000e+01,-9.506961452738087875e-03,-6.236993992588974606e-02,0.000000000000000000e+00
1.400000000000000000e+01,5.183647103804938094e-01,8.986130802058664990e-01,0.000000000000000000e+00
1.500000000000000000e+01,7.812891043274835523e-01,8.377993273934322138e-01,1.000000000000000000e+00
1.600000000000000000e+01,6.799395426177122781e-01,-1.382191635377104655e-01,7.000000000000000000e+00
1.700000000000000000e+01,1.377504320507148883e+00,-1.950806637660517651e-01,1.000000000000000000e+00
1.800000000000000000e+01,1.809111536041969615e-01,-8.368648948933513076e-02,1.300000000000000000e+01
1.900000000000000000e+01,1.069286451683863826e+00,-1.924934892568155309e-01,1.000000000000000000e+00
2.000000000000000000e+01,-3.717412192420782580e-01,9.051693992229403740e-01,1.200000000000000000e+01
2.100000000000000000e+01,-4.960420188076493653e-01,-6.992342293222901517e-02,1.000000000000000000e+01
2.200000000000000000e+01,-2.265069729351931460e-01,9.467664623608181840e-01,1.300000000000000000e+01
2.300000000000000000e+01,-4.153360959778766293e-01,-1.369969595448628230e-01,8.000000000000000000e+00
2.400000000000000000e+01,-2.357319348223092248e-01,-7.877331270825338461e-02,2.000000000000000000e+00
2.500000000000000000e+01,-3.725189968988772971e-01,-9.323723034520256525e-02,1.100000000000000000e+01
2.600000000000000000e+01,-1.026786949498700308e-01,-9.026141454966971067e-02,9.000000000000000000e+00
2.700000000000000000e+01,1.109778488044194794e-01,-1.052061133274907467e-01,1.000000000000000000e+01
2.800000000000000000e+01,-4.327486059222202530e-01,-1.049425477355016567e-01,8.000000000000000000e+00
2.900000000000000000e+01,-2.050848218352809560e-01,-1.048209337439158645e-01,6.000000000000000000e+00
3.000000000000000000e+01,-3.288697198884283357e-01,-1.216975062323608914e-01,3.000000000000000000e+00
3.100000000000000000e+01,-5.263106432528120715e-01,-8.267857902727909769e-02,6.000000000000000000e+00
3.200000000000000000e+01,3.958854158297077097e-01,-7.948503384881942802e-02,0.000000000000000000e+00
3.300000000000000000e+01,-1.722171796655659060e-01,-8.487658924225253976e-02,9.000000000000000000e+00
3.400000000000000000e+01,-4.339815931092548817e-01,-1.150018241244908646e-01,1.200000000000000000e+01
3.500000000000000000e+01,-4.072316710995733668e-01,9.103359125800739582e-01,1.100000000000000000e+01
3.600000000000000000e+01,-1.957748564538243086e-01,-8.806284672205863528e-02,1.000000000000000000e+01
3.700000000000000000e+01,-4.361682196951073287e-01,-1.110139046869089569e-01,1.100000000000000000e+01
3.800000000000000000e+01,4.303415994120804444e-01,-2.210336509023431428e-01,7.000000000000000000e+00
3.900000000000000000e+01,-3.186755806907050070e-01,-1.602020781511699632e-01,8.000000000000000000e+00
4.000000000000000000e+01,-3.287214273972777212e-01,-1.002013780010869437e-01,1.000000000000000000e+01
4.100000000000000000e+01,-3.029907032527977551e-01,-1.659411308170164745e-01,3.000000000000000000e+00
4.200000000000000000e+01,-2.473779318084509404e-01,8.475378021032042852e-01,9.000000000000000000e+00
4.300000000000000000e+01,-5.667875058304018554e-02,-1.073795316273944700e-01,0.000000000000000000e+00
4.400000000000000000e+01,-1.602080143338959484e-01,-7.176043309435703454e-02,1.100000000000000000e+01
4.500000000000000000e+01,1.408838495944048308e+00,-2.330936950609366898e-01,1.000000000000000000e+00
4.600000000000000000e+01,-2.792132246145044294e-01,-1.368231047157943414e-01,8.000000000000000000e+00
4.700000000000000000e+01,-4.804945330587475638e-01,-7.012164098888297448e-02,6.000000000000000000e+00
4.800000000000000000e+01,1.228551040632978042e+00,7.473204053477082720e-01,1.000000000000000000e+00
4.900000000000000000e+01,-6.478570251198934038e-02,-9.423630992837929432e-02,0.000000000000000000e+00
5.000000000000000000e+01,-4.196255853963707372e-01,-9.413215300754249060e-02,3.000000000000000000e+00
5.100000000000000000e+01,-3.691228273997217424e-01,-4.612669190839922134e-02,9.000000000000000000e+00
5.200000000000000000e+01,-1.727335739781269697e-01,-1.230835094630097354e-01,9.000000000000000000e+00
5.300000000000000000e+01,8.117855215215248332e-01,-1.498301583270523207e-01,7.000000000000000000e+00
5.400000000000000000e+01,-4.473704808827239643e-01,-9.562686906052811353e-02,6.000000000000000000e+00
5.500000000000000000e+01,-1.203952108309943453e-01,-2.087937608882969309e-01,1.200000000000000000e+01
5.600000000000000000e+01,-3.330810489198740010e-01,-1.027788624328697109e-01,1.200000000000000000e+01
5.700000000000000000e+01,-3.437456168655727562e-01,-1.741848992869433066e-01,8.000000000000000000e+00
5.800000000000000000e+01,-1.287954615943070757e-01,8.890302870317501327e-01,1.100000000000000000e+01
5.900000000000000000e+01,-1.344632624645553942e-01,-8.263364732028771753e-02,6.000000000000000000e+00
6.000000000000000000e+01,-4.068202043940205570e-01,-8.289140567476724342e-02,9.000000000000000000e+00
6.100000000000000000e+01,-3.754994358952310485e-01,-8.143031583896243042e-02,6.000000000000000000e+00
6.200000000000000000e+01,-3.649262104571862064e-01,-1.183507433383090696e-01,1.200000000000000000e+01
6.300000000000000000e+01,-2.694287440073561135e-01,-1.220887408119945838e-01,6.000000000000000000e+00
6.400000000000000000e+01,-1.523139323032525749e-01,-8.427986507210466494e-02,1.300000000000000000e+01
6.500000000000000000e+01,-1.067178961891925432e-01,-9.919690503221224864e-02,0.000000000000000000e+00
6.600000000000000000e+01,-3.987579892527915448e-01,8.933436753717868273e-01,4.000000000000000000e+00
6.700000000000000000e+01,-2.594286157062620224e-01,-7.460867317660017928e-02,1.100000000000000000e+01
6.800000000000000000e+01,-3.832278213787534971e-01,-1.090984761929760377e-01,3.000000000000000000e+00
6.900000000000000000e+01,1.597935043060399671e-02,-1.084347758460727784e-01,1.000000000000000000e+01
7.000000000000000000e+01,3.697589397339035577e-01,-4.325581109258250928e-02,0.000000000000000000e+00
7.100000000000000000e+01,-2.777775335499982901e-01,-1.382253841302911179e-01,1.200000000000000000e+01
7.200000000000000000e+01,-3.734851766172038179e-01,-1.019967355903968476e-01,1.200000000000000000e+01
7.300000000000000000e+01,-4.915968968058714167e-02,-6.347614209920378336e-02,1.100000000000000000e+01
7.400000000000000000e+01,-1.365281621715792038e-01,9.266753629433045480e-01,1.100000000000000000e+01
7.500000000000000000e+01,-2.879621531761137332e-01,-9.997236136716951271e-02,1.300000000000000000e+01
7.600000000000000000e+01,2.875870847708911215e-01,-2.321875824642617436e-01,3.000000000000000000e+00
7.700000000000000000e+01,-1.274656954579569124e-01,-1.247328361901948734e-01,1.000000000000000000e+01
7.800000000000000000e+01,-3.934196161372633949e-01,-1.358511812745175629e-01,1.200000000000000000e+01
7.900000000000000000e+01,7.489366920931300742e-02,-2.448198489245148046e-01,8.000000000000000000e+00
8.000000000000000000e+01,-2.187702271970379531e-01,-1.460794713770319497e-01,3.000000000000000000e+00
8.100000000000000000e+01,1.889848994140211624e-01,-1.351330298912408467e-01,5.000000000000000000e+00
8.200000000000000000e+01,1.276202531895219483e+00,7.631273145890749010e-01,7.000000000000000000e+00
8.300000000000000000e+01,-3.074134007778346334e-01,-1.069737695571335578e-01,8.000000000000000000e+00
8.400000000000000000e+01,2.412914630848206343e-02,-6.248508529774624010e-02,1.300000000000000000e+01
8.500000000000000000e+01,-1.853571278706650505e-01,-8.832505687203109912e-02,1.100000000000000000e+01
8.600000000000000000e+01,-3.660473039346825441e-01,-5.774906594393389159e-02,4.000000000000000000e+00
8.700000000000000000e+01,-2.938917026074790440e-01,-1.288021068502480382e-01,3.000000000000000000e+00
8.800000000000000000e+01,-5.150384834244870619e-02,-1.365468184491224202e-01,2.000000000000000000e+00
8.900000000000000000e+01,1.118169957148832383e+00,-2.159752388309310323e-01,7.000000000000000000e+00
9.000000000000000000e+01,-3.946370179047387627e-01,-7.647199389310974094e-02,2.000000000000000000e+00
9.100000000000000000e+01,2.056974138372335836e-01,8.893985857839820097e-01,1.300000000000000000e+01
9.200000000000000000e+01,-4.051044804625150153e-01,-1.316940298593993752e-01,3.000000000000000000e+00
9.300000000000000000e+01,2.277598279080594312e-01,8.492233191639054768e-01,5.000000000000000000e+00
9.400000000000000000e+01,3.875837986392143275e-01,-1.421933780446898721e-01,5.000000000000000000e+00
9.500000000000000000e+01,-1.589793652454112305e-01,-1.659254613618755814e-01,5.000000000000000000e+00
9.600000000000000000e+01,-2.403929628002982322e-01,-9.491936596176225871e-02,6.000000000000000000e+00
9.700000000000000000e+01,-3.382667556212053395e-01,-1.235377795827693193e-01,8.000000000000000000e+00
9.800000000000000000e+01,-2.566752143767440097e-01,-6.557529012138429980e-02,1.100000000000000000e+01
9.900000000000000000e+01,-1.109080534897599890e-01,9.124879800390683915e-01,1.300000000000000000e+01
1.000000000000000000e+02,-7.525611155628400550e-02,-4.097421344013112143e-02,1.300000000000000000e+01
1.010000000000000000e+02,-2.435465235581245613e-01,-1.399187069241935588e-01,3.000000000000000000e+00
1.020000000000000000e+02,-2.728108466011789357e-01,-5.069226896028626583e-02,4.000000000000000000e+00
1.030000000000000000e+02,4.030035374594736347e-02,9.060379488112630941e-01,0.000000000000000000e+00
1.040000000000000000e+02,-4.718489524008044333e-01,-6.880343253873248688e-02,6.000000000000000000e+00
1.050000000000000000e+02,9.252026801260295752e-01,-1.743224982596928152e-01,7.000000000000000000e+00
1.060000000000000000e+02,-1.073868002774035491e-01,-8.220658049695732383e-02,1.000000000000000000e+01
1.070000000000000000e+02,8.990235846828494859e-01,-1.637308100814131306e-01,7.000000000000000000e+00
1.080000000000000000e+02,-4.559153032210208623e-01,-9.568405390009537825e-02,6.000000000000000000e+00
1.090000000000000000e+02,-3.140309954676804849e-01,-1.359817134797194627e-01,1.200000000000000000e+01
1.100000000000000000e+02,-3.074402219086265209e-01,-8.787138083915350950e-02,3.000000000000000000e+00
1.110000000000000000e+02,-3.143507547068467023e-01,-8.733282980116588434e-02,1.000000000000000000e+01
1.120000000000000000e+02,-3.771116665026953783e-03,-6.530975671481051292e-02,1.300000000000000000e+01
1.130000000000000000e+02,1.233074109063046209e-01,-5.821878035923887251e-02,2.000000000000000000e+00
1.140000000000000000e+02,-3.948373622922259352e-01,-1.362621953320591606e-01,1.200000000000000000e+01
1.150000000000000000e+02,1.336688683838301417e+00,7.517625105265831609e-01,1.000000000000000000e+00
1.160000000000000000e+02,4.212067273449913163e-01,-8.435408941316359377e-02,1.000000000000000000e+00
1.170000000000000000e+02,-1.127163271392761651e-01,-1.089371746355308757e-01,9.000000000000000000e+00
1.180000000000000000e+02,-4.421291997197112633e-01,-1.080352182990167997e-01,1.200000000000000000e+01
1.190000000000000000e+02,5.429772095787573916e-01,-1.309117708334102681e-01,7.000000000000000000e+00
1.200000000000000000e+02,-3.742563453918589245e-01,-1.081646391973452859e-01,6.000000000000000000e+00
1.210000000000000000e+02,7.896522880472367500e-01,-1.870847814236898388e-01,7.000000000000000000e+00
1.220000000000000000e+02,-3.955710580919259423e-01,-7.732285838190661176e-02,1.100000000000000000e+01
1.230000000000000000e+02,-3.541752452567358822e-01,8.931546980423366033e-01,9.000000000000000000e+00
1.240000000000000000e+02,5.923581888250946392e-02,-2.314173463494653415e-01,1.200000000000000000e+01
1.250000000000000000e+02,-3.759736818641558065e-01,-1.398558574328905013e-01,8.000000000000000000e+00
1.260000000000000000e+02,-4.731896530512004762e-01,-8.079633757045467934e-02,4.000000000000000000e+00
1.270000000000000000e+02,-6.654922937500089286e-02,-8.776658270256174066e-02,2.000000000000000000e+00
1.280000000000000000e+02,-3.589835760980119583e-01,-1.650069995289139002e-01,8.000000000000000000e+00
1.290000000000000000e+02,-4.210425598995753416e-01,-9.573517395181503631e-02,2.000000000000000000e+00
1.300000000000000000e+02,-5.139155585242210882e-03,9.346695358373624529e-01,1.300000000000000000e+01
1.310000000000000000e+02,-2.042495339640038321e-01,-6.846374384657209766e-02,0.000000000000000000e+00
1.320000000000000000e+02,-3.636396678294422924e-01,-1.347284948622742284e-01,8.000000000000000000e+00
1.330000000000000000e+02,-3.492296054172355779e-01,-6.392678762312141438e-02,6.000000000000000000e+00
1.340000000000000000e+02,6.346075160847870766e-02,-1.280626241866379966e-01,6.000000000000000000e+00
1.350000000000000000e+02,-3.875225216334043377e-01,-1.286060901069690232e-01,1.200000000000000000e+01
1.360000000000000000e+02,3.704084215947261449e-01,-1.316168188100628744e-01,1.300000000000000000e+01
1.370000000000000000e+02,-2.270262919482876063e-01,-1.175506572486070961e-01,3.000000000000000000e+00
1.380000000000000000e+02,1.337912435746772433e+00,-2.153973821379149833e-01,7.000000000000000000e+00
1.390000000000000000e+02,3.992378048870573459e-02,9.379389017749584223e-01,1.000000000000000000e+01
1.400000000000000000e+02,1.420517778955681987e+00,-2.252325539890658868e-01,1.000000000000000000e+00
1.410000000000000000e+02,-3.175212232799197731e-01,-5.203990016720837913e-02,1.100000000000000000e+01
1.420000000000000000e+02,-1.685159956151948690e-01,-7.401300680185771141e-02,1.300000000000000000e+01
1.430000000000000000e+02,-1.554555167024576079e-01,-7.536367286536270471e-02,1.100000000000000000e+01
1.440000000000000000e+02,-3.809191582294620404e-01,-1.226268843748617166e-01,3.000000000000000000e+00
1.450000000000000000e+02,-3.970871566496267935e-01,-5.706661817797236552e-02,1.100000000000000000e+01
1.460000000000000000e+02,-5.054219040854576184e-01,-1.108763203381007423e-01,8.000000000000000000e+00
1.470000000000000000e+02,-3.198116702315141335e-01,-1.793906189367476534e-01,8.000000000000000000e+00
1.480000000000000000e+02,-4.251640260983108877e-01,-7.726669214678881514e-02,9.000000000000000000e+00
1.490000000000000000e+02,-2.653378549715735835e-01,-8.762225117606214919e-02,1.300000000000000000e+01
1.500000000000000000e+02,-3.994114064412927489e-01,-9.204588938298707834e-02,6.000000000000000000e+00
1.510000000000000000e+02,-3.161142673037845019e-01,-1.494586545957173329e-01,0.000000000000000000e+00
1.520000000000000000e+02,3.616542552044786640e-02,9.146553678731487169e-01,0.000000000000000000e+00
1.530000000000000000e+02,-1.328374694147908264e-01,-8.909514286523936843e-02,1.300000000000000000e+01
1.540000000000000000e+02,-1.725687672370418979e-01,-1.492836957098511719e-01,5.000000000000000000e+00
1.550000000000000000e+02,-5.259512305773845764e-01,-9.000581657678334568e-02,6.000000000000000000e+00
1.560000000000000000e+02,5.521175553919649426e-01,8.763605923795263486e-01,5.000000000000000000e+00
1.570000000000000000e+02,-3.758391141822666759e-01,-1.029853855627613501e-01,3.000000000000000000e+00
1.580000000000000000e+02,1.539497413158475436e-01,-1.125477943236712769e-01,1.300000000000000000e+01
1.590000000000000000e+02,-2.339459460217522546e-01,-1.048967315789526289e-01,2.000000000000000000e+00
1.600000000000000000e+02,-2.706346805267605959e-01,-6.139864415478307746e-02,1.100000000000000000e+01
1.610000000000000000e+02,6.226379742543096396e-02,-1.026587918699557456e-01,2.000000000000000000e+00
1.620000000000000000e+02,-3.508260584013410122e-01,-9.653724097812535487e-02,4.000000000000000000e+00
1.630000000000000000e+02,-3.939407481953638435e-01,-7.369285434672032120e-02,2.000000000000000000e+00
1.640000000000000000e+02,-4.271659290064539483e-01,-1.044570610942128497e-01,1.200000000000000000e+01
1.650000000000000000e+02,-3.247998239397902887e-01,-8.610987162993219424e-02,1.000000000000000000e+01
1.660000000000000000e+02,-3.148173226137501723e-01,-7.810057513048770939e-02,4.000000000000000000e+00
1.670000000000000000e+02,-3.822349737647771639e-01,-1.423850495944475325e-01,1.200000000000000000e+01
1.680000000000000000e+02,-1.237796867483293567e-01,-8.679232813568658889e-02,1.000000000000000000e+01
1.690000000000000000e+02,-3.304103308453899546e-01,-1.247687332287191753e-01,2.000000000000000000e+00
1.700000000000000000e+02,-1.407483483789367384e-01,-7.892809212385540341e-02,4.000000000000000000e+00
1.710000000000000000e+02,-4.456042018880032596e-02,8.259594835063631679e-01,5.000000000000000000e+00
1.720000000000000000e+02,1.244783597350336724e+00,-1.964305226832354367e-01,7.000000000000000000e+00
1.730000000000000000e+02,2.026419688025026811e-01,-1.198464920065107769e-01,5.000000000000000000e+00
1.740000000000000000e+02,-1.562114351665396250e-01,-1.304743774342930485e-01,9.000000000000000000e+00
1.750000000000000000e+02,4.222983532645065152e-02,-1.493728011760034335e-01,5.000000000000000000e+00
1.760000000000000000e+02,-3.575513384778699622e-01,-8.562155879963867511e-02,0.000000000000000000e+00
1.770000000000000000e+02,-4.704100350199079128e-01,-8.101765501381341661e-02,6.000000000000000000e+00
1.780000000000000000e+02,6.145258436600153917e-02,-1.545673821489955413e-01,5.000000000000000000e+00
1.790000000000000000e+02,-4.363724212990681695e-01,-5.002585134016827861e-02,1.000000000000000000e+01
1.800000000000000000e+02,-1.606676491312516442e-01,-4.646529755441243525e-02,1.100000000000000000e+01
1.810000000000000000e+02,2.413553119417436443e-01,7.882704313065375112e-01,3.000000000000000000e+00
1.820000000000000000e+02,1.426007674143618287e+00,-2.431302342716852860e-01,1.000000000000000000e+00
1.830000000000000000e+02,-2.504266711887493946e-01,-9.444301771501627252e-02,1.100000000000000000e+01
1.840000000000000000e+02,1.271798033438956699e+00,7.729279108026693157e-01,7.000000000000000000e+00
1.850000000000000000e+02,-2.987088247530834129e-01,-4.029742380737052349e-02,1.000000000000000000e+01
1.860000000000000000e+02,1.480748719689630954e+00,-2.304766850637888775e-01,1.000000000000000000e+00
1.870000000000000000e+02,-4.525945667602680467e-01,-1.049074922066271787e-01,1.200000000000000000e+01
1.880000000000000000e+02,-1.568281059630046159e-01,-8.321801667327038965e-02,1.000000000000000000e+01
1.890000000000000000e+02,-1.843219825304484305e-01,-1.496143284079494429e-01,8.000000000000000000e+00
1.900000000000000000e+02,-4.808942034897364382e-01,-7.170863477456539126e-02,6.000000000000000000e+00
1.910000000000000000e+02,-2.745719667585355683e-01,-1.645343696547686974e-01,8.000000000000000000e+00
1.920000000000000000e+02,-1.754154813976351382e-02,9.352285565198924511e-01,1.300000000000000000e+01
1.930000000000000000e+02,7.961850640234814369e-01,-1.470511975706818020e-01,7.000000000000000000e+00
1.940000000000000000e+02,-4.321694364893297058e-01,-1.189416844426849640e-01,6.000000000000000000e+00
1.950000000000000000e+02,3.970237675921697296e-01,-8.791842075732987649e-02,1.300000000000000000e+01
1.960000000000000000e+02,-2.291487133282172350e-01,-1.291114859591459552e-01,3.000000000000000000e+00
1.970000000000000000e+02,-5.526312776589498675e-03,-1.016611574377821875e-01,2.000000000000000000e+00
1.980000000000000000e+02,-3.535756211576437380e-01,-6.564470398483075730e-02,4.000000000000000000e+00
1.990000000000000000e+02,-4.302119143716838234e-01,-9.017373904679606977e-02,4.000000000000000000e+00
2.000000000000000000e+02,-4.436243149171941735e-01,-9.529922240434467173e-02,4.000000000000000000e+00
2.010000000000000000e+02,1.606758894160877915e-01,-9.133647623699732432e-02,0.000000000000000000e+00
2.020000000000000000e+02,-5.076463328839456168e-02,-7.072066137513079165e-02,1.300000000000000000e+01
2.030000000000000000e+02,1.170347674520990866e+00,-2.002625856661504333e-01,1.000000000000000000e+00
2.040000000000000000e+02,-2.562487071515321402e-01,-5.876874261007821593e-02,4.000000000000000000e+00
2.050000000000000000e+02,3.141727260057738946e-01,-1.105396058590877445e-01,0.000000000000000000e+00
2.060000000000000000e+02,-4.438677750278509637e-01,-9.890992564895063899e-02,1.200000000000000000e+01
2.070000000000000000e+02,-3.245346540762431009e-01,-1.232604420164234021e-01,3.000000000000000000e+00
2.080000000000000000e+02,7.393161086146977645e-01,-1.232238976904895533e-01,1.000000000000000000e+00
2.090000000000000000e+02,-8.239487063217605656e-02,-1.130046090322404384e-01,0.000000000000000000e+00
2.100000000000000000e+02,1.169457587259507880e+00,-2.139659793748596162e-01,7.000000000000000000e+00
2.110000000000000000e+02,-3.553153350568947766e-01,-6.790778214128312396e-02,1.000000000000000000e+01
2.120000000000000000e+02,-3.490644794590382349e-01,-1.770774257876870650e-01,8.000000000000000000e+00
2.130000000000000000e+02,-1.327395143195888860e-01,-8.354111666390759416e-02,2.000000000000000000e+00
2.140000000000000000e+02,-4.706328651085873171e-01,-7.555231680685374485e-02,6.000000000000000000e+00
2.150000000000000000e+02,3.062659572538525832e-01,-1.571066377093140731e-01,4.000000000000000000e+00
2.160000000000000000e+02,-1.450856435890987561e-01,-3.448394007748740303e-02,1.300000000000000000e+01
2.170000000000000000e+02,1.049800432039083464e+00,-1.915460869257057108e-01,1.000000000000000000e+00
2.180000000000000000e+02,-3.945864807658223672e-01,-1.217831555790703096e-01,9.000000000000000000e+00
2.190000000000000000e+02,-3.023064103642958411e-01,-4.521283089308267278e-02,9.000000000000000000e+00
2.200000000000000000e+02,-4.118987739002769044e-01,-9.838174992134510188e-02,6.000000000000000000e+00
2.210000000000000000e+02,7.213140607666945758e-01,-1.689835866360413774e-01,1.000000000000000000e+00
2.220000000000000000e+02,-4.852687129210491168e-01,-8.631598471096983693e-02,6.000000000000000000e+00
2.230000000000000000e+02,2.468615970537870463e-01,-8.321276654595310962e-02,0.000000000000000000e+00
2.240000000000000000e+02,1.029955757884039036e+00,-1.942908974852552428e-01,7.000000000000000000e+00
2.250000000000000000e+02,1.291023556879029033e-01,-1.028338679806899275e-01,1.300000000000000000e+01
2.260000000000000000e+02,-3.659749598056680764e-01,8.565238307579317034e-01,1.200000000000000000e+01
2.270000000000000000e+02,1.723052907932101363e-01,-1.184618658405809238e-01,5.000000000000000000e+00
2.280000000000000000e+02,-2.640012702498237274e-01,-1.443882106066076143e-01,3.000000000000000000e+00
2.290000000000000000e+02,2.643389974249950036e-01,-1.253223573893575693e-01,0.000000000000000000e+00
2.300000000000000000e+02,2.715451101254279798e-01,9.101442454502067791e-01,1.300000000000000000e+01
2.310000000000000000e+02,-3.977772159892519754e-01,-9.339271743152316452e-02,9.000000000000000000e+00
2.320000000000000000e+02,3.581008445168835652e-01,-7.842299549160609839e-02,1.000000000000000000e+00
2.330000000000000000e+02,-3.917516740568511291e-01,-8.908488302287714822e-02,1.100000000000000000e+01
2.340000000000000000e+02,3.094859143370799481e-01,-1.013778296910434057e-01,2.000000000000000000e+00
2.350000000000000000e+02,-1.694594517614951834e-01,-1.335200401829207129e-01,3.000000000000000000e+00
2.360000000000000000e+02,-6.504443289189013044e-02,-5.166726010679929815e-02,1.000000000000000000e+01
2.370000000000000000e+02,3.707317086464815281e-01,-1.253384441384544079e-01,5.000000000000000000e+00
2.380000000000000000e+02,-4.458643179990356975e-01,-9.469607123411888372e-02,3.000000000000000000e+00
2.390000000000000000e+02,2.151090301719879583e-01,-1.475441107668558349e-01,5.000000000000000000e+00
2.400000000000000000e+02,-3.619305443089529395e-01,-1.065605491610882860e-01,1.100000000000000000e+01
2.410000000000000000e+02,-3.164743099301786100e-01,-1.288367683551130127e-01,6.000000000000000000e+00
2.420000000000000000e+02,-2.607065892470613599e-01,-6.290230518457073927e-02,1.000000000000000000e+01
2.430000000000000000e+02,-3.227447128706031898e-02,-1.509043771175657134e-01,5.000000000000000000e+00
2.440000000000000000e+02,1.866462839385490402e-01,8.845782601461202876e-01,1.300000000000000000e+01
2.450000000000000000e+02,-2.694740191483736003e-01,-6.730567890131874953e-02,1.300000000000000000e+01
2.460000000000000000e+02,-1.703423452712323205e-01,-1.001683158884042607e-01,3.000000000000000000e+00
2.470000000000000000e+02,4.183542908902777580e-01,9.083312761501747268e-01,1.300000000000000000e+01
2.480000000000000000e+02,-4.230329936207695152e-01,-8.404646544315863554e-02,6.000000000000000000e+00
2.490000000000000000e+02,-1.151895550231435833e-01,-7.923744280960480502e-02,1.100000000000000000e+01
2.500000000000000000e+02,-3.172156645420697307e-01,-7.206938896796695471e-02,1.300000000000000000e+01
2.510000000000000000e+02,6.389727376529258374e-01,-1.128292140127098303e-01,1.000000000000000000e+00
2.520000000000000000e+02,-2.471158254089577955e-01,8.679634202605959192e-01,3.000000000000000000e+00
2.530000000000000000e+02,-3.713582433847640862e-01,-8.732821641238118493e-02,9.000000000000000000e+00
2.540000000000000000e+02,3.538158501786244081e-02,-6.769626892483214531e-02,2.000000000000000000e+00
2.550000000000000000e+02,-7.966600080289308952e-03,-1.289839588681412630e-01,5.000000000000000000e+00
2.560000000000000000e+02,1.428786397509140826e+00,-2.338672629545431869e-01,1.000000000000000000e+00
2.570000000000000000e+02,-3.815007292940069128e-01,-1.084864212865038757e-01,3.000000000000000000e+00
2.580000000000000000e+02,2.823303340940057637e-01,-9.108912677216028653e-02,7.000000000000000000e+00
2.590000000000000000e+02,-4.395176170604235821e-01,-4.947821342464404221e-02,9.000000000000000000e+00
2.600000000000000000e+02,-4.999721679602061042e-01,-6.201331676415882538e-02,1.100000000000000000e+01
2.610000000000000000e+02,1.246531944469753128e+00,7.755575933921751153e-01,1.000000000000000000e+00
2.620000000000000000e+02,-3.614561714212370935e-01,-1.101986930567993572e-01,4.000000000000000000e+00
2.630000000000000000e+02,-4.655540236324802184e-01,-7.901263425143315033e-02,4.000000000000000000e+00
2.640000000000000000e+02,1.368321852064243505e+00,-2.285869736651823525e-01,1.000000000000000000e+00
2.650000000000000000e+02,6.964821652148728282e-02,-1.259667076256545393e-01,5.000000000000000000e+00
2.660000000000000000e+02,9.695079079401017763e-01,-1.852687021970502446e-01,7.000000000000000000e+00
2.670000000000000000e+02,-1.228574823795225562e-01,-1.105900596834642063e-01,6.000000000000000000e+00
2.680000000000000000e+02,-2.119008614739827379e-01,-7.447139174112282767e-02,1.000000000000000000e+01
2.690000000000000000e+02,-4.014955655095865938e-01,-5.257834091898066359e-02,1.100000000000000000e+01
2.700000000000000000e+02,1.019758030592004955e-01,8.321991341598773406e-01,5.000000000000000000e+00
2.710000000000000000e+02,9.774653494513767527e-01,-1.928085582367792816e-01,7.000000000000000000e+00
2.720000000000000000e+02,-3.644169564993386956e-01,-1.067587244038414179e-01,2.000000000000000000e+00
2.730000000000000000e+02,-1.082667025126809839e-02,-8.582146025422526803e-02,0.000000000000000000e+00
2.740000000000000000e+02,-1.860905101934252348e-01,-8.418360049654347033e-02,4.000000000000000000e+00
2.750000000000000000e+02,-2.439121461318409512e-01,-1.664314857448211948e-01,8.000000000000000000e+00
2.760000000000000000e+02,-1.025106643690057440e-01,-1.586177842123910053e-01,8.000000000000000000e+00
2.770000000000000000e+02,4.160083358292682165e-02,-1.692302821690064851e-01,5.000000000000000000e+00
2.780000000000000000e+02,-3.496919578085491698e-01,-9.393595150721267828e-02,4.000000000000000000e+00
2.790000000000000000e+02,-5.085527618180203380e-01,-1.229513417591460989e-01,1.200000000000000000e+01
2.800000000000000000e+02,-1.834009921104601537e-01,-1.093056211061519678e-01,2.000000000000000000e+00
2.810000000000000000e+02,-4.400518546190150260e-01,-1.168265162238014410e-01,6.000000000000000000e+00
2.820000000000000000e+02,-9.670700963682857254e-02,-1.767091369794126787e-01,8.000000000000000000e+00
2.830000000000000000e+02,-4.066368980666646982e-01,-1.057869181881989779e-01,4.000000000000000000e+00
2.840000000000000000e+02,8.947913315467149742e-01,-2.196120246136003817e-01,1.000000000000000000e+00
2.850000000000000000e+02,-1.410749879881991187e-01,-1.589331092097165943e-01,5.000000000000000000e+00
2.860000000000000000e+02,-2.555094773337158176e-01,-1.047896403886899169e-01,4.000000000000000000e+00
2.870000000000000000e+02,-8.614233385041070168e-02,9.058956458277164225e-01,1.000000000000000000e+01
2.880000000000000000e+02,-4.322111308567613275e-01,9.178399037390101434e-01,1.100000000000000000e+01
2.890000000000000000e+02,-2.509069607518107370e-01,9.141740159909412800e-01,4.000000000000000000e+00
2.900000000000000000e+02,3.377714243840714836e-01,8.979482761099443211e-01,0.000000000000000000e+00
2.910000000000000000e+02,-4.683094403929451144e-02,-1.118394687854546016e-01,2.000000000000000000e+00
2.920000000000000000e+02,-3.498528807083650660e-01,-7.305659444142975634e-02,1.100000000000000000e+01
2.930000000000000000e+02,-1.654847870699092949e-01,-8.812673734854907515e-02,1.000000000000000000e+01
2.940000000000000000e+02,-3.687784289137980842e-01,-1.326783098893757895e-01,1.200000000000000000e+01
2.950000000000000000e+02,1.457039596155248473e-01,-1.765078015045593030e-01,0.000000000000000000e+00
2.960000000000000000e+02,5.301907867221838933e-01,-8.306246469149286549e-02,0.000000000000000000e+00
2.970000000000000000e+02,1.164213109524824263e+00,-1.875500615314940056e-01,7.000000000000000000e+00
2.980000000000000000e+02,-3.375311883952011871e-01,-1.056172708810688837e-01,8.000000000000000000e+00
2.990000000000000000e+02,-2.622747204285560962e-01,-8.456415627003691093e-02,6.000000000000000000e+00
3.000000000000000000e+02,3.245659730795719677e-01,9.239578322645070063e-01,0.000000000000000000e+00
3.010000000000000000e+02,-1.843224135648126594e-01,-7.882512426821433604e-02,6.000000000000000000e+00
3.020000000000000000e+02,1.322149075085703229e+00,-2.042612406335245490e-01,7.000000000000000000e+00
3.030000000000000000e+02,1.374625119055704614e-01,8.627494223809145657e-01,1.000000000000000000e+01
3.040000000000000000e+02,-3.439784197042904390e-01,-1.093103769769835226e-01,2.000000000000000000e+00
3.050000000000000000e+02,-2.802095075229273369e-01,-1.281986972227784627e-01,3.000000000000000000e+00
3.060000000000000000e+02,-9.379532044398582180e-02,8.231274472561768141e-01,8.000000000000000000e+00
3.070000000000000000e+02,-2.465656399841043567e-01,8.509435030912435582e-01,3.000000000000000000e+00
3.080000000000000000e+02,5.687805172427074646e-02,-1.516175556964500515e-01,5.000000000000000000e+00
3.090000000000000000e+02,-5.439511175323304137e-02,-1.667788346868895322e-01,1.200000000000000000e+01
3.100000000000000000e+02,-3.350186252456370806e-01,-1.735960280511544274e-01,8.000000000000000000e+00
3.110000000000000000e+02,-2.534732042835263766e-01,-7.270685016292469105e-02,6.000000000000000000e+00
3.120000000000000000e+02,-1.953435413300834422e-01,-1.545590091912697195e-01,1.200000000000000000e+01
3.130000000000000000e+02,6.619568335116875202e-02,-1.379065092745068166e-01,4.000000000000000000e+00
3.140000000000000000e+02,-3.579901817901120359e-02,-1.557770654279275746e-01,8.000000000000000000e+00
3.150000000000000000e+02,-1.248240401083524076e-01,-1.855100750013518873e-01,1.200000000000000000e+01
3.160000000000000000e+02,-3.652396997366889608e-01,-1.751304304776122867e-01,8.000000000000000000e+00
3.170000000000000000e+02,-2.539412293684525923e-01,-1.065813231325367511e-01,1.000000000000000000e+01
3.180000000000000000e+02,4.641200643696761219e-01,-1.048403687105830262e-01,2.000000000000000000e+00
3.190000000000000000e+02,-2.531553943077814381e-02,-6.750354200676114691e-02,9.000000000000000000e+00
3.200000000000000000e+02,-4.760816280554860946e-01,-1.021256113008891242e-01,1.200000000000000000e+01
3.210000000000000000e+02,-1.274944046803324627e-01,-8.113137233478996679e-02,1.000000000000000000e+01
3.220000000000000000e+02,-2.127261484290016158e-01,8.638220746516842574e-01,3.000000000000000000e+00
3.230000000000000000e+02,-3.404254415685750157e-01,-1.268124478408861056e-01,4.000000000000000000e+00
3.240000000000000000e+02,-4.166741648151097155e-01,8.919865966465206908e-01,6.000000000000000000e+00
3.250000000000000000e+02,-3.867838538621761191e-01,-1.521495575507759712e-01,1.200000000000000000e+01
3.260000000000000000e+02,-3.349946832885374315e-01,-9.593102628619298855e-02,2.000000000000000000e+00
3.270000000000000000e+02,-2.120852610469768085e-01,-1.070246015214565416e-01,4.000000000000000000e+00
3.280000000000000000e+02,2.429145697512232749e-01,9.426462348446948969e-01,0.000000000000000000e+00
3.290000000000000000e+02,-2.423545353223025556e-01,-9.742137259769793889e-02,4.000000000000000000e+00
3.300000000000000000e+02,-4.425541563347232810e-01,-9.473010486525224039e-02,9.000000000000000000e+00
3.310000000000000000e+02,-2.500924091436387831e-01,-1.348903633762658372e-01,8.000000000000000000e+00
3.320000000000000000e+02,-2.444991187000996047e-01,-1.179699724669083377e-01,9.000000000000000000e+00
3.330000000000000000e+02,-2.081348808279645246e-01,-6.097957376319355222e-02,1.300000000000000000e+01
3.340000000000000000e+02,-3.278939568577424191e-01,-1.600937089144254255e-01,8.000000000000000000e+00
3.350000000000000000e+02,-1.006030488192805744e-02,-1.546722821400161596e-01,5.000000000000000000e+00
3.360000000000000000e+02,-4.883862482508376512e-01,-7.800345907288450120e-02,4.000000000000000000e+00
3.370000000000000000e+02,-3.344517787050871882e-01,-9.614885183182354800e-02,4.000000000000000000e+00
3.380000000000000000e+02,7.190769751585325276e-01,-8.948411728540367482e-02,0.000000000000000000e+00
3.390000000000000000e+02,-2.793206001818645534e-01,-1.081067942665488862e-01,2.000000000000000000e+00
3.400000000000000000e+02,-1.119067729957270996e-01,-1.377329538541418041e-01,9.000000000000000000e+00
3.410000000000000000e+02,7.904069053029675329e-01,-1.978900794622062143e-01,1.000000000000000000e+00
3.420000000000000000e+02,1.642625218059332315e-01,8.353228867459625562e-01,5.000000000000000000e+00
3.430000000000000000e+02,1.004063582966168600e+00,-1.700927253329153344e-01,7.000000000000000000e+00
3.440000000000000000e+02,1.215578194764951325e-01,-1.652073912513309095e-01,5.000000000000000000e+00
3.450000000000000000e+02,-2.723719871020235939e-01,-8.164574730518821266e-02,2.000000000000000000e+00
3.460000000000000000e+02,4.731330689573639003e-01,-7.322370787160396854e-02,0.000000000000000000e+00
3.470000000000000000e+02,6.518600863148243940e-02,-4.898487719728408102e-02,1.300000000000000000e+01
3.480000000000000000e+02,1.376704405131526032e+00,-2.258485650945686873e-01,1.000000000000000000e+00
3.490000000000000000e+02,-1.488802896321343439e-01,-8.410718871642335059e-02,1.000000000000000000e+01
3.500000000000000000e+02,3.255848824265256680e-01,-1.353341459773812760e-01,1.300000000000000000e+01
3.510000000000000000e+02,-3.896418902519248606e-01,-1.181546485172131900e-01,1.200000000000000000e+01
3.520000000000000000e+02,-3.922002472270169071e-01,-1.688983054767029812e-01,8.000000000000000000e+00
3.530000000000000000e+02,2.999091172626417445e-01,-8.670389039991389935e-02,1.000000000000000000e+00
3.540000000000000000e+02,-1.673340211927298038e-01,-1.256546133817914856e-01,0.000000000000000000e+00
3.550000000000000000e+02,1.469430980275287180e+00,-2.381985611017569393e-01,1.000000000000000000e+00
3.560000000000000000e+02,-1.256702171705095794e-02,-5.032864596591520717e-02,0.000000000000000000e+00
3.570000000000000000e+02,-4.665003313623142245e-01,-1.149489963786159558e-01,1.200000000000000000e+01
3.580000000000000000e+02,-2.019779268311923393e-01,-1.274068406699911948e-01,2.000000000000000000e+00
3.590000000000000000e+02,9.605893296964694919e-03,-7.107354011447397646e-02,1.300000000000000000e+01
3.600000000000000000e+02,4.899716861399755485e-01,-1.222714701441690033e-01,1.300000000000000000e+01
3.610000000000000000e+02,1.143146298190040433e+00,-2.066470909584204041e-01,1.000000000000000000e+00
3.620000000000000000e+02,9.093105602695975564e-01,-1.743068745810968379e-01,7.000000000000000000e+00
3.630000000000000000e+02,-2.335836605981805036e-01,-1.263524857196289819e-01,9.000000000000000000e+00
3.640000000000000000e+02,-4.389867990314819113e-01,-7.407828388193755942e-02,4.000000000000000000e+00
3.650000000000000000e+02,-1.664223858047056970e-01,9.333981236725005237e-01,1.000000000000000000e+01
3.660000000000000000e+02,8.458408586657618911e-02,-9.648392364088104189e-02,1.300000000000000000e+01
3.670000000000000000e+02,-3.932066553016730359e-01,-7.096747604595750325e-02,6.000000000000000000e+00
3.680000000000000000e+02,-1.762088486087683148e-01,-1.366524247413379023e-01,8.000000000000000000e+00
3.690000000000000000e+02,-2.745457606567895947e-01,-1.874585086058701833e-01,8.000000000000000000e+00
3.700000000000000000e+02,8.653762116431900102e-04,-2.058221875353022923e-01,1.200000000000000000e+01
3.710000000000000000e+02,-4.256054452621690354e-01,-6.081307256800290439e-02,4.000000000000000000e+00
3.720000000000000000e+02,1.677703656272057087e-01,-1.511011485307661717e-01,5.000000000000000000e+00
3.730000000000000000e+02,3.285773224582645979e-01,-1.231641714293891243e-01,5.000000000000000000e+00
3.740000000000000000e+02,-1.035465052867280272e-01,-1.564141984841666277e-01,3.000000000000000000e+00
3.750000000000000000e+02,-1.287702520683932372e-01,-8.600336977120606741e-02,2.000000000000000000e+00
3.760000000000000000e+02,-1.518244325700130737e-01,-1.474341092879000725e-01,4.000000000000000000e+00
3.770000000000000000e+02,-1.804182434715080607e-01,-5.409747918612386325e-02,1.100000000000000000e+01
3.780000000000000000e+02,-3.941050262162514861e-01,-8.458170500105730016e-02,9.000000000000000000e+00
3.790000000000000000e+02,-3.382501933964318641e-01,-1.271057842085398515e-01,3.000000000000000000e+00
3.800000000000000000e+02,2.626800840884436772e-01,-7.987382614127518099e-02,0.000000000000000000e+00
3.810000000000000000e+02,7.004259314084866628e-02,-1.509918712388003681e-01,5.000000000000000000e+00
3.820000000000000000e+02,3.277593472664533381e-01,-1.315764379253856753e-01,0.000000000000000000e+00
3.830000000000000000e+02,-3.722966495152892352e-01,-1.025846115090305460e-01,3.000000000000000000e+00
3.840000000000000000e+02,-3.244323362011775624e-01,-7.006605673726511163e-02,1.100000000000000000e+01
3.850000000000000000e+02,-7.784909097330773575e-02,-2.632144659501293310e-02,1.300000000000000000e+01
3.860000000000000000e+02,-1.114858445998088837e-01,-1.375297298402044233e-01,9.000000000000000000e+00
3.870000000000000000e+02,-1.349410024516898080e-02,-8.444192575373263288e-02,1.300000000000000000e+01
3.880000000000000000e+02,1.194840646709177223e+00,-2.082161028391840418e-01,7.000000000000000000e+00
3.890000000000000000e+02,-4.127789052772457001e-01,-9.326904543916172963e-02,6.000000000000000000e+00
3.900000000000000000e+02,-5.584618743309417016e-02,-1.044195455877083428e-01,2.000000000000000000e+00
3.910000000000000000e+02,-4.043295840957784049e-01,-1.832934724892199552e-01,8.000000000000000000e+00
3.920000000000000000e+02,1.206301070219016003e+00,-2.225636456735948510e-01,1.000000000000000000e+00
3.930000000000000000e+02,-7.129597313281367532e-02,-1.437663340186164374e-01,5.000000000000000000e+00
3.940000000000000000e+02,-4.321351243996893743e-01,-1.041951203380532959e-01,4.000000000000000000e+00
3.950000000000000000e+02,-8.474181599777852458e-02,8.917742498740154344e-01,9.000000000000000000e+00
3.960000000000000000e+02,-2.411506236394142522e-01,9.111411982377012331e-01,1.100000000000000000e+01
3.970000000000000000e+02,-3.343006409398880385e-01,-8.651503366864929379e-02,9.000000000000000000e+00
3.980000000000000000e+02,-4.432448634882008714e-02,-9.010734863775486658e-02,1.000000000000000000e+01
3.990000000000000000e+02,2.821001983093821552e-01,-5.361123647451007668e-02,0.000000000000000000e+00
4.000000000000000000e+02,-3.272729908277575706e-01,-1.447459174391596270e-01,1.200000000000000000e+01
4.010000000000000000e+02,-1.577960720388210669e-01,-7.537842221814597399e-02,0.000000000000000000e+00
4.020000000000000000e+02,-3.146946716207346673e-01,-1.627326415741125742e-01,8.000000000000000000e+00
4.030000000000000000e+02,-2.449673252765260933e-01,-6.857298100555574150e-02,1.100000000000000000e+01
4.040000000000000000e+02,-5.042634465220022233e-02,-1.555320705566280715e-01,5.000000000000000000e+00
4.050000000000000000e+02,-2.757967668943259731e-01,-6.548175908026519776e-02,1.100000000000000000e+01
4.060000000000000000e+02,-9.559184514122548437e-02,-1.153387873659627721e-01,1.000000000000000000e+01
4.070000000000000000e+02,-3.158282167269413909e-01,-8.993705462700599118e-02,9.000000000000000000e+00
4.080000000000000000e+02,-3.288300349999349059e-01,-4.245416237389941505e-02,1.100000000000000000e+01
4.090000000000000000e+02,1.487538086726452491e+00,-2.366647479960995448e-01,1.000000000000000000e+00
4.100000000000000000e+02,-2.377272717904775623e-01,-7.795535111404865158e-02,1.000000000000000000e+01
4.110000000000000000e+02,4.839255673085011145e-01,-1.270753887894870704e-01,5.000000000000000000e+00
4.120000000000000000e+02,1.287292888923477832e-02,-1.411755510082395304e-01,5.000000000000000000e+00
4.130000000000000000e+02,-3.588811081079838483e-01,-5.755895560540020411e-02,1.100000000000000000e+01
4.140000000000000000e+02,5.081218297592263178e-02,-1.593848820124735000e-01,9.000000000000000000e+00
4.150000000000000000e+02,-2.136007877592412466e-02,8.315775617373724060e-01,0.000000000000000000e+00
4.160000000000000000e+02,-2.023182660449674430e-01,-5.134228419704108676e-02,1.300000000000000000e+01
4.170000000000000000e+02,-4.451937806868419001e-01,-8.800322790421902241e-02,1.100000000000000000e+01
4.180000000000000000e+02,2.021447701262454044e-01,-6.384694646120092631e-02,0.000000000000000000e+00
4.190000000000000000e+02,1.312946217960246020e+00,-2.354691803963468444e-01,1.000000000000000000e+00
4.200000000000000000e+02,7.552732378730862006e-01,-1.086303455875097801e-01,7.000000000000000000e+00
4.210000000000000000e+02,-4.097523331413746028e-01,-8.261741343025530426e-02,1.100000000000000000e+01
4.220000000000000000e+02,-3.257549413648459513e-01,-1.110801552410793924e-01,9.000000000000000000e+00
4.230000000000000000e+02,-4.403302444851920905e-01,-1.054355750461549168e-01,1.100000000000000000e+01
4.240000000000000000e+02,1.180879226508849689e+00,-2.141909403814653556e-01,7.000000000000000000e+00
4.250000000000000000e+02,-3.291852377625674730e-01,-7.612409482080818857e-02,9.000000000000000000e+00
4.260000000000000000e+02,1.255540874445567834e+00,-2.095673369409609965e-01,7.000000000000000000e+00
4.270000000000000000e+02,-3.545773286002397162e-01,-1.147417238587111615e-01,2.000000000000000000e+00
4.280000000000000000e+02,-3.117936696951035258e-01,-8.694660475639576225e-02,6.000000000000000000e+00
4.290000000000000000e+02,4.714156160864194645e-01,-6.972279526024603713e-02,0.000000000000000000e+00
4.300000000000000000e+02,1.319663201527778162e-01,-2.785770399897732896e-01,8.000000000000000000e+00
4.310000000000000000e+02,2.104383745687563867e-01,-8.992895832101578668e-02,1.300000000000000000e+01
4.320000000000000000e+02,1.040672631230356693e+00,-1.883529072733760301e-01,7.000000000000000000e+00
4.330000000000000000e+02,-6.333283019302903992e-04,-1.468449465298563295e-01,5.000000000000000000e+00
4.340000000000000000e+02,8.370713380684077906e-04,-1.575463189649477513e-01,5.000000000000000000e+00
4.350000000000000000e+02,-2.702628114973973927e-01,-1.006616231652835841e-01,1.100000000000000000e+01
4.360000000000000000e+02,1.947176047757858963e-01,-1.289607464156239669e-01,1.000000000000000000e+01
4.370000000000000000e+02,-3.666294806791024763e-02,-7.010424937322580485e-02,0.000000000000000000e+00
4.380000000000000000e+02,1.390321824294577624e+00,7.703167996550968066e-01,7.000000000000000000e+00
4.390000000000000000e+02,-3.911283335691490004e-01,8.959813236251288338e-01,0.000000000000000000e+00
4.400000000000000000e+02,-5.441174752195097192e-02,-9.902510385908429302e-02,7.000000000000000000e+00
4.410000000000000000e+02,-2.409367377030012802e-01,-5.518133193476688209e-02,1.000000000000000000e+01
4.420000000000000000e+02,-9.400268597884307853e-02,-6.601544032110946703e-02,1.000000000000000000e+01
4.430000000000000000e+02,1.827662896835196282e-01,-8.334503821088891373e-02,2.000000000000000000e+00
4.440000000000000000e+02,-2.214838338480584756e-01,9.012588172032101053e-01,6.000000000000000000e+00
4.450000000000000000e+02,3.749947607123328003e-02,-1.211639775413677622e-01,3.000000000000000000e+00
4.460000000000000000e+02,-2.967854040835058438e-01,-7.227758826313630813e-02,1.100000000000000000e+01
4.470000000000000000e+02,-6.972760872326583259e-02,-1.617207506219504876e-01,5.000000000000000000e+00
4.480000000000000000e+02,-2.871988049311920421e-01,9.166896479490089789e-01,4.000000000000000000e+00
4.490000000000000000e+02,-4.240262555210561612e-01,-1.099289233572530305e-01,2.000000000000000000e+00
4.500000000000000000e+02,3.889757863412709460e-01,-7.898315746554489258e-02,0.000000000000000000e+00
4.510000000000000000e+02,-5.434025509496523410e-02,-1.440473705289693762e-01,3.000000000000000000e+00
4.520000000000000000e+02,-1.528105957303647622e-01,9.317735654606583706e-01,1.300000000000000000e+01
4.530000000000000000e+02,1.326075949664099696e+00,-2.466308249582756518e-01,1.000000000000000000e+00
4.540000000000000000e+02,-3.271528549562209287e-01,9.097770444872326223e-01,4.000000000000000000e+00
4.550000000000000000e+02,1.467064190104892862e+00,-2.348290952825391187e-01,1.000000000000000000e+00
4.560000000000000000e+02,-2.838746306222035276e-01,-1.401042742991573942e-01,3.000000000000000000e+00
4.570000000000000000e+02,-3.469741240464679910e-01,-1.401943472760058818e-01,1.200000000000000000e+01
4.580000000000000000e+02,-4.141692004055822496e-01,-6.751149591283769902e-02,2.000000000000000000e+00
4.590000000000000000e+02,7.790572771082795445e-01,8.538580064651116741e-01,7.000000000000000000e+00
4.600000000000000000e+02,9.545698122814862130e-02,-6.856410156160243352e-02,0.000000000000000000e+00
4.610000000000000000e+02,-4.142773721257371755e-01,-6.468787502426046054e-02,1.100000000000000000e+01
4.620000000000000000e+02,-1.277494509537966949e-01,-1.031537967957706636e-01,1.000000000000000000e+01
4.630000000000000000e+02,-3.304934872700064918e-01,-1.074124103910581857e-01,2.000000000000000000e+00
4.640000000000000000e+02,1.270944399705920214e+00,-2.055288388615997275e-01,1.000000000000000000e+00
4.650000000000000000e+02,-1.139616277264782068e-01,-8.575032133671282863e-02,1.100000000000000000e+01
4.660000000000000000e+02,1.270475385076558217e+00,-2.047353898878081224e-01,7.000000000000000000e+00
4.670000000000000000e+02,-3.868859121188380490e-01,-1.363160573628912076e-01,8.000000000000000000e+00
4.680000000000000000e+02,-2.797441370486087320e-01,-1.241557022781022007e-01,3.000000000000000000e+00
4.690000000000000000e+02,1.275544301140134396e+00,-2.636887181963520344e-01,1.000000000000000000e+00
4.700000000000000000e+02,-4.580107398962502407e-01,-6.914063846109609612e-02,6.000000000000000000e+00
4.710000000000000000e+02,-1.967834020438257725e-01,9.356894600147286356e-01,9.000000000000000000e+00
4.720000000000000000e+02,-3.857476856705543272e-02,-2.092046953770952955e-01,1.200000000000000000e+01
4.730000000000000000e+02,-2.815460511511562736e-01,-1.101273116290181348e-01,1.000000000000000000e+01
4.740000000000000000e+02,-4.480356287253804970e-01,-1.456125717075051340e-01,1.000000000000000000e+01
4.750000000000000000e+02,-3.659140716884931588e-01,-1.360338882622136591e-01,1.200000000000000000e+01
4.760000000000000000e+02,2.497104358132537505e-01,-8.988390002427462666e-02,0.000000000000000000e+00
4.770000000000000000e+02,3.803856948090304779e-02,-1.016238413883413239e-01,2.000000000000000000e+00
4.780000000000000000e+02,-2.546782165214077631e-01,-8.896833155362315892e-02,1.000000000000000000e+01
4.790000000000000000e+02,1.024327299736782493e+00,-2.040063758061445853e-01,7.000000000000000000e+00
4.800000000000000000e+02,1.042763530808183070e+00,-1.855890532874309440e-01,1.000000000000000000e+00
4.810000000000000000e+02,-3.429556502227761317e-01,-1.498458239368122558e-01,1.200000000000000000e+01
4.820000000000000000e+02,2.854013839798929530e-01,-7.648076480253263032e-02,1.300000000000000000e+01
4.830000000000000000e+02,-3.312499772812453336e-01,-1.433151602266714841e-01,1.200000000000000000e+01
4.840000000000000000e+02,-4.363095699101613434e-01,-1.343604307242118601e-01,1.200000000000000000e+01
4.850000000000000000e+02,1.106126899346031867e-01,9.289988839128314746e-01,0.000000000000000000e+00
4.860000000000000000e+02,-2.694430322974660785e-01,-1.110127842793997288e-01,4.000000000000000000e+00
4.870000000000000000e+02,-4.059268906402039301e-01,-1.057428510398299298e-01,4.000000000000000000e+00
4.880000000000000000e+02,2.752065292479881076e-01,-6.911340495826286123e-02,1.300000000000000000e+01
4.890000000000000000e+02,-5.512063536622731352e-02,-4.967688732267581259e-02,1.300000000000000000e+01
4.900000000000000000e+02,-2.086229885360280645e-01,-1.590019267309946416e-01,1.200000000000000000e+01
4.910000000000000000e+02,-3.989443767650218686e-01,-8.408964192952883554e-02,6.000000000000000000e+00
4.920000000000000000e+02,-5.093874202953633246e-01,-6.760627287236699312e-02,8.000000000000000000e+00
4.930000000000000000e+02,-2.419236526601748483e-01,8.609749232591308310e-01,3.000000000000000000e+00
4.940000000000000000e+02,-6.791605484438975084e-03,-5.927510905440376565e-02,1.300000000000000000e+01
4.950000000000000000e+02,-3.622633984685170727e-01,-8.357138627712114298e-02,9.000000000000000000e+00
4.960000000000000000e+02,-1.961499053699588824e-01,-1.300912253904807081e-01,3.000000000000000000e+00
4.970000000000000000e+02,-1.741168708766446527e-01,-1.222179832566782365e-01,9.000000000000000000e+00
4.980000000000000000e+02,-2.607747711533842661e-01,8.983756846174679733e-01,9.000000000000000000e+00
4.990000000000000000e+02,1.447663855513117603e+00,-2.413390053218877618e-01,1.000000000000000000e+00
5.000000000000000000e+02,5.342526335016462014e-01,8.978970837135813454e-01,1.300000000000000000e+01
5.010000000000000000e+02,-3.044570507354981206e-02,-1.976179633097068511e-01,1.200000000000000000e+01
5.020000000000000000e+02,-7.986896204625763829e-02,-1.312459365769812758e-01,9.000000000000000000e+00
5.030000000000000000e+02,-2.436578556745369606e-01,-7.435396849294528820e-02,6.000000000000000000e+00
5.040000000000000000e+02,-1.316910416836781887e-02,-1.224149432582003622e-01,5.000000000000000000e+00
5.050000000000000000e+02,1.248090512332998836e+00,8.015443783931929245e-01,7.000000000000000000e+00
5.060000000000000000e+02,-1.968463357518686063e-01,-9.811127654492762806e-02,0.000000000000000000e+00
5.070000000000000000e+02,-2.389841512575487936e-01,-1.175758263918183222e-01,1.000000000000000000e+01
5.080000000000000000e+02,1.403235740796256126e+00,-2.352481092048815670e-01,1.000000000000000000e+00
5.090000000000000000e+02,-2.333908514062016937e-01,-9.031965463881894141e-02,6.000000000000000000e+00
5.100000000000000000e+02,1.232356057128727173e-01,-9.008332338158435426e-02,1.300000000000000000e+01
5.110000000000000000e+02,-1.741103451305775762e-01,8.333377960427482689e-01,5.000000000000000000e+00
5.120000000000000000e+02,-4.704147133245362711e-01,-1.299187836047991929e-01,1.100000000000000000e+01
5.130000000000000000e+02,2.812683768921356853e-01,-1.244748641353446011e-01,1.300000000000000000e+01
5.140000000000000000e+02,-1.752830158689598072e-01,-4.173754818486760665e-02,9.000000000000000000e+00
5.150000000000000000e+02,-4.337013940694962599e-01,-1.139432706764068881e-01,1.200000000000000000e+01
5.160000000000000000e+02,-2.167035744766182825e-01,-9.301613922882590035e-02,1.000000000000000000e+01
5.170000000000000000e+02,-1.300941922526127614e-01,-6.547496507114866637e-02,6.000000000000000000e+00
5.180000000000000000e+02,1.190313072943475214e+00,-2.004219586356195959e-01,7.000000000000000000e+00
5.190000000000000000e+02,-3.464577570873249579e-01,-9.100894868810480154e-02,4.000000000000000000e+00
5.200000000000000000e+02,-1.406257956643512941e-01,-1.201627033581877529e-01,4.000000000000000000e+00
5.210000000000000000e+02,-4.572385828709703004e-01,-8.730224099933860116e-02,4.000000000000000000e+00
5.220000000000000000e+02,1.278573246743920144e+00,-2.555856128091916202e-01,1.000000000000000000e+00
5.230000000000000000e+02,-2.792713335152959830e-01,-1.342586333625089834e-01,1.200000000000000000e+01
5.240000000000000000e+02,-2.066442231003008390e-01,-1.178476215957044576e-01,4.000000000000000000e+00
5.250000000000000000e+02,-1.367972167767981563e-02,-8.024285047866480669e-02,2.000000000000000000e+00
5.260000000000000000e+02,-3.996778746726944997e-02,-9.191857059378477635e-02,1.000000000000000000e+01
5.270000000000000000e+02,-2.595060948734995154e-01,-6.293453370706167394e-02,4.000000000000000000e+00
5.280000000000000000e+02,1.303447492891555815e+00,-1.950379011028230414e-01,1.000000000000000000e+00
5.290000000000000000e+02,-1.404434428953507952e-01,-6.115777512465568611e-02,1.300000000000000000e+01
5.300000000000000000e+02,-2.376433308375239528e-01,8.355639268173049583e-01,3.000000000000000000e+00
5.310000000000000000e+02,5.319931624828646427e-02,-1.346637370384541621e-01,5.000000000000000000e+00
5.320000000000000000e+02,-3.503084322693360009e-01,-1.188172448134531267e-01,3.000000000000000000e+00
5.330000000000000000e+02,-2.181087065643545764e-01,-1.449848710029007781e-01,1.200000000000000000e+01
5.340000000000000000e+02,-2.752084049286596112e-01,-1.529175310794202713e-01,1.200000000000000000e+01
5.350000000000000000e+02,-3.153670225884958600e-01,-1.662450588884299418e-01,3.000000000000000000e+00
5.360000000000000000e+02,-3.567186328114650973e-01,-1.501803203411838650e-01,6.000000000000000000e+00
5.370000000000000000e+02,-2.455100995185987844e-01,-1.586968562077298861e-01,3.000000000000000000e+00
5.380000000000000000e+02,-3.029952200039880417e-01,-1.284898418024238431e-01,2.000000000000000000e+00
5.390000000000000000e+02,1.455370110584377485e-01,8.820564183711498973e-01,1.300000000000000000e+01
5.400000000000000000e+02,-2.061203494915626322e-01,-1.063931791979490643e-01,9.000000000000000000e+00
5.410000000000000000e+02,7.126588295530489336e-02,-5.390882205235293656e-02,0.000000000000000000e+00
5.420000000000000000e+02,-1.358609370421675622e-01,-7.022728019473226113e-02,0.000000000000000000e+00
5.430000000000000000e+02,-5.752989040253460307e-02,8.900945008640612777e-01,9.000000000000000000e+00
5.440000000000000000e+02,-3.681695400146097197e-01,-1.137080240888679872e-01,6.000000000000000000e+00
5.450000000000000000e+02,1.970116492686400933e-01,-2.588138499536058457e-01,1.200000000000000000e+01
5.460000000000000000e+02,8.535124427713074446e-01,-1.891183091292613361e-01,7.000000000000000000e+00
5.470000000000000000e+02,-1.270389077245287213e-01,-8.926585393700577076e-02,1.000000000000000000e+01
5.480000000000000000e+02,1.401177767579019073e-01,-2.604261953461578516e-01,8.000000000000000000e+00
5.490000000000000000e+02,1.362887988999448297e+00,-2.170207653132673331e-01,7.000000000000000000e+00
5.500000000000000000e+02,-2.713246376197729903e-01,-1.736436472370267436e-01,1.200000000000000000e+01
5.510000000000000000e+02,1.345222894954317461e+00,-2.535924931440237673e-01,1.000000000000000000e+00
5.520000000000000000e+02,1.262704231653856146e+00,-2.062472080321190449e-01,7.000000000000000000e+00
5.530000000000000000e+02,-4.789264968970943226e-01,-8.869450431222807019e-02,3.000000000000000000e+00
5.540000000000000000e+02,6.231297917567918399e-01,-1.101160805098938961e-01,1.000000000000000000e+00
5.550000000000000000e+02,2.873464625730227096e-01,-7.813892978818280655e-02,2.000000000000000000e+00
5.560000000000000000e+02,2.936596259379170570e-02,-1.203103453795335842e-01,9.000000000000000000e+00
5.570000000000000000e+02,-3.513589336761387960e-01,-8.584583174504736847e-02,1.100000000000000000e+01
5.580000000000000000e+02,1.230079205980028956e+00,-2.429129449696313670e-01,1.000000000000000000e+00
5.590000000000000000e+02,4.350354858288879023e-01,-6.640993179973496419e-02,0.000000000000000000e+00
5.600000000000000000e+02,-3.244325233674545950e-01,-1.142006861285118635e-01,2.000000000000000000e+00
5.610000000000000000e+02,1.482036487237743394e-01,-1.191272610082784872e-01,5.000000000000000000e+00
5.620000000000000000e+02,3.813668845176964584e-01,8.503675949340442353e-01,5.000000000000000000e+00
5.630000000000000000e+02,-1.821153474171015307e-01,-1.214785407529817562e-01,1.000000000000000000e+01
5.640000000000000000e+02,-1.701134389929879753e-01,8.405567241390111688e-01,9.000000000000000000e+00
5.650000000000000000e+02,-4.504943793813304675e-01,-7.455775035376173421e-02,1.100000000000000000e+01
5.660000000000000000e+02,-4.216184413074066106e-01,-8.273431857548518842e-02,4.000000000000000000e+00
5.670000000000000000e+02,-4.183796814164958411e-01,-8.336065237111396631e-02,9.000000000000000000e+00
5.680000000000000000e+02,-2.288281189506060354e-01,-6.964118371440423949e-02,1.100000000000000000e+01
5.690000000000000000e+02,-8.161070215621023249e-02,-9.970540664923693841e-02,1.000000000000000000e+01
5.700000000000000000e+02,-1.282821854387562466e-01,-1.769434268310382807e-01,3.000000000000000000e+00
5.710000000000000000e+02,-2.199540011370980097e-01,-9.655361777831900083e-02,9.000000000000000000e+00
5.720000000000000000e+02,-2.820430718530770320e-01,-1.065677605364010599e-01,1.200000000000000000e+01
5.730000000000000000e+02,1.373772338216336264e+00,-2.154298085514183003e-01,1.000000000000000000e+00
5.740000000000000000e+02,-5.351540766134428306e-01,-6.187992655712745010e-02,6.000000000000000000e+00
5.750000000000000000e+02,1.476471974551437846e-03,-5.079862487899976936e-02,0.000000000000000000e+00
5.760000000000000000e+02,-4.338680175780930681e-01,-1.094280330271934637e-01,2.000000000000000000e+00
5.770000000000000000e+02,-1.757013523737666616e-01,-1.359135944548921504e-01,8.000000000000000000e+00
5.780000000000000000e+02,-3.350350486884596246e-01,-7.135125746318786433e-02,1.000000000000000000e+01
5.790000000000000000e+02,-2.885913064967521868e-01,-1.904232430777026697e-01,8.000000000000000000e+00
5.800000000000000000e+02,1.353014283874137913e+00,-2.258376478042975755e-01,1.000000000000000000e+00
5.810000000000000000e+02,-2.421656741711157301e-01,-1.260989691902852095e-01,6.000000000000000000e+00
5.820000000000000000e+02,-2.333279289592161687e-01,-1.126812112439708191e-01,9.000000000000000000e+00
5.830000000000000000e+02,-3.084941665400660615e-01,-7.385245467794750163e-02,4.000000000000000000e+00
5.840000000000000000e+02,-2.536823677736548821e-01,-1.121393720203778671e-01,2.000000000000000000e+00
5.850000000000000000e+02,1.130001436459096453e+00,-2.154451229135589674e-01,1.000000000000000000e+00
5.860000000000000000e+02,-4.887507593498448544e-01,-1.129372305924029873e-01,1.200000000000000000e+01
5.870000000000000000e+02,-3.115552080020548842e-01,-1.197436132460291125e-01,1.100000000000000000e+01
5.880000000000000000e+02,1.070362849806490546e+00,-1.718414169409492598e-01,7.000000000000000000e+00
5.890000000000000000e+02,-1.371432729519909133e-01,-6.717048726522380220e-02,9.000000000000000000e+00
5.900000000000000000e+02,-1.319721471061679752e-01,8.937918074600063045e-01,0.000000000000000000e+00
5.910000000000000000e+02,-7.119818578111745955e-02,9.334899711696525992e-01,1.100000000000000000e+01
5.920000000000000000e+02,-4.328598207546945908e-01,-1.048868229928915236e-01,2.000000000000000000e+00
5.930000000000000000e+02,9.477043379763699926e-02,-1.046955728802697466e-01,0.000000000000000000e+00
5.940000000000000000e+02,-7.885541755282296505e-02,-8.480186499390141019e-02,4.000000000000000000e+00
5.950000000000000000e+02,1.190011162332086592e+00,-2.523903928826076171e-01,1.000000000000000000e+00
5.960000000000000000e+02,3.503204366202723047e-02,-1.489116900656426157e-01,5.000000000000000000e+00
5.970000000000000000e+02,-3.988457397356997558e-01,-7.465516407327855986e-02,4.000000000000000000e+00
5.980000000000000000e+02,-4.016814502532867204e-01,-1.533590836869329621e-01,8.000000000000000000e+00
5.990000000000000000e+02,-2.518148136511900170e-01,-9.370764382837237783e-02,6.000000000000000000e+00
6.000000000000000000e+02,-3.472639418286990742e-01,-7.810252760710731379e-02,6.000000000000000000e+00
6.010000000000000000e+02,-3.626382359828661528e-01,8.701803972014048316e-01,1.200000000000000000e+01
6.020000000000000000e+02,-3.141179117994873926e-01,-1.768066422732328113e-01,8.000000000000000000e+00
6.030000000000000000e+02,3.075936041732181825e-01,-9.151668996216129337e-02,7.000000000000000000e+00
6.040000000000000000e+02,7.657186790640173601e-01,-1.640429075292340610e-01,7.000000000000000000e+00
6.050000000000000000e+02,-2.703885808594528872e-01,-1.071976498676682349e-01,1.100000000000000000e+01
6.060000000000000000e+02,-4.605046184685006594e-01,-1.077495907104997347e-01,4.000000000000000000e+00
6.070000000000000000e+02,3.551441800746843458e-01,-1.724688840776308074e-01,7.000000000000000000e+00
6.080000000000000000e+02,-5.625448434217326099e-01,-1.068352403333631406e-01,6.000000000000000000e+00
6.090000000000000000e+02,2.553814189042240557e-01,-1.241401571446377750e-01,1.300000000000000000e+01
6.100000000000000000e+02,-3.279891826423884660e-01,-1.004623058126040414e-01,2.000000000000000000e+00
6.110000000000000000e+02,-4.598221778340401134e-01,-8.084405891282309131e-02,1.100000000000000000e+01
6.120000000000000000e+02,-4.744378640954982074e-01,-1.320212375459282883e-01,3.000000000000000000e+00
6.130000000000000000e+02,-1.970156919996007838e-01,-7.620874237834197873e-02,9.000000000000000000e+00
6.140000000000000000e+02,-7.575010172081267932e-04,-1.039851438786785626e-01,0.000000000000000000e+00
6.150000000000000000e+02,1.404276253576201283e-01,7.934970050779744932e-01,3.000000000000000000e+00
6.160000000000000000e+02,-2.811848639066958921e-01,-8.570487201133850097e-02,6.000000000000000000e+00
6.170000000000000000e+02,3.357233678289192613e-01,-1.032512203143701041e-01,0.000000000000000000e+00
6.180000000000000000e+02,-2.262152647830068253e-01,-1.220850512459034781e-01,3.000000000000000000e+00
6.190000000000000000e+02,-2.998040801037730740e-01,-1.554140888299869738e-01,8.000000000000000000e+00
6.200000000000000000e+02,-3.030440737248003003e-01,-1.239067418325676406e-01,2.000000000000000000e+00
6.210000000000000000e+02,4.494363252682753718e-02,-1.744546915756306493e-01,4.000000000000000000e+00
6.220000000000000000e+02,-1.947652669604774400e-01,8.951081670751280805e-01,1.100000000000000000e+01
6.230000000000000000e+02,-3.401123129739997419e-01,-6.799916061462552008e-02,1.000000000000000000e+01
6.240000000000000000e+02,-3.395282770936179917e-01,-1.404472199788826536e-01,3.000000000000000000e+00
6.250000000000000000e+02,5.466804879144631091e-01,-1.675059105040088703e-01,7.000000000000000000e+00
6.260000000000000000e+02,-2.216450767490706075e-01,-1.486542243005909703e-01,3.000000000000000000e+00
6.270000000000000000e+02,-2.766066100374597880e-01,-1.648766631807786209e-01,5.000000000000000000e+00
6.280000000000000000e+02,3.092839010026721680e-01,8.691603902991624775e-01,5.000000000000000000e+00
6.290000000000000000e+02,-1.985301286509321694e-01,-6.217074076882227185e-02,1.300000000000000000e+01
6.300000000000000000e+02,-1.659684520144351916e-01,-3.195199487857995901e-01,9.000000000000000000e+00
6.310000000000000000e+02,2.981241134858830799e-01,-1.441616123382585546e-01,5.000000000000000000e+00
6.320000000000000000e+02,1.601780121433146631e+00,4.927815987360628647e-01,1.000000000000000000e+00
6.330000000000000000e+02,-2.797492194594557446e-01,-3.745486415215607684e-02,2.000000000000000000e+00
6.340000000000000000e+02,-3.000543680556987391e-01,2.044238021883864609e-01,8.000000000000000000e+00
6.350000000000000000e+02,-2.130962194322298109e-01,1.262670607593978367e-01,8.000000000000000000e+00
6.360000000000000000e+02,-4.017624181890089297e-01,1.009510735465500020e-01,1.200000000000000000e+01
6.370000000000000000e+02,4.319856633024983794e-01,-4.672000040283445510e-01,7.000000000000000000e+00
6.380000000000000000e+02,-3.783036971612838695e-01,-4.275781888042158585e-02,6.000000000000000000e+00
6.390000000000000000e+02,-4.406033431341153106e-01,-1.088291916255557795e-01,1.100000000000000000e+01
6.400000000000000000e+02,-4.265408938691002683e-01,-1.346453040499708542e-01,1.100000000000000000e+01
6.410000000000000000e+02,1.345754525398200840e+00,-3.350720971671915516e-01,1.000000000000000000e+00
6.420000000000000000e+02,2.160667205864644780e-01,-3.017925024847523674e-01,2.000000000000000000e+00
6.430000000000000000e+02,-1.673580873969227889e-01,-2.642189655811317262e-01,6.000000000000000000e+00
6.440000000000000000e+02,3.874959098621151288e-01,-3.378852656848280733e-01,5.000000000000000000e+00
6.450000000000000000e+02,-3.198372784156349180e-01,1.845828380088288534e-01,8.000000000000000000e+00
6.460000000000000000e+02,-5.337543584806269115e-01,-2.060045216952892735e-02,2.000000000000000000e+00
6.470000000000000000e+02,-2.689705236220693227e-02,9.884714868713003755e-01,8.000000000000000000e+00
6.480000000000000000e+02,6.210987991238831052e-01,-4.033968499718540435e-01,7.000000000000000000e+00
6.490000000000000000e+02,5.585693094074802717e-02,-1.769004357846912234e-01,5.000000000000000000e+00
6.500000000000000000e+02,1.971521574896293316e-01,-3.177084664113227763e-01,1.300000000000000000e+01
6.510000000000000000e+02,-1.721394717390456464e-01,1.393656405495403983e-01,3.000000000000000000e+00
6.520000000000000000e+02,-2.738591439238640679e-01,-1.202923078789517042e-01,1.000000000000000000e+01
6.530000000000000000e+02,-3.281512590013184738e-01,-5.651104371267582499e-02,1.000000000000000000e+01
6.540000000000000000e+02,-2.535562361474627546e-01,-2.461755828218381292e-01,4.000000000000000000e+00
6.550000000000000000e+02,-3.605656989350051189e-01,1.048476694095237943e-01,9.000000000000000000e+00
6.560000000000000000e+02,-4.978045093909279073e-01,6.216989046248900391e-02,1.200000000000000000e+01
6.570000000000000000e+02,-2.752631124492210812e-01,8.383953462125030842e-02,5.000000000000000000e+00
6.580000000000000000e+02,1.100497571183471912e+00,-3.470806226100340841e-01,7.000000000000000000e+00
6.590000000000000000e+02,-7.247923665774193280e-02,-1.512924517251923173e-01,1.000000000000000000e+01
6.600000000000000000e+02,1.116699461612637306e-01,-2.200274441358356647e-01,1.300000000000000000e+01
6.610000000000000000e+02,6.299005119570695310e-01,-4.552160900841326074e-01,1.000000000000000000e+00
6.620000000000000000e+02,-1.786422674816708356e-01,-1.300496479232010061e-01,0.000000000000000000e+00
6.630000000000000000e+02,-4.803464729845988157e-01,3.370720395993107715e-02,4.000000000000000000e+00
6.640000000000000000e+02,-2.582003986255903549e-01,-1.002232675626229808e-01,4.000000000000000000e+00
6.650000000000000000e+02,-5.706762632536260815e-02,-3.527080214573877215e-02,2.000000000000000000e+00
6.660000000000000000e+02,-2.371638282138258946e-01,-2.915658718535201269e-02,2.000000000000000000e+00
6.670000000000000000e+02,-8.878706276938054531e-02,-1.303553321579845048e-01,1.000000000000000000e+01
6.680000000000000000e+02,-4.174467384394525138e-01,-1.196530705182768384e-01,6.000000000000000000e+00
6.690000000000000000e+02,-2.803224205951010961e-01,-1.846336615270848802e-01,1.000000000000000000e+01
6.700000000000000000e+02,1.292924168329626644e+00,5.435550260104892173e-01,7.000000000000000000e+00
6.710000000000000000e+02,-4.348239746396651562e-01,3.670160389184903837e-02,2.000000000000000000e+00
6.720000000000000000e+02,-2.430688304799970001e-01,1.064691566971698311e-01,3.000000000000000000e+00
6.730000000000000000e+02,4.000222541770670492e-01,-3.344018921675219191e-01,5.000000000000000000e+00
6.740000000000000000e+02,-2.337284789254729933e-01,1.219550864494196862e-01,2.000000000000000000e+00
6.750000000000000000e+02,-4.362057759626989939e-01,1.011042074026603232e-01,2.000000000000000000e+00
6.760000000000000000e+02,-2.594868382559540887e-01,1.339433698365721237e-01,5.000000000000000000e+00
6.770000000000000000e+02,-3.232979862196200815e-01,9.279369528515625520e-02,3.000000000000000000e+00
6.780000000000000000e+02,3.482416860376031931e-01,-3.768377776542937707e-01,1.300000000000000000e+01
6.790000000000000000e+02,-3.621702881776300287e-01,-2.361511659197930435e-02,9.000000000000000000e+00
6.800000000000000000e+02,-1.548299371236097621e-01,-1.602834187525627729e-01,1.000000000000000000e+01
6.810000000000000000e+02,1.097466982449625705e+00,4.594447648607756785e-01,7.000000000000000000e+00
6.820000000000000000e+02,-4.266621441166608686e-01,1.546488237731407922e-01,8.000000000000000000e+00
6.830000000000000000e+02,2.725138893387847316e-01,-1.013839008984462886e-01,5.000000000000000000e+00
6.840000000000000000e+02,-3.132159076894793781e-01,-1.179789772420562349e-01,1.100000000000000000e+01
6.850000000000000000e+02,7.190803737555747643e-01,-2.625687070271055523e-01,7.000000000000000000e+00
6.860000000000000000e+02,-3.575632542366251609e-01,-8.136773495488098390e-03,9.000000000000000000e+00
6.870000000000000000e+02,-6.499248973971534504e-02,1.009193773409356787e+00,8.000000000000000000e+00
6.880000000000000000e+02,-4.073383551344164633e-01,1.733667288675513618e-01,1.200000000000000000e+01
6.890000000000000000e+02,-2.130775580115203127e-01,-1.619095106211773105e-01,9.000000000000000000e+00
6.900000000000000000e+02,-3.786154350219866904e-01,2.109620534168823308e-02,3.000000000000000000e+00
6.910000000000000000e+02,-1.727763752455014901e-01,8.082843949195667177e-01,4.000000000000000000e+00
6.920000000000000000e+02,1.085033955761094182e+00,-2.660553124500633082e-01,1.000000000000000000e+00
6.930000000000000000e+02,1.318325487213451330e+00,5.600394651339829499e-01,1.000000000000000000e+00
6.940000000000000000e+02,-3.432661041692411374e-01,1.947705696108912865e-01,1.200000000000000000e+01
6.950000000000000000e+02,1.073490986442901529e-01,-4.138011169425616365e-02,5.000000000000000000e+00
6.960000000000000000e+02,-9.072470034507928993e-02,-1.314389445536619516e-01,2.000000000000000000e+00
6.970000000000000000e+02,2.007833451766956878e-01,8.555848509156754877e-01,9.000000000000000000e+00
6.980000000000000000e+02,-3.621982525609865333e-01,-1.052569117640022450e-01,9.000000000000000000e+00
6.990000000000000000e+02,-3.753606541020418907e-01,-6.503047550186664971e-02,1.000000000000000000e+01
