7.000000000000000000e+01,-4.110113938733799266e-01,-4.377932666698253900e-02,2.000000000000000000e+00
7.100000000000000000e+01,-2.226436500907877092e-01,-6.981789124417997483e-02,6.000000000000000000e+00
7.200000000000000000e+01,1.419284943883845296e+00,-2.122191799466589535e-01,1.000000000000000000e+00
7.300000000000000000e+01,-3.973644543682960384e-01,-7.848203015968130414e-02,6.000000000000000000e+00
7.400000000000000000e+01,-2.011466910838512635e-03,-1.328311943237325543e-01,5.000000000000000000e+00
7.500000000000000000e+01,-6.656981225510570643e-02,-1.091319130727916448e-01,0.000000000000000000e+00
7.600000000000000000e+01,1.220694993180103660e+00,-2.058683640084036925e-01,1.000000000000000000e+00
7.700000000000000000e+01,6.942020500774659375e-02,-6.346915778253899541e-03,1.300000000000000000e+01
7.800000000000000000e+01,2.589226697336153293e-01,-6.842046216423021410e-02,1.300000000000000000e+01
7.900000000000000000e+01,-2.834888930616873970e-01,-1.394350927974990495e-01,3.000000000000000000e+00
8.000000000000000000e+01,-2.659318344397147982e-01,-1.634626708181945998e-01,1.200000000000000000e+01
8.100000000000000000e+01,1.611040726727308303e-01,-1.823277992969855321e-01,0.000000000000000000e+00
8.200000000000000000e+01,-3.958940901435987758e-01,-1.368597872977080354e-01,3.000000000000000000e+00
8.300000000000000000e+01,3.359774428974287575e-01,9.096747852163913350e-01,0.000000000000000000e+00
8.400000000000000000e+01,5.342952729256807975e-01,9.151136639822223806e-01,1.300000000000000000e+01
8.500000000000000000e+01,2.029446824657720749e-01,8.991945467781449208e-01,1.300000000000000000e+01
8.600000000000000000e+01,-2.426037452514105963e-01,-8.151461765166405360e-02,6.000000000000000000e+00
8.700000000000000000e+01,1.181070996180593191e-01,-9.736208373124143056e-02,1.000000000000000000e+01
8.800000000000000000e+01,-4.276999316284188501e-02,-4.438490226183370441e-02,1.300000000000000000e+01
8.900000000000000000e+01,-3.932298028339583640e-01,-5.748388840962479623e-02,4.000000000000000000e+00
9.000000000000000000e+01,-4.765550277346925490e-01,-4.940196306858258418e-02,2.000000000000000000e+00
9.100000000000000000e+01,-8.910786695609261565e-02,-5.557923521911400933e-02,1.000000000000000000e+01
9.200000000000000000e+01,1.848195894519046867e-01,9.040447575186875140e-01,1.300000000000000000e+01
9.300000000000000000e+01,1.715482629707978657e-01,-9.063948433608691457e-02,1.300000000000000000e+01
9.400000000000000000e+01,4.105874463631820070e-02,-1.285137903617794564e-01,9.000000000000000000e+00
9.500000000000000000e+01,-2.642977741696990734e-01,-4.628085242952725831e-02,1.000000000000000000e+01
9.600000000000000000e+01,1.392331830922958424e+00,-1.444159864204327404e-01,1.000000000000000000e+00
9.700000000000000000e+01,-3.584342170602913824e-01,8.931974670193643107e-01,9.000000000000000000e+00
9.800000000000000000e+01,-2.593152305002625058e-01,-1.117147337437851412e-01,6.000000000000000000e+00
9.900000000000000000e+01,-4.263112067310860509e-02,-2.861894523625095610e-02,1.100000000000000000e+01
1.000000000000000000e+02,-3.455951762343356104e-01,-6.058278997626475454e-02,0.000000000000000000e+00
1.010000000000000000e+02,-2.476127780209524953e-01,-8.799694564898938309e-02,4.000000000000000000e+00
1.020000000000000000e+02,-3.042997354985384484e-01,-1.798776675648913193e-01,8.000000000000000000e+00
1.030000000000000000e+02,1.179457307476470485e+00,-1.562073925341061487e-01,1.000000000000000000e+00
1.040000000000000000e+02,-1.931051798510775297e-01,-1.349968111052856912e-01,2.000000000000000000e+00
1.050000000000000000e+02,-3.888393321996709284e-01,-4.935730193807440908e-02,1.100000000000000000e+01
1.060000000000000000e+02,3.269774716922867891e-02,9.357076168327178589e-01,0.000000000000000000e+00
1.070000000000000000e+02,2.955578639800801252e-02,9.661136876326124057e-01,1.000000000000000000e+01
1.080000000000000000e+02,-2.989567720010625207e-01,-1.907747692846993859e-01,8.000000000000000000e+00
1.090000000000000000e+02,-2.074936285333351185e-02,-4.311387643806691150e-02,9.000000000000000000e+00
1.100000000000000000e+02,2.727845621396030595e-01,-6.565051333331349548e-02,2.000000000000000000e+00
1.110000000000000000e+02,-3.289771043470761103e-01,-1.389426891848885015e-01,3.000000000000000000e+00
1.120000000000000000e+02,1.267422607053477757e+00,7.912940191118106315e-01,7.000000000000000000e+00
1.130000000000000000e+02,-3.794071428096149612e-01,-1.759706662531652921e-01,1.200000000000000000e+01
1.140000000000000000e+02,-1.452622308163550868e-01,-1.445078745520159136e-01,9.000000000000000000e+00
1.150000000000000000e+02,1.355069157439213468e-01,-8.144729994139437990e-02,1.300000000000000000e+01
1.160000000000000000e+02,-6.185404966873300422e-03,-7.094125826128767909e-02,1.000000000000000000e+01
1.170000000000000000e+02,-2.868504220723307463e-01,-1.526948230775765636e-01,3.000000000000000000e+00
1.180000000000000000e+02,1.881756989856498696e-01,-5.936148148407566216e-02,2.000000000000000000e+00
1.190000000000000000e+02,-3.674898530672612296e-01,-6.149933788187059852e-02,6.000000000000000000e+00
1.200000000000000000e+02,1.447037955379342877e+00,-2.229634237234435212e-01,1.000000000000000000e+00
1.210000000000000000e+02,-4.376239958481067949e-02,-7.208865799293155685e-02,2.000000000000000000e+00
1.220000000000000000e+02,-1.124189551850947461e-01,-4.266208069841011946e-02,6.000000000000000000e+00
1.230000000000000000e+02,-7.143833436767096923e-02,-9.368656700869777698e-02,1.000000000000000000e+01
1.240000000000000000e+02,-1.539428408623826905e-01,-5.164549356740534948e-04,1.100000000000000000e+01
1.250000000000000000e+02,5.137392984068152313e-02,-1.683092413905291074e-01,5.000000000000000000e+00
1.260000000000000000e+02,-5.051240895388479091e-01,-4.548156415437611816e-02,8.000000000000000000e+00
1.270000000000000000e+02,-5.440042738394442606e-02,-9.216564466331896716e-03,1.300000000000000000e+01
1.280000000000000000e+02,-9.929257271522097528e-02,-2.619199939884470172e-03,9.000000000000000000e+00
1.290000000000000000e+02,-3.111803262017826532e-01,-1.623048710268021333e-01,1.200000000000000000e+01
1.300000000000000000e+02,1.271517537087847094e+00,-1.812518421401579372e-01,7.000000000000000000e+00
1.310000000000000000e+02,-2.931249115622467372e-01,-4.727868928671841164e-02,1.100000000000000000e+01
1.320000000000000000e+02,-1.915160690017988221e-01,-1.490234737618006677e-01,1.200000000000000000e+01
1.330000000000000000e+02,-1.843377246351176890e-01,-1.423336588709502859e-01,3.000000000000000000e+00
1.340000000000000000e+02,-1.652643590160704778e-01,-7.607978265456423472e-02,9.000000000000000000e+00
1.350000000000000000e+02,2.743887927441686636e-01,-1.326484156237178746e-01,1.300000000000000000e+01
1.360000000000000000e+02,1.196848664971643661e+00,-1.613989746186625662e-01,7.000000000000000000e+00
1.370000000000000000e+02,-2.250697114078756278e-01,-1.017555479291050446e-01,2.000000000000000000e+00
1.380000000000000000e+02,3.430489958229820391e-01,-8.284272694102082224e-02,0.000000000000000000e+00
1.390000000000000000e+02,1.894050020896956288e-01,-1.779744986108208749e-01,5.000000000000000000e+00
1.400000000000000000e+02,-1.628628438059953887e-01,-9.231010106953017880e-02,3.000000000000000000e+00
1.410000000000000000e+02,-2.468571219497730507e-01,-6.987292751231234667e-02,1.000000000000000000e+01
1.420000000000000000e+02,-4.148495586289858150e-01,-6.596942005144974808e-02,6.000000000000000000e+00
1.430000000000000000e+02,-1.882000182398307631e-01,-8.760955025400896101e-02,0.000000000000000000e+00
1.440000000000000000e+02,-4.723662212237216274e-01,-8.067348338648665240e-02,3.000000000000000000e+00
1.450000000000000000e+02,-3.416647161432587176e-01,-6.319537785779914818e-02,6.000000000000000000e+00
1.460000000000000000e+02,4.637924208513276823e-03,-3.271197621693669455e-02,1.300000000000000000e+01
1.470000000000000000e+02,1.178353192568773355e+00,-1.950740166613579019e-01,7.000000000000000000e+00
1.480000000000000000e+02,-3.061368144054538165e-01,-4.940933396673418548e-02,1.300000000000000000e+01
1.490000000000000000e+02,-2.882951451795257580e-01,-1.764939573399761374e-01,8.000000000000000000e+00
1.500000000000000000e+02,-3.402919580799155796e-01,-1.704394603383948548e-01,6.000000000000000000e+00
1.510000000000000000e+02,1.046316367714720919e+00,-1.471171416908881868e-01,1.000000000000000000e+00
1.520000000000000000e+02,4.022748802692298065e-01,-1.515995365931457617e-01,5.000000000000000000e+00
1.530000000000000000e+02,-4.416252148020676782e-01,-8.696672427368541680e-02,1.200000000000000000e+01
1.540000000000000000e+02,-1.904220701035967966e-01,-5.702217380214533171e-02,9.000000000000000000e+00
1.550000000000000000e+02,-3.630046517572068643e-01,-1.000577386094716470e-01,1.200000000000000000e+01
1.560000000000000000e+02,1.082640924371549795e+00,-1.486703195682001488e-01,7.000000000000000000e+00
1.570000000000000000e+02,-4.792742991005866648e-01,-1.134779350031811795e-01,1.200000000000000000e+01
1.580000000000000000e+02,1.053724481221717246e-01,-4.385909811358973398e-02,0.000000000000000000e+00
1.590000000000000000e+02,-4.457132611880066930e-01,-4.537684346366797905e-02,1.100000000000000000e+01
1.600000000000000000e+02,-3.825732681461284646e-01,-1.489787657727809633e-01,1.200000000000000000e+01
1.610000000000000000e+02,6.685848404132320455e-02,-1.067348629422812528e-01,4.000000000000000000e+00
1.620000000000000000e+02,-2.319080610981818502e-01,-1.813185708488563586e-01,5.000000000000000000e+00
1.630000000000000000e+02,-2.069817685864908663e-01,8.183980903263294859e-01,8.000000000000000000e+00
1.640000000000000000e+02,4.829299595169761483e-01,-2.928693937538629291e-02,0.000000000000000000e+00
1.650000000000000000e+02,-3.589360465885971796e-01,-2.656130480116409426e-02,4.000000000000000000e+00
1.660000000000000000e+02,3.013761914907813200e-01,-1.239927615345837869e-01,1.300000000000000000e+01
1.670000000000000000e+02,-4.252695109048075239e-01,-1.042245150535438952e-01,2.000000000000000000e+00
1.680000000000000000e+02,-1.487343257828050991e-01,-1.452601535874269434e-01,8.000000000000000000e+00
1.690000000000000000e+02,-4.478761910221867176e-02,-1.086497392557421865e-01,0.000000000000000000e+00
1.700000000000000000e+02,1.301173043029966309e-02,-1.900259730142249692e-01,5.000000000000000000e+00
1.710000000000000000e+02,-2.371946423443880014e-01,9.738517052439198407e-01,1.300000000000000000e+01
1.720000000000000000e+02,-3.714720836946587279e-01,-1.567288489375028848e-01,1.200000000000000000e+01
1.730000000000000000e+02,-2.575730844285547549e-01,9.269031902701815318e-01,4.000000000000000000e+00
1.740000000000000000e+02,1.381945444837723025e-01,-1.746507721276987501e-01,5.000000000000000000e+00
1.750000000000000000e+02,4.480720660770695085e-01,-1.130576312561620000e-01,5.000000000000000000e+00
1.760000000000000000e+02,-1.275492531789000628e-01,-6.703320421209005286e-02,2.000000000000000000e+00
1.770000000000000000e+02,-1.888748266899579198e-01,-8.422808092986810991e-02,1.000000000000000000e+01
1.780000000000000000e+02,-1.199091327567795157e-01,-8.379690245378239311e-02,1.000000000000000000e+01
1.790000000000000000e+02,2.402139497742184285e-02,8.484887785467736254e-01,9.000000000000000000e+00
1.800000000000000000e+02,-4.983805848977240216e-01,-1.273753798947684091e-01,1.200000000000000000e+01
1.810000000000000000e+02,-2.284357859606594710e-01,-8.748417663076489548e-02,6.000000000000000000e+00
1.820000000000000000e+02,-4.264848240904758336e-01,-4.223742825384579208e-02,4.000000000000000000e+00
1.830000000000000000e+02,-2.160009961191881600e-01,-1.274676942883903874e-01,3.000000000000000000e+00
1.840000000000000000e+02,3.846020517655757143e-01,8.383634242295512351e-01,5.000000000000000000e+00
1.850000000000000000e+02,-3.956939172097783536e-02,-8.325005767784775246e-02,7.000000000000000000e+00
1.860000000000000000e+02,-3.826528715186269802e-01,-8.827480903021510394e-02,2.000000000000000000e+00
1.870000000000000000e+02,7.820165707318306458e-02,-1.409188383179063586e-02,0.000000000000000000e+00
1.880000000000000000e+02,-2.191876580106324746e-01,-1.386310122474682660e-01,3.000000000000000000e+00
1.890000000000000000e+02,1.243710520453815915e+00,-1.882599311810088660e-01,1.000000000000000000e+00
1.900000000000000000e+02,-1.241709662945880005e-01,-7.181385826134747963e-02,1.300000000000000000e+01
1.910000000000000000e+02,-9.443685224531406242e-02,-1.523803368977157124e-01,8.000000000000000000e+00
1.920000000000000000e+02,1.385804114326132153e+00,-1.802562395613577784e-01,1.000000000000000000e+00
1.930000000000000000e+02,-1.080688108497866728e-01,-7.069496813468210961e-02,6.000000000000000000e+00
1.940000000000000000e+02,-3.324770018983667641e-01,-1.207176484203952571e-01,4.000000000000000000e+00
1.950000000000000000e+02,4.333117669106812953e-01,-5.261723274864557598e-02,1.000000000000000000e+00
1.960000000000000000e+02,-4.656983332462341085e-01,-5.261266379703900126e-02,6.000000000000000000e+00
1.970000000000000000e+02,5.032942906643355085e-01,-1.245114511059920159e-01,5.000000000000000000e+00
1.980000000000000000e+02,-2.514606454825689119e-01,-3.912355736679028195e-02,4.000000000000000000e+00
1.990000000000000000e+02,-3.666768992894632873e-01,-1.538726582098409734e-01,8.000000000000000000e+00
2.000000000000000000e+02,9.011019369985916461e-01,-1.171097171592222347e-01,7.000000000000000000e+00
2.010000000000000000e+02,7.201413221511061835e-02,-1.000531817682270563e-01,2.000000000000000000e+00
2.020000000000000000e+02,2.362853034791153051e-01,9.785638476025687593e-01,0.000000000000000000e+00
2.030000000000000000e+02,8.645342649168394344e-02,-1.717778014252843710e-01,5.000000000000000000e+00
2.040000000000000000e+02,-1.077855675171018740e-01,-1.142042814969555509e-01,6.000000000000000000e+00
2.050000000000000000e+02,1.005256072610448248e+00,-1.188662084700374544e-01,7.000000000000000000e+00
2.060000000000000000e+02,8.579872278319264911e-01,-1.622224789547044577e-01,7.000000000000000000e+00
2.070000000000000000e+02,4.172035385283167086e-01,-5.592032877650845307e-02,1.300000000000000000e+01
2.080000000000000000e+02,-1.678689823213361521e-01,-7.567872865668208437e-02,9.000000000000000000e+00
2.090000000000000000e+02,2.139338652212076017e-02,-8.663483719856626686e-02,1.000000000000000000e+01
2.100000000000000000e+02,-2.058739762753029889e-01,-8.752298282113850358e-02,4.000000000000000000e+00
2.110000000000000000e+02,-3.938872739306923353e-03,-6.570517822120783280e-02,1.300000000000000000e+01
2.120000000000000000e+02,-2.562431490354665775e-01,-2.049496534487342536e-01,5.000000000000000000e+00
2.130000000000000000e+02,-4.219585704474329568e-01,8.908599796614896649e-01,6.000000000000000000e+00
2.140000000000000000e+02,-2.220244354439818713e-01,-5.279096050832667725e-02,1.100000000000000000e+01
2.150000000000000000e+02,-3.992444903514920096e-01,-2.269923103719448387e-02,1.100000000000000000e+01
2.160000000000000000e+02,-1.693162002476144568e-01,-1.140595461299976354e-01,1.000000000000000000e+01
2.170000000000000000e+02,1.439626363759300531e+00,-1.919126831350563833e-01,1.000000000000000000e+00
2.180000000000000000e+02,-2.231160888300213752e-01,-1.348451517924963705e-01,9.000000000000000000e+00
2.190000000000000000e+02,1.752967677305995384e-02,-1.785729270612950170e-01,5.000000000000000000e+00
2.200000000000000000e+02,-2.269619948534480625e-01,-1.100347465546077236e-01,1.000000000000000000e+01
2.210000000000000000e+02,-3.732519363378158372e-01,-1.310601827920353235e-01,3.000000000000000000e+00
2.220000000000000000e+02,-4.758724659586653916e-01,-4.106221375598498313e-02,6.000000000000000000e+00
2.230000000000000000e+02,7.213915701935438296e-01,-1.136750287598972259e-01,1.000000000000000000e+00
2.240000000000000000e+02,-3.570728713272727228e-01,-1.152004596616562765e-01,6.000000000000000000e+00
2.250000000000000000e+02,1.336762250516697836e+00,-1.610199260355662243e-01,7.000000000000000000e+00
2.260000000000000000e+02,-2.925652952763359571e-01,-2.134882802344823804e-01,8.000000000000000000e+00
2.270000000000000000e+02,-3.173636484244969358e-01,-8.328505274804422209e-02,1.000000000000000000e+01
2.280000000000000000e+02,7.967548130396903128e-01,-1.601998991126923344e-01,1.000000000000000000e+00
2.290000000000000000e+02,-4.148434394553691673e-01,9.225831771930822489e-01,1.100000000000000000e+01
2.300000000000000000e+02,-3.209791980183741567e-01,-8.397379054436386603e-02,6.000000000000000000e+00
2.310000000000000000e+02,-2.588102261764180234e-01,-2.171306752849289923e-01,8.000000000000000000e+00
2.320000000000000000e+02,-4.207287589489716595e-02,-1.598176722522094695e-01,3.000000000000000000e+00
2.330000000000000000e+02,-1.133740160604155972e-01,-1.142144874728150683e-01,1.000000000000000000e+01
2.340000000000000000e+02,-2.917207356633475523e-01,-1.730460782065414704e-01,1.200000000000000000e+01
2.350000000000000000e+02,8.003410504149854887e-02,-1.750873413628673825e-01,5.000000000000000000e+00
2.360000000000000000e+02,1.549347327430678489e-01,-2.847662104504577463e-01,8.000000000000000000e+00
2.370000000000000000e+02,-3.458490688718841022e-01,-4.213223619841897222e-02,4.000000000000000000e+00
2.380000000000000000e+02,-2.607726701070334219e-01,-4.445614003716723273e-02,1.300000000000000000e+01
2.390000000000000000e+02,-2.726777470877028708e-01,-1.053996254986151321e-01,1.200000000000000000e+01
2.400000000000000000e+02,-7.348672676474189702e-02,1.940991657232968293e-02,1.300000000000000000e+01
2.410000000000000000e+02,-1.015721608178384722e-01,-1.064347142750829978e-01,9.000000000000000000e+00
2.420000000000000000e+02,-4.125272374832547606e-01,-6.799527796989544848e-02,9.000000000000000000e+00
2.430000000000000000e+02,-2.657983477399118444e-01,-6.517852486571136528e-02,2.000000000000000000e+00
2.440000000000000000e+02,-5.524209388309569979e-01,-1.040034116926081553e-01,6.000000000000000000e+00
2.450000000000000000e+02,3.221432460081248284e-01,9.493659623378114532e-01,0.000000000000000000e+00
2.460000000000000000e+02,-6.853621742057669497e-02,-1.441029680827109454e-03,1.300000000000000000e+01
2.470000000000000000e+02,-3.886234481563496379e-01,-5.660635549195092847e-02,2.000000000000000000e+00
2.480000000000000000e+02,-2.266372298257314510e-01,-1.935165670063634658e-01,8.000000000000000000e+00
2.490000000000000000e+02,-3.772536354755524624e-01,-1.363668657305697474e-01,1.200000000000000000e+01
2.500000000000000000e+02,-1.475486118546220360e-01,-5.083732272401926544e-02,0.000000000000000000e+00
2.510000000000000000e+02,4.188248672009412671e-02,9.239993790029166210e-01,0.000000000000000000e+00
2.520000000000000000e+02,-2.955763716401340613e-01,-1.007454423032266011e-01,8.000000000000000000e+00
2.530000000000000000e+02,-2.659545994231072852e-01,-1.529306161587540291e-01,1.200000000000000000e+01
2.540000000000000000e+02,-1.632329082725255676e-01,-1.326765074081658058e-01,9.000000000000000000e+00
2.550000000000000000e+02,-4.683150243359271436e-01,-4.025890722075968486e-02,6.000000000000000000e+00
2.560000000000000000e+02,-2.058568275152195814e-01,-5.499635525327579988e-02,1.000000000000000000e+01
2.570000000000000000e+02,1.197043761357449831e+00,7.699109797396597177e-01,1.000000000000000000e+00
2.580000000000000000e+02,-7.149973722456762215e-02,-6.276237976604041868e-02,4.000000000000000000e+00
2.590000000000000000e+02,1.218274536613428882e+00,7.914689353168588015e-01,7.000000000000000000e+00
2.600000000000000000e+02,-1.373117405386688195e-01,-6.981061672762259307e-02,1.300000000000000000e+01
2.610000000000000000e+02,2.938764440503894293e-01,-7.787050807521370133e-02,7.000000000000000000e+00
2.620000000000000000e+02,-3.801009017294750270e-01,-8.519246955001794075e-02,1.100000000000000000e+01
2.630000000000000000e+02,-3.031745393908698571e-01,-8.292110610180225896e-03,9.000000000000000000e+00
2.640000000000000000e+02,2.542872442382113629e-01,-5.500497226565911196e-02,0.000000000000000000e+00
2.650000000000000000e+02,6.373846504499208754e-01,-9.135128906670049453e-02,1.000000000000000000e+00
2.660000000000000000e+02,-4.501739462238036338e-01,-8.537353720124390977e-02,6.000000000000000000e+00
2.670000000000000000e+02,7.541505384802821288e-02,-1.098668016874460723e-01,6.000000000000000000e+00
2.680000000000000000e+02,-1.780916911771772415e-01,-1.385515073005114117e-01,8.000000000000000000e+00
2.690000000000000000e+02,2.820527259508081586e-01,-3.989061556295234873e-02,1.300000000000000000e+01
2.700000000000000000e+02,-3.732858182147120729e-01,-6.298091131620583982e-02,6.000000000000000000e+00
2.710000000000000000e+02,2.220536110055125467e-01,-7.168239941036165519e-02,1.300000000000000000e+01
2.720000000000000000e+02,9.141443439789035397e-01,-1.279851248247997342e-01,7.000000000000000000e+00
2.730000000000000000e+02,-3.603264747649298494e-01,-1.586387090116863074e-01,8.000000000000000000e+00
2.740000000000000000e+02,9.723221612390499369e-02,-8.533209252234272291e-02,1.300000000000000000e+01
2.750000000000000000e+02,5.174854488413617171e-01,9.214455095558367059e-01,0.000000000000000000e+00
2.760000000000000000e+02,-2.298726112056795334e-01,9.196592080614087727e-01,6.000000000000000000e+00
2.770000000000000000e+02,-2.353911204675185609e-01,-9.241035153562354720e-02,4.000000000000000000e+00
2.780000000000000000e+02,7.913252687999767776e-01,-9.246696871940250639e-02,7.000000000000000000e+00
2.790000000000000000e+02,-1.059572417001072298e-01,-1.389955888663961248e-01,3.000000000000000000e+00
2.800000000000000000e+02,-3.516059755649128538e-01,-2.007346538759979260e-01,8.000000000000000000e+00
2.810000000000000000e+02,-3.293574000716031902e-01,-2.096080224223237920e-01,8.000000000000000000e+00
2.820000000000000000e+02,2.946806760972334738e-01,-5.375929901716210851e-02,2.000000000000000000e+00
2.830000000000000000e+02,-3.273369514608047703e-01,-1.717213873131460400e-01,1.200000000000000000e+01
2.840000000000000000e+02,-2.037222622709081721e-01,9.555607109109954811e-01,9.000000000000000000e+00
2.850000000000000000e+02,3.188820081594344047e-01,-8.808121972417322365e-02,2.000000000000000000e+00
2.860000000000000000e+02,-2.346500663708462608e-01,-1.405565807516533372e-01,8.000000000000000000e+00
2.870000000000000000e+02,-4.044663788323146769e-01,-1.523187996233358044e-01,8.000000000000000000e+00
2.880000000000000000e+02,2.911605921645023520e-01,-2.338072362607227506e-01,3.000000000000000000e+00
2.890000000000000000e+02,-3.449973440777944766e-01,-1.862692221915718815e-01,8.000000000000000000e+00
2.900000000000000000e+02,-4.907543068573351486e-02,-1.963679366852457142e-01,5.000000000000000000e+00
2.910000000000000000e+02,-4.969443355969646037e-01,-1.078391332490532817e-01,8.000000000000000000e+00
2.920000000000000000e+02,1.682562382400644430e-01,-1.066055986018362434e-01,1.300000000000000000e+01
2.930000000000000000e+02,-2.509895271497770142e-01,-1.619397035189690248e-01,3.000000000000000000e+00
2.940000000000000000e+02,-1.486251155947070079e-01,-6.746519935289926884e-02,1.000000000000000000e+01
2.950000000000000000e+02,-2.715500932363131351e-02,9.648036081734122638e-01,1.300000000000000000e+01
2.960000000000000000e+02,1.453296539571128365e-01,8.737431560261378349e-01,1.300000000000000000e+01
2.970000000000000000e+02,-3.203343614282427310e-01,-1.993709452632469736e-01,8.000000000000000000e+00
2.980000000000000000e+02,-6.594491596269592970e-02,-1.460657218291727399e-01,9.000000000000000000e+00
2.990000000000000000e+02,-4.246653090605123637e-01,-1.130377250125218364e-01,6.000000000000000000e+00
3.000000000000000000e+02,-9.467044457718590267e-02,8.088358472738587102e-01,3.000000000000000000e+00
3.010000000000000000e+02,1.297149718264317908e+00,-2.596342406628784349e-01,1.000000000000000000e+00
3.020000000000000000e+02,-1.018829511555982004e-01,-7.116230106820949086e-02,0.000000000000000000e+00
3.030000000000000000e+02,-2.313330569934617664e-01,-1.602957255964843064e-01,3.000000000000000000e+00
3.040000000000000000e+02,1.035237164132352339e+00,-1.512099002856600594e-01,7.000000000000000000e+00
3.050000000000000000e+02,-4.440703211622974989e-01,-9.965232577469392006e-02,1.200000000000000000e+01
3.060000000000000000e+02,2.795164421011979150e-01,-1.165503789707552917e-01,0.000000000000000000e+00
3.070000000000000000e+02,2.683451700857414357e-01,9.309163834482975242e-01,1.300000000000000000e+01
3.080000000000000000e+02,-1.969816386392970187e-01,-9.411789530949897509e-02,6.000000000000000000e+00
3.090000000000000000e+02,-2.618876049934824590e-01,-9.530677709872800718e-02,1.100000000000000000e+01
3.100000000000000000e+02,1.066075980089306319e-01,-9.460385146448276050e-02,0.000000000000000000e+00
3.110000000000000000e+02,-3.412824840032836482e-01,-8.866346827357744764e-02,4.000000000000000000e+00
3.120000000000000000e+02,-3.560163662702752196e-01,-1.229363112221122795e-01,1.200000000000000000e+01
3.130000000000000000e+02,4.992787929856042362e-01,-2.874559815545300878e-02,7.000000000000000000e+00
3.140000000000000000e+02,1.249790126793283093e-03,-1.176544234017925933e-01,2.000000000000000000e+00
3.150000000000000000e+02,-1.715967407825349234e-01,9.532642701481683911e-01,1.000000000000000000e+01
3.160000000000000000e+02,-9.861467705239551629e-02,-7.315458309224165401e-02,1.000000000000000000e+01
3.170000000000000000e+02,-1.196595355901102636e-01,-5.564155433787081051e-02,0.000000000000000000e+00
3.180000000000000000e+02,-3.238503156811318173e-01,-1.009330827080698045e-01,1.200000000000000000e+01
3.190000000000000000e+02,-3.641301286903211309e-01,8.594084789567855154e-01,1.200000000000000000e+01
3.200000000000000000e+02,4.144403513791692500e-02,-4.301473782171166826e-02,2.000000000000000000e+00
3.210000000000000000e+02,-3.711358049650755331e-01,-1.089010409582513716e-01,3.000000000000000000e+00
3.220000000000000000e+02,-2.582999049687103033e-01,-1.869361164375851203e-01,8.000000000000000000e+00
3.230000000000000000e+02,-3.839620012081949030e-01,-1.088711182437850783e-01,9.000000000000000000e+00
3.240000000000000000e+02,4.093047883371557782e-01,-6.147937087711524001e-02,1.300000000000000000e+01
3.250000000000000000e+02,-1.257272373017354616e-01,-6.631108989085955641e-02,6.000000000000000000e+00
3.260000000000000000e+02,-3.221524620587002397e-01,-5.954302263808961687e-02,9.000000000000000000e+00
3.270000000000000000e+02,-4.004999651634081892e-01,-9.460112003651477419e-02,6.000000000000000000e+00
3.280000000000000000e+02,1.427718078049087791e-01,-3.010908593839213276e-01,8.000000000000000000e+00
3.290000000000000000e+02,-3.896853034119953096e-01,-7.063968565272395195e-02,9.000000000000000000e+00
3.300000000000000000e+02,-3.783943120865965182e-01,-1.941123245842668321e-01,8.000000000000000000e+00
3.310000000000000000e+02,1.241608733258001473e+00,-2.246908992170737751e-01,1.000000000000000000e+00
3.320000000000000000e+02,-2.747410952821392471e-01,-6.802383064366013254e-02,6.000000000000000000e+00
3.330000000000000000e+02,5.849885507996382961e-02,-1.958349120287808942e-01,5.000000000000000000e+00
3.340000000000000000e+02,-3.358187257977212625e-01,9.198292647453910620e-01,4.000000000000000000e+00
3.350000000000000000e+02,5.041805996792944056e-01,-1.190097071777365678e-01,1.300000000000000000e+01
3.360000000000000000e+02,-3.682263712906787556e-01,-1.025588234840615481e-01,3.000000000000000000e+00
3.370000000000000000e+02,-1.204021311058521143e-01,-7.137576357815679506e-02,2.000000000000000000e+00
3.380000000000000000e+02,1.204888997534271144e+00,-2.401086127443159690e-01,1.000000000000000000e+00
3.390000000000000000e+02,-5.210162587194033801e-01,-6.072986342050169795e-02,6.000000000000000000e+00
3.400000000000000000e+02,-4.255277849958252201e-01,-1.178717070577510739e-01,1.200000000000000000e+01
3.410000000000000000e+02,1.039359206611107256e+00,-1.828155517623680226e-01,7.000000000000000000e+00
3.420000000000000000e+02,-4.669280521294855713e-01,-6.403299395623741896e-02,4.000000000000000000e+00
3.430000000000000000e+02,2.691800892635569722e-02,-2.837136890779448292e-02,1.300000000000000000e+01
3.440000000000000000e+02,-5.421061310835618985e-02,-1.623496252753686697e-01,5.000000000000000000e+00
3.450000000000000000e+02,1.828595009829420692e-01,-1.159051572378115569e-01,5.000000000000000000e+00
3.460000000000000000e+02,-2.531354442203400112e-01,-4.796051421772171142e-02,1.100000000000000000e+01
3.470000000000000000e+02,-6.222383458189896521e-02,8.869646349415338804e-01,9.000000000000000000e+00
3.480000000000000000e+02,-2.990973697545927790e-01,-2.004873025078039994e-01,3.000000000000000000e+00
3.490000000000000000e+02,-1.995475087747365373e-01,-1.581829416705684555e-01,1.200000000000000000e+01
3.500000000000000000e+02,-2.244712574301966079e-01,-1.064914730222747685e-01,9.000000000000000000e+00
3.510000000000000000e+02,-2.409767786298641634e-01,-4.312090592180944232e-02,6.000000000000000000e+00
3.520000000000000000e+02,-3.168550977255417123e-01,-1.124279828239570234e-01,9.000000000000000000e+00
3.530000000000000000e+02,-2.175414679363590897e-01,-1.238325639707489323e-01,3.000000000000000000e+00
3.540000000000000000e+02,-3.259848099595126780e-01,-9.986850750076681563e-03,1.100000000000000000e+01
3.550000000000000000e+02,-3.254903040274234605e-01,-9.094410931667354370e-02,4.000000000000000000e+00
3.560000000000000000e+02,1.471265559271549339e+00,-2.173650966316564570e-01,1.000000000000000000e+00
3.570000000000000000e+02,-4.356631737896853318e-01,-6.973457216903522493e-02,1.100000000000000000e+01
3.580000000000000000e+02,-1.841076673127403987e-02,-1.665206184361150143e-01,8.000000000000000000e+00
3.590000000000000000e+02,-1.325700390532439099e-01,-3.136274212478103868e-02,1.300000000000000000e+01
3.600000000000000000e+02,-1.810255861334498229e-01,-1.036024773631994966e-01,2.000000000000000000e+00
3.610000000000000000e+02,-1.872351274920149855e-01,-2.017977562644224232e-02,4.000000000000000000e+00
3.620000000000000000e+02,-4.390100474394621477e-01,-2.211957930772687556e-02,9.000000000000000000e+00
3.630000000000000000e+02,-4.558944853423476662e-01,-1.155764650449101621e-01,1.200000000000000000e+01
3.640000000000000000e+02,-6.265681862330946261e-02,-2.157798405158267013e-02,1.000000000000000000e+01
3.650000000000000000e+02,-3.209416002441648486e-01,-1.060851928669787475e-01,2.000000000000000000e+00
3.660000000000000000e+02,-2.721304794749245248e-01,-2.200683607563166111e-01,8.000000000000000000e+00
3.670000000000000000e+02,-8.799219002457643601e-02,8.921830419570678794e-01,9.000000000000000000e+00
3.680000000000000000e+02,-1.376919405982681144e-01,-5.029960194732239348e-02,4.000000000000000000e+00
3.690000000000000000e+02,-1.663449610038434875e-02,-1.726346427724610444e-01,5.000000000000000000e+00
3.700000000000000000e+02,9.808133498869570088e-01,-1.656496689073295170e-01,7.000000000000000000e+00
3.710000000000000000e+02,-2.535927110676324259e-01,-1.927253724515249622e-01,1.200000000000000000e+01
3.720000000000000000e+02,1.424762908601576283e+00,-2.073574267712230967e-01,1.000000000000000000e+00
3.730000000000000000e+02,-4.548691972912198289e-01,-5.857916193262078380e-02,1.100000000000000000e+01
3.740000000000000000e+02,-1.650834442748436159e-01,-1.417965570557433441e-01,8.000000000000000000e+00
3.750000000000000000e+02,-1.200214413712975478e-02,8.047790550145986765e-01,0.000000000000000000e+00
3.760000000000000000e+02,3.145216867750504908e-01,-5.639467122970490826e-02,1.000000000000000000e+00
3.770000000000000000e+02,1.399110248532776657e-01,8.592442752307203335e-01,1.000000000000000000e+01
3.780000000000000000e+02,8.007298487695182487e-01,-1.651664321042709549e-01,7.000000000000000000e+00
3.790000000000000000e+02,2.307351241824834032e-01,8.287956237511209245e-01,5.000000000000000000e+00
3.800000000000000000e+02,-2.595607120827520542e-01,-9.724866703124279699e-02,1.100000000000000000e+01
3.810000000000000000e+02,-5.864307600275675547e-02,-7.510242613818460256e-02,2.000000000000000000e+00
3.820000000000000000e+02,-1.413871419986937883e-01,6.940727895719892189e-03,1.300000000000000000e+01
3.830000000000000000e+02,4.401165556750306074e-01,-2.226593429327257401e-01,7.000000000000000000e+00
3.840000000000000000e+02,8.330259053238682210e-01,-1.594760420140937385e-01,7.000000000000000000e+00
3.850000000000000000e+02,7.628948655406705415e-01,-7.077843320595107734e-02,7.000000000000000000e+00
3.860000000000000000e+02,1.227248472731751194e+00,7.581094180209014821e-01,1.000000000000000000e+00
3.870000000000000000e+02,1.281398982585644220e-01,7.988620550945493282e-01,3.000000000000000000e+00
3.880000000000000000e+02,-3.742507688087721163e-01,-1.537964154322827015e-01,8.000000000000000000e+00
3.890000000000000000e+02,-1.931051885755910857e-01,-3.086967952651163694e-02,1.300000000000000000e+01
3.900000000000000000e+02,-2.001181739373463497e-01,-3.207855817257523889e-02,1.300000000000000000e+01
3.910000000000000000e+02,1.338228803780700860e+00,7.657991622663590237e-01,1.000000000000000000e+00
3.920000000000000000e+02,8.317377999187063053e-02,-1.299755695085707263e-01,5.000000000000000000e+00
3.930000000000000000e+02,-3.708347484792928195e-01,-1.761704778324394982e-01,1.200000000000000000e+01
3.940000000000000000e+02,-3.004356203318918062e-01,-6.439688348484824687e-02,6.000000000000000000e+00
3.950000000000000000e+02,-3.141486445771579650e-02,-1.812061468067073799e-01,5.000000000000000000e+00
3.960000000000000000e+02,-3.894150237549133253e-01,-1.609811582410661801e-01,8.000000000000000000e+00
3.970000000000000000e+02,-2.382241530458932000e-01,-5.008386693484676022e-02,1.100000000000000000e+01
3.980000000000000000e+02,1.279780164616051374e+00,-1.650233307195699550e-01,7.000000000000000000e+00
3.990000000000000000e+02,-2.995165960923018011e-01,-3.803985269430978228e-02,9.000000000000000000e+00
4.000000000000000000e+02,-3.669337053416651256e-02,-1.081388423452084718e-01,2.000000000000000000e+00
4.010000000000000000e+02,-3.384640995020344323e-01,-8.147982522102661940e-02,4.000000000000000000e+00
4.020000000000000000e+02,-3.224501296881390061e-02,-8.852800107318083145e-02,1.000000000000000000e+01
4.030000000000000000e+02,-4.144971913035023769e-01,-8.836862809143539166e-02,2.000000000000000000e+00
4.040000000000000000e+02,-9.994380925518974151e-04,-6.811656453505628150e-02,0.000000000000000000e+00
4.050000000000000000e+02,-1.964968827025340425e-01,-2.266925962778516129e-02,1.300000000000000000e+01
4.060000000000000000e+02,-3.339708976175216337e-01,-2.064508011512592167e-01,8.000000000000000000e+00
4.070000000000000000e+02,-3.268104791618640648e-01,-7.120825556363299946e-02,9.000000000000000000e+00
4.080000000000000000e+02,1.710463642588665178e-01,8.075458166607311083e-01,5.000000000000000000e+00
4.090000000000000000e+02,-4.015182430153936832e-01,-7.152218026133007334e-02,1.100000000000000000e+01
4.100000000000000000e+02,-2.291632099958509083e-01,-1.890723748604057897e-01,3.000000000000000000e+00
4.110000000000000000e+02,3.134635939288197282e-01,-6.052993112750118532e-02,7.000000000000000000e+00
4.120000000000000000e+02,-3.497280200764659730e-01,-5.102644914176153457e-02,1.000000000000000000e+01
4.130000000000000000e+02,1.423027794739730734e-01,-1.928814447595429415e-01,5.000000000000000000e+00
4.140000000000000000e+02,-4.640282847922431730e-01,-6.142854752410357999e-02,6.000000000000000000e+00
4.150000000000000000e+02,-2.298171995815760371e-01,-5.711430520215622642e-02,2.000000000000000000e+00
4.160000000000000000e+02,-4.237492530799035761e-01,-1.014890682484270723e-01,8.000000000000000000e+00
4.170000000000000000e+02,-4.806880128560478416e-01,-5.995060374635755029e-02,6.000000000000000000e+00
4.180000000000000000e+02,7.714250365498315221e-01,-1.402480179423780393e-01,7.000000000000000000e+00
4.190000000000000000e+02,-2.696261477966838682e-01,-3.399675203874088364e-02,1.100000000000000000e+01
4.200000000000000000e+02,-2.664778127832592713e-01,-2.746403836521060099e-02,1.100000000000000000e+01
4.210000000000000000e+02,-4.577889054452256856e-02,-9.904675552578755260e-02,2.000000000000000000e+00
4.220000000000000000e+02,-2.210929878687062644e-01,-6.609571427078873851e-02,1.000000000000000000e+01
4.230000000000000000e+02,-1.845660445991119392e-01,-1.563105915641087584e-01,2.000000000000000000e+00
4.240000000000000000e+02,-1.281311247009219445e-01,-4.919650444799344297e-02,0.000000000000000000e+00
4.250000000000000000e+02,-3.549865032885139993e-01,-1.481805654708677478e-01,1.200000000000000000e+01
4.260000000000000000e+02,1.315049714054833840e+00,-1.499667904797222506e-01,1.000000000000000000e+00
4.270000000000000000e+02,-1.065617787770201802e-01,-2.333850423099446125e-01,1.200000000000000000e+01
4.280000000000000000e+02,-3.638667794880762751e-01,-8.747034849075997764e-02,1.100000000000000000e+01
4.290000000000000000e+02,-2.695217657310243209e-01,-1.330962278199958881e-01,3.000000000000000000e+00
4.300000000000000000e+02,1.296757152250340273e+00,-1.817460211179742213e-01,1.000000000000000000e+00
4.310000000000000000e+02,-4.052783255147078822e-01,-8.054811452936043448e-02,4.000000000000000000e+00
4.320000000000000000e+02,2.057647417083696695e-01,-2.427871358383995939e-02,0.000000000000000000e+00
4.330000000000000000e+02,-4.917357620019143227e-01,-4.519229129268291512e-02,1.000000000000000000e+01
4.340000000000000000e+02,-2.324664704319648612e-01,-1.294494762977941582e-01,6.000000000000000000e+00
4.350000000000000000e+02,-2.158594645250676014e-01,8.463094253132295020e-01,3.000000000000000000e+00
4.360000000000000000e+02,-3.364522548859807394e-01,-1.061890415941130622e-01,2.000000000000000000e+00
4.370000000000000000e+02,1.469191883758285355e+00,-2.121634045238542099e-01,1.000000000000000000e+00
4.380000000000000000e+02,-4.325124147387656715e-01,-1.109883460708519648e-01,1.200000000000000000e+01
4.390000000000000000e+02,-2.184446360198444015e-01,-9.018499325021799018e-02,2.000000000000000000e+00
4.400000000000000000e+02,-4.548656692175120364e-01,-1.326030843918148960e-01,1.100000000000000000e+01
4.410000000000000000e+02,-2.434240454236907270e-01,8.429659224919386906e-01,3.000000000000000000e+00
4.420000000000000000e+02,3.434144619486990679e-01,-1.387463792877638435e-01,1.300000000000000000e+01
4.430000000000000000e+02,-2.711740530358343615e-01,-1.426723857915870308e-01,3.000000000000000000e+00
4.440000000000000000e+02,-4.152890405684193098e-01,-6.499137897682247256e-02,4.000000000000000000e+00
4.450000000000000000e+02,-4.200254928378261976e-01,-8.602111435424576735e-02,4.000000000000000000e+00
4.460000000000000000e+02,1.160822707391592434e+00,-1.853041901736708352e-01,1.000000000000000000e+00
4.470000000000000000e+02,6.577496257748698394e-01,-1.265959810543525188e-01,1.000000000000000000e+00
4.480000000000000000e+02,-1.663594284363386910e-01,-1.590127478781880599e-01,8.000000000000000000e+00
4.490000000000000000e+02,-3.349678184378153123e-01,-1.544605886009947637e-01,1.200000000000000000e+01
4.500000000000000000e+02,-3.190665911655948261e-01,-7.479256354478533431e-02,1.000000000000000000e+01
4.510000000000000000e+02,2.887275615403727680e-01,-1.393212032823694727e-02,0.000000000000000000e+00
4.520000000000000000e+02,-4.604087587406216486e-01,-1.467737094598615954e-01,3.000000000000000000e+00
4.530000000000000000e+02,-4.020347416831441811e-01,-7.199138362044843475e-02,9.000000000000000000e+00
4.540000000000000000e+02,1.290993635698243214e-01,-2.171519477687726754e-02,2.000000000000000000e+00
4.550000000000000000e+02,-2.480485714228477800e-01,8.290185422848935781e-01,3.000000000000000000e+00
4.560000000000000000e+02,-1.752684652820283573e-01,-1.425930692189865921e-02,1.100000000000000000e+01
4.570000000000000000e+02,-3.653103679404434700e-01,-1.015826274252037975e-01,3.000000000000000000e+00
4.580000000000000000e+02,-3.467766468887381048e-01,-1.149328780976145437e-01,2.000000000000000000e+00
4.590000000000000000e+02,1.143198559644724499e+00,-1.882807142023003588e-01,1.000000000000000000e+00
4.600000000000000000e+02,-1.717543280331383371e-01,-1.099657928195171552e-01,2.000000000000000000e+00
4.610000000000000000e+02,-1.544883891956346234e-01,-4.148445268946519826e-02,1.100000000000000000e+01
4.620000000000000000e+02,-4.009460488381448862e-01,-9.920280802745966298e-02,4.000000000000000000e+00
4.630000000000000000e+02,-1.738607658515733123e-01,-1.056721423028861122e-02,9.000000000000000000e+00
4.640000000000000000e+02,-9.245115451326577083e-02,7.997745811098945223e-01,8.000000000000000000e+00
4.650000000000000000e+02,-1.577841411495732871e-01,-7.438767993828966640e-02,1.000000000000000000e+01
4.660000000000000000e+02,-1.735431946058649255e-01,8.186781970798656660e-01,9.000000000000000000e+00
4.670000000000000000e+02,-3.457387436055849861e-01,-4.978145748695406853e-02,1.100000000000000000e+01
4.680000000000000000e+02,-3.600135915211920001e-01,-1.299285833286961678e-01,1.200000000000000000e+01
4.690000000000000000e+02,-4.062010701338337193e-01,-1.246204044461357019e-01,2.000000000000000000e+00
4.700000000000000000e+02,1.391352092474904101e+00,-1.981918164131654392e-01,1.000000000000000000e+00
4.710000000000000000e+02,-3.107749512922206581e-01,-8.115168858745436253e-02,9.000000000000000000e+00
4.720000000000000000e+02,-3.825013618844480545e-01,-2.214304181039178643e-01,8.000000000000000000e+00
4.730000000000000000e+02,4.090423049807459521e-01,-1.363918454475865905e-01,5.000000000000000000e+00
4.740000000000000000e+02,1.384828367333260424e+00,-2.038633646943839584e-01,1.000000000000000000e+00
4.750000000000000000e+02,1.488809338320733255e+00,-2.060796161795191705e-01,1.000000000000000000e+00
4.760000000000000000e+02,1.489542009390950827e+00,-2.101652462892212581e-01,1.000000000000000000e+00
4.770000000000000000e+02,2.963190694329818076e-01,-4.752908234053405262e-02,1.300000000000000000e+01
4.780000000000000000e+02,-2.251193487411413119e-01,-1.421470070389039830e-01,5.000000000000000000e+00
4.790000000000000000e+02,-2.510749314210159455e-01,-4.119672186836567662e-02,1.100000000000000000e+01
4.800000000000000000e+02,-1.333841013198041880e-01,-4.868300204260360420e-02,9.000000000000000000e+00
4.810000000000000000e+02,-4.341377696208257309e-01,-5.507565334071869156e-02,4.000000000000000000e+00
4.820000000000000000e+02,-8.449416464758328915e-02,-1.098815166413283917e-01,1.000000000000000000e+01
4.830000000000000000e+02,-3.276263331885345131e-01,-8.657504627070349013e-02,2.000000000000000000e+00
4.840000000000000000e+02,-2.748096562368246287e-01,-1.531532526698750063e-01,8.000000000000000000e+00
4.850000000000000000e+02,-2.419908337429962364e-01,-8.513911242790554723e-02,1.100000000000000000e+01
4.860000000000000000e+02,-3.014874926719512960e-01,-1.083383284987653739e-01,1.100000000000000000e+01
4.870000000000000000e+02,-1.627347897395464704e-01,-1.295393341447483859e-01,9.000000000000000000e+00
4.880000000000000000e+02,1.211239525431429653e+00,-2.009881933689441624e-01,1.000000000000000000e+00
4.890000000000000000e+02,-2.480489368254424620e-01,-4.795829372405633478e-02,6.000000000000000000e+00
4.900000000000000000e+02,7.848696216528818770e-01,8.563389902724785063e-01,1.000000000000000000e+00
4.910000000000000000e+02,-2.350613878007940805e-01,8.065462109246858136e-01,3.000000000000000000e+00
4.920000000000000000e+02,2.335802480168801820e-01,7.764382381759095120e-01,3.000000000000000000e+00
4.930000000000000000e+02,-1.385157761511707220e-01,-7.602031257593132307e-02,1.000000000000000000e+01
4.940000000000000000e+02,-5.903606186011587514e-02,-7.414387970763040847e-02,0.000000000000000000e+00
4.950000000000000000e+02,2.312563335591715230e-01,-1.611265136205530801e-01,5.000000000000000000e+00
4.960000000000000000e+02,-2.595242534979550625e-02,-8.857504689320637448e-02,2.000000000000000000e+00
4.970000000000000000e+02,1.462199187822638483e-02,-1.662862213628447661e-01,5.000000000000000000e+00
4.980000000000000000e+02,-3.061820148099000938e-01,-7.801385863432423740e-02,9.000000000000000000e+00
4.990000000000000000e+02,-9.626273536208092285e-02,-8.487989089268531406e-02,9.000000000000000000e+00
5.000000000000000000e+02,-3.168846317587393768e-01,-1.625004919393801817e-01,1.200000000000000000e+01
5.010000000000000000e+02,-3.921309859452368207e-01,-5.780340169256843741e-02,6.000000000000000000e+00
5.020000000000000000e+02,1.341650944234744847e+00,-2.253092278100396473e-01,1.000000000000000000e+00
5.030000000000000000e+02,-2.202225417600582325e-01,-4.265037664251153382e-02,1.000000000000000000e+01
5.040000000000000000e+02,1.867620838664950100e-01,-5.279167391591770009e-02,1.300000000000000000e+01
5.050000000000000000e+02,-1.071999709273730311e-01,-6.120341319842842465e-02,1.100000000000000000e+01
5.060000000000000000e+02,-4.289525132970702370e-01,-8.879359678540146850e-02,4.000000000000000000e+00
5.070000000000000000e+02,-2.769031187063435429e-01,-8.851471415543578358e-02,1.300000000000000000e+01
5.080000000000000000e+02,-1.185698711642626524e-01,-7.279580972032992370e-02,1.000000000000000000e+01
5.090000000000000000e+02,4.531156774164069728e-02,-1.487147635191590489e-01,4.000000000000000000e+00
5.100000000000000000e+02,-1.152645161424032949e-01,9.231347168985467588e-01,1.300000000000000000e+01
5.110000000000000000e+02,-1.559926379497916238e-01,-1.176000941823374668e-01,0.000000000000000000e+00
5.120000000000000000e+02,-9.763379465585142469e-02,-1.270280036843746685e-01,9.000000000000000000e+00
5.130000000000000000e+02,-4.484832460108214569e-01,-7.551706739411291613e-02,4.000000000000000000e+00
5.140000000000000000e+02,2.082176625886140442e-01,-2.718718739516642890e-01,1.200000000000000000e+01
5.150000000000000000e+02,1.128244743954055274e+00,-1.975694399002003443e-01,7.000000000000000000e+00
5.160000000000000000e+02,1.050804138052554154e-01,-1.043157093347624187e-01,5.000000000000000000e+00
5.170000000000000000e+02,-4.345045905120534235e-01,-8.598630969082737829e-02,9.000000000000000000e+00
5.180000000000000000e+02,-1.779393666399792240e-01,-7.899041929195885214e-02,1.100000000000000000e+01
5.190000000000000000e+02,5.172943461677782101e-03,-1.363737531850508777e-01,5.000000000000000000e+00
5.200000000000000000e+02,-3.671992576024843413e-01,-1.970731477858115449e-02,9.000000000000000000e+00
5.210000000000000000e+02,3.693690244650116306e-01,-4.033321947385169054e-02,1.000000000000000000e+00
5.220000000000000000e+02,-9.259673375163784970e-03,9.582880043231974954e-01,1.300000000000000000e+01
5.230000000000000000e+02,2.818499075999008480e-02,-1.602518202275641790e-01,5.000000000000000000e+00
5.240000000000000000e+02,1.230419745204658355e+00,-1.751248228349009672e-01,7.000000000000000000e+00
5.250000000000000000e+02,-3.422195521620269992e-02,-2.082743684088735059e-01,1.200000000000000000e+01
5.260000000000000000e+02,-7.947774347950482821e-02,9.582313850105090847e-01,1.100000000000000000e+01
5.270000000000000000e+02,1.369909627281359343e+00,-1.959965195408124305e-01,1.000000000000000000e+00
5.280000000000000000e+02,-3.321836724901344184e-01,-7.016762180903707291e-02,1.000000000000000000e+01
5.290000000000000000e+02,5.520018587048572956e-01,8.816453323846359380e-01,5.000000000000000000e+00
5.300000000000000000e+02,-2.743428959001434353e-01,-1.578674680530907370e-01,3.000000000000000000e+00
5.310000000000000000e+02,-4.542523671625706694e-01,-4.278640095643737595e-02,6.000000000000000000e+00
5.320000000000000000e+02,-3.372660149689966635e-01,9.267647000533127954e-01,4.000000000000000000e+00
5.330000000000000000e+02,-4.251885692028989361e-01,-1.025223328128544026e-01,1.100000000000000000e+01
5.340000000000000000e+02,-3.203571282604216197e-01,-1.244879484624184934e-01,3.000000000000000000e+00
5.350000000000000000e+02,-3.515408572024814049e-02,7.827219964436473720e-01,5.000000000000000000e+00
5.360000000000000000e+02,-2.328891178154977315e-01,-3.269074974452075566e-02,1.000000000000000000e+01
5.370000000000000000e+02,-2.983790558722618780e-01,8.095323087333702091e-04,1.000000000000000000e+01
5.380000000000000000e+02,-3.056672757900220638e-01,-1.856497903644470371e-01,8.000000000000000000e+00
5.390000000000000000e+02,-4.337878828292369149e-01,-2.169983395507702265e-02,1.000000000000000000e+01
5.400000000000000000e+02,1.362733374886963666e+00,-2.406324952087583458e-01,1.000000000000000000e+00
5.410000000000000000e+02,1.508787404221884509e+00,-2.064198753407930909e-01,1.000000000000000000e+00
5.420000000000000000e+02,-4.111264512017209216e-01,-4.138451210494847182e-02,1.100000000000000000e+01
5.430000000000000000e+02,-4.516144015572386983e-01,-1.021528604994745987e-01,4.000000000000000000e+00
5.440000000000000000e+02,-1.957139469394432452e-01,-4.750358366027920831e-02,0.000000000000000000e+00
5.450000000000000000e+02,-3.633478721154621005e-01,-8.178307676319693242e-02,9.000000000000000000e+00
5.460000000000000000e+02,-2.336697138061320511e-01,-5.891390339052516439e-02,1.000000000000000000e+01
5.470000000000000000e+02,-3.584270078559438910e-01,-6.189255012424045577e-02,9.000000000000000000e+00
5.480000000000000000e+02,-3.184751623065941728e-01,-1.348934087866180964e-01,2.000000000000000000e+00
5.490000000000000000e+02,4.815875129913699815e-01,-3.677855854726499313e-02,0.000000000000000000e+00
5.500000000000000000e+02,-2.537846833940788915e-01,-1.929621579228621778e-02,4.000000000000000000e+00
5.510000000000000000e+02,-4.374791123915069413e-01,-9.489905848012468448e-02,6.000000000000000000e+00
5.520000000000000000e+02,1.502317251211988003e+00,-1.990804151812481104e-01,1.000000000000000000e+00
5.530000000000000000e+02,2.123581491830926760e-01,-1.196423388615327904e-01,5.000000000000000000e+00
5.540000000000000000e+02,-4.966498374578657837e-01,-3.850684163467389676e-02,1.100000000000000000e+01
5.550000000000000000e+02,-3.387317897711126236e-01,-1.315837365886630417e-01,3.000000000000000000e+00
5.560000000000000000e+02,1.184085483466348565e+00,7.853162735934515748e-01,7.000000000000000000e+00
5.570000000000000000e+02,-1.455412287888319389e-01,9.499087608831849883e-01,1.100000000000000000e+01
5.580000000000000000e+02,1.444762878337616074e+00,-2.061756026690536037e-01,1.000000000000000000e+00
5.590000000000000000e+02,-3.944861784736987120e-01,-2.773096174675041339e-02,1.100000000000000000e+01
5.600000000000000000e+02,3.422241109912609880e-01,-1.227677034459551259e-01,5.000000000000000000e+00
5.610000000000000000e+02,1.377306653512116785e+00,-1.810219799099044846e-01,7.000000000000000000e+00
5.620000000000000000e+02,6.368595210682674590e-02,-2.378829248836882015e-01,1.200000000000000000e+01
5.630000000000000000e+02,-2.163642867170922079e-01,-1.295290772446257288e-01,1.200000000000000000e+01
5.640000000000000000e+02,1.352104217640231809e+00,-1.850383031815353574e-01,7.000000000000000000e+00
5.650000000000000000e+02,1.135521242186746278e-02,-9.201683764224305451e-02,0.000000000000000000e+00
5.660000000000000000e+02,6.972722812384833935e-01,-1.319069087036655596e-01,7.000000000000000000e+00
5.670000000000000000e+02,4.734991938684359747e-01,-9.162388967162751752e-02,2.000000000000000000e+00
5.680000000000000000e+02,9.031660754373810329e-01,-1.930486801968026023e-01,1.000000000000000000e+00
5.690000000000000000e+02,-3.583088106457651412e-01,-1.432027310771330220e-01,1.200000000000000000e+01
5.700000000000000000e+02,-3.730652622141978902e-01,-1.462674404561869201e-01,8.000000000000000000e+00
5.710000000000000000e+02,-3.080584070490987036e-01,-6.356971850188093687e-02,4.000000000000000000e+00
5.720000000000000000e+02,-4.197013824535760773e-01,-1.003957305746413786e-01,1.200000000000000000e+01
5.730000000000000000e+02,3.461887729271447833e-01,-1.420199850510396322e-01,5.000000000000000000e+00
5.740000000000000000e+02,1.187931388342363670e+00,-1.834736420867580098e-01,7.000000000000000000e+00
5.750000000000000000e+02,-5.320434642918883128e-01,-3.962418553253058140e-02,6.000000000000000000e+00
5.760000000000000000e+02,-3.958329659770187109e-02,-1.490631056305652125e-01,2.000000000000000000e+00
5.770000000000000000e+02,3.320812440103803054e-01,-9.933422925214219212e-02,0.000000000000000000e+00
5.780000000000000000e+02,6.935804018538400950e-02,-1.479681871211008248e-01,5.000000000000000000e+00
5.790000000000000000e+02,-4.688125277742025698e-01,-9.129604515641050189e-02,1.200000000000000000e+01
5.800000000000000000e+02,-2.692680790755018205e-01,-1.101325705749411354e-01,2.000000000000000000e+00
5.810000000000000000e+02,-4.042700581153865214e-01,9.024091009677469577e-01,4.000000000000000000e+00
5.820000000000000000e+02,-3.960540423515152009e-01,-9.803703680086620076e-02,4.000000000000000000e+00
5.830000000000000000e+02,1.062033577970971976e+00,-1.679308486696939051e-01,1.000000000000000000e+00
5.840000000000000000e+02,-4.604263353543059378e-01,-6.099772632221668600e-02,4.000000000000000000e+00
5.850000000000000000e+02,-3.308832499987590658e-01,-1.245675886877440075e-01,8.000000000000000000e+00
5.860000000000000000e+02,1.206303156825403899e+00,-1.796960393460570182e-01,7.000000000000000000e+00
5.870000000000000000e+02,2.589226697336153293e-01,-6.842046216423021410e-02,0.000000000000000000e+00
5.880000000000000000e+02,-2.132005179151191532e-01,-8.710190407995752060e-02,9.000000000000000000e+00
5.890000000000000000e+02,-8.902888626663285621e-02,-4.025339562298900498e-02,1.000000000000000000e+01
5.900000000000000000e+02,-1.757358913175103010e-01,-6.060452943388335706e-02,6.000000000000000000e+00
5.910000000000000000e+02,-1.590835867433375850e-01,-1.524849868760079219e-01,3.000000000000000000e+00
5.920000000000000000e+02,-2.073938959267287718e-01,-1.654154878553179830e-01,3.000000000000000000e+00
5.930000000000000000e+02,-2.714771510888942530e-01,-1.108051302114776843e-01,1.000000000000000000e+01
5.940000000000000000e+02,-9.806315046757281551e-02,-1.532471559272676476e-01,9.000000000000000000e+00
5.950000000000000000e+02,-2.661850590640191250e-01,-1.470112159747915537e-01,1.200000000000000000e+01
5.960000000000000000e+02,-2.787229643370717214e-02,-4.207847113130620126e-02,0.000000000000000000e+00
5.970000000000000000e+02,-2.715914612522472016e-01,-1.462278288745259315e-02,4.000000000000000000e+00
5.980000000000000000e+02,-3.013979619095763507e-01,-6.932979242696726829e-02,3.000000000000000000e+00
5.990000000000000000e+02,-4.351966940424307206e-01,-1.165398299309532981e-01,6.000000000000000000e+00
6.000000000000000000e+02,-2.432710921387495062e-01,-1.921491826666627545e-01,8.000000000000000000e+00
6.010000000000000000e+02,-1.138166756098919624e-01,-2.103246561303342699e-01,3.000000000000000000e+00
6.020000000000000000e+02,-3.542648689038920828e-01,-1.081453196509709891e-01,2.000000000000000000e+00
6.030000000000000000e+02,-2.579749150114366008e-01,-5.334676210220062886e-02,6.000000000000000000e+00
6.040000000000000000e+02,-1.364875616414845116e-01,-1.012402604044877336e-01,4.000000000000000000e+00
6.050000000000000000e+02,-2.089260229738761632e-01,-1.711378233133959426e-01,3.000000000000000000e+00
6.060000000000000000e+02,-1.922134152210723257e-01,-4.336847233900541221e-02,4.000000000000000000e+00
6.070000000000000000e+02,-2.440722201584634987e-01,-1.152226085279127316e-01,2.000000000000000000e+00
6.080000000000000000e+02,-3.080489295650643000e-01,-7.158658982354451639e-02,1.000000000000000000e+01
6.090000000000000000e+02,-1.633777619820808713e-01,-4.858042948592986021e-02,1.300000000000000000e+01
6.100000000000000000e+02,-1.179146410656832650e-01,-6.932038741305940333e-02,1.000000000000000000e+01
6.110000000000000000e+02,1.387207859494099971e+00,7.940936584546555155e-01,7.000000000000000000e+00
6.120000000000000000e+02,1.330460604620949949e+00,-2.184447118042363301e-01,1.000000000000000000e+00
6.130000000000000000e+02,1.676509254649858061e-01,-5.702016366783475843e-02,0.000000000000000000e+00
6.140000000000000000e+02,2.079372337664591730e-01,-1.113164216930776773e-01,1.000000000000000000e+01
6.150000000000000000e+02,-2.600889633663139855e-01,-1.124876388594643201e-01,4.000000000000000000e+00
6.160000000000000000e+02,-3.167060505193798892e-01,-1.397550620499832530e-01,9.000000000000000000e+00
6.170000000000000000e+02,-2.916588423139460651e-01,-1.343590189071637020e-01,2.000000000000000000e+00
6.180000000000000000e+02,-1.328405387985464869e-01,8.938317247090074025e-01,0.000000000000000000e+00
6.190000000000000000e+02,-4.253503073144255797e-01,-1.464549759314448252e-01,1.200000000000000000e+01
6.200000000000000000e+02,-4.744670012348158883e-01,-4.588353567809387579e-02,6.000000000000000000e+00
6.210000000000000000e+02,3.051400697285288621e-01,-1.797952054265496424e-01,5.000000000000000000e+00
6.220000000000000000e+02,-3.351680105389173159e-01,-4.027958052066255012e-02,1.000000000000000000e+01
6.230000000000000000e+02,3.837239332471117925e-01,-1.272467610349858336e-01,5.000000000000000000e+00
6.240000000000000000e+02,4.189413824705869316e-01,9.245390560085162690e-01,1.300000000000000000e+01
6.250000000000000000e+02,1.294131374548223024e+00,-2.423497919402196610e-01,1.000000000000000000e+00
6.260000000000000000e+02,-2.952409125530048861e-01,9.350322173683225380e-01,4.000000000000000000e+00
6.270000000000000000e+02,3.041995827974541267e-01,-1.114543829351455073e-01,4.000000000000000000e+00
6.280000000000000000e+02,-2.976407163448852589e-01,-2.009344773754849767e-01,8.000000000000000000e+00
6.290000000000000000e+02,-3.152590159439650486e-01,-1.328521719023854630e-01,3.000000000000000000e+00
6.300000000000000000e+02,2.702851957241288461e-01,-4.268479274432526033e-02,0.000000000000000000e+00
6.310000000000000000e+02,-4.097764833784283134e-01,-2.731881745734467820e-02,4.000000000000000000e+00
6.320000000000000000e+02,-3.430437158342830029e-01,-7.365204072097709942e-02,1.100000000000000000e+01
6.330000000000000000e+02,6.602167323106773456e-01,-9.684869134496945642e-02,1.000000000000000000e+00
6.340000000000000000e+02,1.840055231465960797e-02,-5.010977044717518369e-02,1.300000000000000000e+01
6.350000000000000000e+02,-4.850257314056847235e-01,-6.267652674410542635e-02,4.000000000000000000e+00
6.360000000000000000e+02,8.278757827300778915e-01,-1.347147758186973410e-01,7.000000000000000000e+00
6.370000000000000000e+02,-4.394574446045622085e-01,9.355526487170727767e-01,1.100000000000000000e+01
6.380000000000000000e+02,-5.156297840763592738e-02,-1.568241006005198224e-01,1.200000000000000000e+01
6.390000000000000000e+02,-2.894554749697382801e-01,-1.303189575951921031e-01,2.000000000000000000e+00
6.400000000000000000e+02,-3.806815890564849147e-01,-1.246389408096856138e-01,1.200000000000000000e+01
6.410000000000000000e+02,-3.746596949160152512e-01,-1.134145722579363441e-01,3.000000000000000000e+00
6.420000000000000000e+02,-4.145836955331732576e-01,-1.095629374802221112e-01,2.000000000000000000e+00
6.430000000000000000e+02,5.396627616197183785e-01,-5.160549839438038910e-02,0.000000000000000000e+00
6.440000000000000000e+02,-2.007573695321150931e-01,-9.812579651816784321e-02,4.000000000000000000e+00
6.450000000000000000e+02,-2.474511654057613697e-01,8.299610038881701790e-01,9.000000000000000000e+00
6.460000000000000000e+02,-1.955514394027163816e-01,-1.073173920471696546e-01,9.000000000000000000e+00
6.470000000000000000e+02,-4.132907470760652235e-01,-8.643081881159631052e-02,3.000000000000000000e+00
6.480000000000000000e+02,3.870759148447338593e-01,-1.300025765733690553e-01,1.300000000000000000e+01
6.490000000000000000e+02,7.386557006323690895e-03,-2.119511218146899745e-01,1.200000000000000000e+01
6.500000000000000000e+02,-1.238317364479605553e-01,-1.845316354023502081e-01,5.000000000000000000e+00
6.510000000000000000e+02,-2.076118421726274588e-01,-8.340686128936579402e-02,1.000000000000000000e+01
6.520000000000000000e+02,-3.901668640214480122e-01,-5.686816093898491159e-02,2.000000000000000000e+00
6.530000000000000000e+02,8.093643794405383507e-02,-2.489447813708090262e-01,8.000000000000000000e+00
6.540000000000000000e+02,-2.473454669959574137e-01,9.211663899373194742e-01,1.100000000000000000e+01
6.550000000000000000e+02,9.280738399331813770e-01,-1.391999168973045709e-01,7.000000000000000000e+00
6.560000000000000000e+02,-2.553274666762655465e-01,-4.024856326729068373e-02,1.100000000000000000e+01
6.570000000000000000e+02,-3.249768152364919671e-01,-1.627945752875895880e-01,3.000000000000000000e+00
6.580000000000000000e+02,-3.163939540114170668e-01,-3.315948154402439257e-02,1.100000000000000000e+01
6.590000000000000000e+02,1.243694940448430319e+00,8.013050319666176202e-01,1.000000000000000000e+00
6.600000000000000000e+02,1.071409639390651924e-01,9.583161046992038079e-01,0.000000000000000000e+00
6.610000000000000000e+02,-1.962192002299705806e-01,9.011627702688357333e-01,1.100000000000000000e+01
6.620000000000000000e+02,-1.383493849176176127e-01,-1.990813362754285110e-01,5.000000000000000000e+00
6.630000000000000000e+02,-3.406713516405169839e-01,-8.243231430732859966e-02,4.000000000000000000e+00
6.640000000000000000e+02,-1.174457119327062121e-01,-1.961650873337955070e-01,1.200000000000000000e+01
6.650000000000000000e+02,-1.593479212950461577e-01,9.555214069388786591e-01,1.300000000000000000e+01
6.660000000000000000e+02,7.660843101737002669e-02,-1.714767838583701187e-01,5.000000000000000000e+00
6.670000000000000000e+02,-1.078278808587993520e-01,-6.525785768238590023e-02,1.100000000000000000e+01
6.680000000000000000e+02,-5.186471921476292213e-01,-7.110334261625018970e-02,6.000000000000000000e+00
6.690000000000000000e+02,-3.657115568228793134e-01,8.340810458448372211e-01,1.200000000000000000e+01
6.700000000000000000e+02,-3.935055815378874500e-01,-8.929130641210784869e-02,9.000000000000000000e+00
6.710000000000000000e+02,-3.023654374958607560e-01,-2.091701990628933860e-01,8.000000000000000000e+00
6.720000000000000000e+02,-3.030410782498124123e-01,-1.510102794782555435e-01,1.200000000000000000e+01
6.730000000000000000e+02,-3.911877483466948968e-01,-7.476025649061608658e-02,6.000000000000000000e+00
6.740000000000000000e+02,3.337304911328893287e-01,-9.403579238742416913e-02,0.000000000000000000e+00
6.750000000000000000e+02,1.074379983091890089e+00,-1.487561363092816946e-01,1.000000000000000000e+00
6.760000000000000000e+02,-2.560119137665951561e-01,-3.938559251305327746e-02,1.000000000000000000e+01
6.770000000000000000e+02,-1.497501194635720012e-01,-3.589390212391917884e-02,1.100000000000000000e+01
6.780000000000000000e+02,-4.230126277144041769e-01,-3.522782029875139165e-02,4.000000000000000000e+00
6.790000000000000000e+02,7.570237299495918837e-01,-1.094106569171214433e-01,1.000000000000000000e+00
6.800000000000000000e+02,-4.176396957933369847e-01,-5.583544526878948117e-02,9.000000000000000000e+00
6.810000000000000000e+02,-4.336617324607496271e-01,-1.407182146213752372e-01,1.000000000000000000e+01
6.820000000000000000e+02,-1.316399246440426718e-01,-1.670027224483297545e-01,3.000000000000000000e+00
6.830000000000000000e+02,-2.889688343955352789e-01,-1.982944319155285351e-01,3.000000000000000000e+00
6.840000000000000000e+02,-4.052049479074540383e-01,-1.162454131275727914e-01,8.000000000000000000e+00
6.850000000000000000e+02,-9.223624288826681727e-02,9.182573319224126562e-01,1.000000000000000000e+01
6.860000000000000000e+02,6.088883255886502754e-02,-1.759483597292123558e-01,5.000000000000000000e+00
6.870000000000000000e+02,-9.880324444732928660e-03,-5.541553195637852203e-02,2.000000000000000000e+00
6.880000000000000000e+02,-3.529819894677660441e-01,-9.122144931640846499e-02,1.100000000000000000e+01
6.890000000000000000e+02,-3.548576260332100829e-01,-3.147462708658625014e-02,1.100000000000000000e+01
6.900000000000000000e+02,6.768466207882241348e-02,-1.853163216164594174e-01,9.000000000000000000e+00
6.910000000000000000e+02,7.153769064339106018e-03,-1.154641671745801866e-02,0.000000000000000000e+00
6.920000000000000000e+02,-3.004270978840937190e-01,-5.709779742404511027e-02,4.000000000000000000e+00
6.930000000000000000e+02,-2.522409808570570400e-01,-7.379447115689542758e-02,1.300000000000000000e+01
6.940000000000000000e+02,-3.510807233417221340e-01,-1.423012120307233508e-01,8.000000000000000000e+00
6.950000000000000000e+02,-3.809292138591139909e-01,-1.479887229689926809e-01,1.200000000000000000e+01
6.960000000000000000e+02,-3.029739257066402236e-01,-1.305803882055938392e-01,6.000000000000000000e+00
6.970000000000000000e+02,-2.501692689051871477e-01,8.522090475707865265e-01,3.000000000000000000e+00
6.980000000000000000e+02,-9.804203017815090598e-03,-1.331207920372521822e-02,0.000000000000000000e+00
6.990000000000000000e+02,1.341654468141310619e-01,-7.128154583472838535e-02,1.300000000000000000e+01
0.000000000000000000e+00,1.389906767817870703e+00,3.844911637328191079e-01,7.000000000000000000e+00
1.000000000000000000e+00,-1.398485633628179237e-01,-2.669407240468349984e-01,1.300000000000000000e+01
2.000000000000000000e+00,-5.708214324729971034e-01,3.306384075908974651e-02,1.200000000000000000e+01
3.000000000000000000e+00,-1.913685464009318715e-01,-1.189611262742611142e-01,1.000000000000000000e+01
4.000000000000000000e+00,-5.877772902199943639e-01,-3.768201337611545160e-03,1.200000000000000000e+01
5.000000000000000000e+00,-1.032473744947705607e-01,-1.517742592903792154e-01,2.000000000000000000e+00
6.000000000000000000e+00,-3.434859542522741838e-01,1.703507866335059878e-02,3.000000000000000000e+00
7.000000000000000000e+00,-1.480622435151964789e-01,9.691359794527215632e-01,8.000000000000000000e+00
8.000000000000000000e+00,3.465226133396435981e-02,-1.215148108399302512e-01,5.000000000000000000e+00
9.000000000000000000e+00,3.691589980723713471e-01,-4.208252663400404714e-01,7.000000000000000000e+00
1.000000000000000000e+01,-1.980486966433779306e-01,-4.607762753140404871e-02,1.200000000000000000e+01
1.100000000000000000e+01,3.591111167765647511e-02,-1.008115797894858223e-01,5.000000000000000000e+00
1.200000000000000000e+01,-5.742109358504511318e-01,-6.215474379403954780e-02,1.100000000000000000e+01
1.300000000000000000e+01,-5.062861534918046136e-01,-1.210640359955824780e-01,1.100000000000000000e+01
1.400000000000000000e+01,1.324915429045498305e+00,4.155631574227481861e-01,7.000000000000000000e+00
1.500000000000000000e+01,-3.780706219743741880e-01,-6.388986937287267041e-03,9.000000000000000000e+00
1.600000000000000000e+01,-3.833069421386548492e-01,-6.209405357268020509e-02,1.000000000000000000e+01
1.700000000000000000e+01,2.808161835854852129e-01,-4.062981989019809337e-01,0.000000000000000000e+00
1.800000000000000000e+01,-4.728743989729115027e-01,-1.628976403442307930e-01,6.000000000000000000e+00
1.900000000000000000e+01,1.023853303377875834e+00,-5.434859174838220230e-01,7.000000000000000000e+00
2.000000000000000000e+01,1.047478242516490576e+00,4.444412331782223169e-01,7.000000000000000000e+00
2.100000000000000000e+01,4.214847737121629190e-01,7.136313241019444087e-01,5.000000000000000000e+00
2.200000000000000000e+01,2.269414968099981167e-01,-4.508181961447126351e-01,0.000000000000000000e+00
2.300000000000000000e+01,9.652436997693901732e-01,-5.499874471747399074e-01,7.000000000000000000e+00
2.400000000000000000e+01,-4.351967101828035367e-01,-1.355503599457226760e-01,1.100000000000000000e+01
2.500000000000000000e+01,-1.438964811764326390e-01,-2.528994439289529161e-01,0.000000000000000000e+00
2.600000000000000000e+01,5.630672439650600269e-01,-4.488870697441767477e-01,0.000000000000000000e+00
2.700000000000000000e+01,-2.714351032429380139e-01,-1.039426097954772588e-01,1.000000000000000000e+01
2.800000000000000000e+01,-2.921464734963422627e-01,-1.202222223339699525e-01,4.000000000000000000e+00
2.900000000000000000e+01,-5.680630375980006974e-01,-4.348941195442154739e-02,4.000000000000000000e+00
3.000000000000000000e+01,-4.963305140106997193e-01,-4.561437517587184701e-03,4.000000000000000000e+00
3.100000000000000000e+01,-4.624951905425825904e-01,3.747462102856752991e-02,0.000000000000000000e+00
3.200000000000000000e+01,-3.227759898119236248e-01,-1.266757212161581138e-03,8.000000000000000000e+00
3.300000000000000000e+01,-3.298821081429440527e-01,-1.471120869360361683e-01,4.000000000000000000e+00
3.400000000000000000e+01,1.349720783298639579e-02,7.484723971282104538e-01,1.100000000000000000e+01
3.500000000000000000e+01,-5.628301199289821588e-02,9.947127857364921333e-01,5.000000000000000000e+00
3.600000000000000000e+01,-3.220776256284593186e-01,6.300187816215974124e-02,5.000000000000000000e+00
3.700000000000000000e+01,-4.375945546045179047e-01,8.341096170718299840e-03,8.000000000000000000e+00
3.800000000000000000e+01,-5.059865466510486964e-01,-3.942462384175180606e-02,6.000000000000000000e+00
3.900000000000000000e+01,2.050504611013625189e-01,9.121444113548110577e-01,5.000000000000000000e+00
4.000000000000000000e+01,-2.568795320959694761e-01,8.858795275695781068e-01,0.000000000000000000e+00
4.100000000000000000e+01,-5.786028307531546622e-01,-5.668066272292633136e-03,3.000000000000000000e+00
4.200000000000000000e+01,-5.211748497777274336e-01,-1.122180605507933498e-01,6.000000000000000000e+00
4.300000000000000000e+01,4.899854107337389686e-01,-3.646135520920948392e-01,7.000000000000000000e+00
4.400000000000000000e+01,-4.608020315022850477e-01,-3.870441094038643698e-02,3.000000000000000000e+00
4.500000000000000000e+01,-4.555712344395711488e-01,-1.226995366347045230e-01,1.000000000000000000e+01
4.600000000000000000e+01,-1.305592165172701213e-01,8.571652058446069811e-01,9.000000000000000000e+00
4.700000000000000000e+01,2.491802384420856997e-01,-3.611066974749446157e-01,0.000000000000000000e+00
4.800000000000000000e+01,1.300091342771027225e+00,3.273039949977812335e-01,7.000000000000000000e+00
4.900000000000000000e+01,-4.242271155709904096e-01,-8.438436567249806008e-02,9.000000000000000000e+00
5.000000000000000000e+01,1.776292806969077820e-01,-3.124755141312783868e-01,7.000000000000000000e+00
5.100000000000000000e+01,1.054422853729127585e+00,-5.445765283203172213e-01,7.000000000000000000e+00
5.200000000000000000e+01,8.684924310313258955e-01,5.322874732764873995e-01,7.000000000000000000e+00
5.300000000000000000e+01,-5.692562398404795720e-01,1.613820673696661143e-02,2.000000000000000000e+00
5.400000000000000000e+01,8.423582183490706532e-01,-4.582362707954874548e-01,7.000000000000000000e+00
5.500000000000000000e+01,-1.171416506214021658e-01,-1.271000506905843597e-01,3.000000000000000000e+00
5.600000000000000000e+01,-2.617222277587178403e-01,-2.263695922307609187e-01,6.000000000000000000e+00
5.700000000000000000e+01,-4.612219989199686232e-01,1.045804972146497508e-02,2.000000000000000000e+00
5.800000000000000000e+01,-4.296973661650618781e-03,-1.409346295409227567e-01,5.000000000000000000e+00
5.900000000000000000e+01,-1.466057633278665118e-01,-1.603055112597560894e-01,2.000000000000000000e+00
6.000000000000000000e+01,-2.317931917354058846e-01,8.653107569229018248e-01,1.200000000000000000e+01
6.100000000000000000e+01,2.242338442112898900e-01,-4.400438335367388154e-01,0.000000000000000000e+00
6.200000000000000000e+01,-5.174906037084527899e-01,-1.427907994861784546e-01,1.100000000000000000e+01
6.300000000000000000e+01,3.642159797545341804e-01,-3.296167416764945179e-01,7.000000000000000000e+00
6.400000000000000000e+01,-4.773615230023620648e-01,-1.334952259035813125e-02,8.000000000000000000e+00
6.500000000000000000e+01,7.799020892281288697e-01,-4.956355235204056853e-01,7.000000000000000000e+00
6.600000000000000000e+01,-4.772408824511423231e-01,-1.128072316819955269e-02,2.000000000000000000e+00
6.700000000000000000e+01,1.512965485982719294e+00,3.650165826382105183e-01,1.000000000000000000e+00
6.800000000000000000e+01,-1.745191984617830427e-01,-1.488543799555180625e-01,1.000000000000000000e+01
6.900000000000000000e+01,-2.574147905297813899e-01,-6.688561504985872375e-02,8.000000000000000000e+00
