no,playlist,danceability,energy,key,loudness,mode,speechiness,acousticness,instrumentalness,liveness,valence,tempo,duration_ms
1,0,0.598,0.735,1,0.745268474,1,0.0973,0.44,0.000215,0.681,0.615,0.513691791,1
2,0,0.692,0.493,1,0.777698033,0,0.0325,0.0934,0.00166,0.128,0.28,0.400510322,1
3,0,0.821,0.376,0,0.672434875,1,0.0487,0.669,1.39E-05,0.106,0.824,0.550255623,1
4,0,0.661,0.342,1,0.599627858,0,0.043,0.844,0.000128,0.26,0.588,0.675427811,1
5,0,0.542,0.588,1,0.788171186,1,0.0665,0.67,0.158,0.241,0.881,0.526722568,1
6,0,0.745,0.436,1,0.778894205,0,0.043,0.597,0.0213,0.61,0.771,0.527961393,1
7,0,0.294,0.736,1,0.822913344,0,0.151,0.282,0.0418,0.102,0.753,0.964138785,1
8,0,0.541,0.283,0,0.671451356,1,0.0527,0.805,0.0367,0.0736,0.564,0.35513604,1
9,0,0.596,0.545,1,0.797607656,0,0.064,0.456,5.53E-05,0.329,0.718,0.679287583,1
10,0,0.353,0.921,1,0.88460925,1,0.0758,0.0488,0.065,0.314,0.526,0.672982518,1
11,0,0.513,0.546,0,0.617942584,1,0.0391,0.333,0,0.17,0.834,0.39534701,1
12,0,0.565,0.526,0,0.73277512,1,0.0365,0.0339,0.000119,0.11,0.637,0.776281121,1
13,0,0.676,0.334,1,0.753508772,1,0.0508,0.862,0,0.32,0.867,0.730352141,1
14,0,0.675,0.311,1,0.716640085,1,0.0525,0.93,0.000261,0.102,0.638,0.449115719,1
15,0,0.629,0.0192,1,0.504173312,1,0.0833,0.989,4.30E-05,0.106,0.335,0.782373552,1
16,0,0.256,0.423,1,0.715709729,1,0.035,0.000788,0.402,0.25,0.441,0.800937439,1
17,0,0.606,0.301,0,0.731446039,1,0.0423,0.545,0.00194,0.0419,0.457,0.4667736,1
18,0,0.613,0.934,0,0.935885167,1,0.0342,0.0406,0.000313,0.0882,0.776,0.495867501,1
19,0,0.582,0.302,1,0.725544923,1,0.0353,0.947,0.0107,0.0931,0.642,0.435844574,1
20,0,0.678,0.612,1,0.774986709,1,0.0339,0.101,0.318,0.164,0.857,0.54721403,1
21,0,0.797,0.431,0,0.597076023,1,0.0625,0.414,0.0359,0.138,0.809,0.507978404,1
22,0,0.633,0.625,0,0.743434343,1,0.0436,0.492,0.000418,0.204,0.841,0.477756617,1
23,0,0.678,0.551,1,0.839633174,1,0.0261,0.266,0.00322,0.254,0.767,0.451926188,1
24,0,0.393,0.358,1,0.779399256,0,0.0471,0.33,0.0313,0.12,0.598,0.832393429,1
25,0,0.803,0.288,1,0.624694312,0,0.0629,0.865,0.0593,0.0833,0.865,0.534751819,1
26,0,0.673,0.481,1,0.771903243,1,0.0488,0.0764,4.00E-05,0.127,0.767,0.541232539,1
27,0,0.277,0.479,1,0.809037746,0,0.0495,0.585,0.0224,0.16,0.483,0.249174887,1
28,0,0.433,0.7,1,0.816640085,1,0.163,0.843,0.324,0.102,0.8,0.372678358,1
29,0,0.656,0.551,1,0.658639022,1,0.0889,0.171,0.000155,0.0676,0.773,0.580856453,1
30,0,0.462,0.796,1,0.869670388,1,0.0322,0.384,0,0.296,0.824,0.943115738,1
31,0,0.425,0.781,1,0.924906964,1,0.0645,0.622,0.000648,0.154,0.862,0.915334621,1
32,0,0.633,0.553,1,0.808984583,1,0.0603,0.871,0.00266,0.0555,0.846,0.73552932,1
33,0,0.469,0.236,1,0.583147262,1,0.0364,0.407,0.0434,0.215,0.415,0.380115932,1
34,0,0.517,0.607,1,0.929479001,1,0.0363,0.97,0.0324,0.264,0.556,0.403163627,1
35,0,0.697,0.637,1,0.724269006,0,0.0376,0.482,5.13E-05,0.257,0.807,0.47386911,1
36,0,0.73,0.235,0,0.6284689,1,0.0355,0.527,0.0112,0.0663,0.624,0.403200606,1
37,0,0.746,0.56,1,0.641414141,1,0.0565,0.494,0,0.316,0.854,0.576331044,1
38,0,0.333,0.603,0,0.812865497,1,0.176,0.331,0.0268,0.982,0.525,0.960551739,1
39,0,0.705,0.483,1,0.709994684,1,0.0542,0.15,0.0265,0.202,0.713,0.567931994,1
40,0,0.657,0.642,1,0.689500266,1,0.085,0.926,0.0165,0.12,0.737,0.510983017,1
41,0,0.642,0.599,1,0.64287613,0,0.277,0.0146,0.00238,0.164,0.889,0.720644929,1
42,0,0.321,0.625,1,0.895800106,0,0.0302,0.491,5.08E-05,0.345,0.777,0.496167963,1
43,0,0.6,0.496,1,0.781020734,1,0.062,0.759,0,0.0564,0.621,0.529047676,1
44,0,0.57,0.241,1,0.711881978,1,0.0473,0.948,0.0224,0.111,0.543,0.533212532,1
45,0,0.477,0.433,1,0.862466773,0,0.0247,0.689,0.000195,0.151,0.611,0.381447207,1
46,0,0.444,0.331,1,0.62764487,0,0.225,0.931,0.00253,0.0695,0.876,0.375137519,1
47,0,0.775,0.499,1,0.843646996,1,0.0415,0.496,0.0219,0.114,0.862,0.559579169,1
48,0,0.64,0.496,1,0.738835726,1,0.0413,0.616,4.63E-05,0.183,0.954,0.539129309,1
49,0,0.629,0.275,1,0.567437533,1,0.0606,0.889,0.00747,0.107,0.666,0.378951066,1
50,0,0.542,0.941,1,0.975385433,1,0.0621,0.052,0.000191,0.056,0.445,0.380758457,1
51,1,0.148,0.0441,1,0.370653907,0,0.0418,0.971,0.878,0.0672,0.0883,0.349066721,1
52,1,0.197,0.133,1,0.389978735,1,0.0484,0.863,0.812,0.156,0.0389,0.580962771,1
53,1,0.233,0.0252,1,0.37466773,1,0.0346,0.975,0.601,0.143,0.0936,0.437915446,1
54,1,0.255,0.108,1,0.425252525,0,0.0473,0.845,0.0121,0.152,0.108,0.477419176,1
55,1,0.386,0.325,1,0.657522594,0,0.0427,0.923,0.904,0.105,0.224,0.719230449,1
56,1,0.0903,0.083,1,0.469909623,0,0.0387,0.958,0.863,0.0883,0.032,0.394958721,1
57,1,0.156,0.0335,0,0.351807549,0,0.0411,0.939,0.789,0.124,0.0359,0.310616916,1
58,1,0.368,0.0224,1,0.203561935,1,0.0364,0.994,0.918,0.129,0.247,0.453548679,1
59,1,0.087,0.0507,1,0.235353535,1,0.0432,0.21,0.419,0.106,0.0393,0.389781542,1
60,1,0.165,0.0519,1,0.357416268,1,0.0512,0.981,5.10E-05,0.103,0.0398,0.355427256,1
61,1,0.0698,0.00405,1,0,0,0.0383,0.851,0.418,0.153,0.0356,0.34476319,1
62,1,0.226,0.0701,1,0.485140883,1,0.0361,0.929,0.782,0.123,0.15,0.815137704,1
63,1,0.491,0.464,1,0.689659755,1,0.0505,0.766,0.925,0.309,0.187,0.377111319,1
64,1,0.343,0.0209,1,0.316427432,1,0.0398,0.987,0.922,0.126,0.0393,0.578928878,1
65,1,0.208,0.0728,0,0.456751728,1,0.0385,0.921,0.783,0.182,0.0466,0.383541191,1
66,1,0.396,0.126,1,0.422860181,1,0.0465,0.945,0.46,0.158,0.11,0.452138822,1
67,1,0.149,0.0511,1,0.359409888,0,0.0442,0.959,0.784,0.125,0.0537,0.376371722,1
68,1,0.39,0.0432,1,0.387426901,1,0.0506,0.723,0.000303,0.108,0.326,0.681520242,1
69,1,0.441,0.319,1,0.662652844,1,0.0392,0.829,0,0.0765,0.671,0.459562528,1
70,1,0.248,0.298,0,0.618234981,0,0.0395,0.957,0.9,0.0943,0.157,0.452323722,1
71,1,0.18,0.0951,1,0.390510367,0,0.048,0.97,0.911,0.11,0.0527,0.349769338,1
72,1,0,0.0842,1,0.518926103,1,0,0.755,0.889,0.262,0,0,1
73,1,0.442,0.181,1,0.491759702,0,0.0443,0.906,0.656,0.0598,0.172,0.535671693,1
74,1,0.19,0.0266,0,0.344816587,0,0.0428,0.992,0.868,0.062,0.0574,0.565574528,1
75,1,0.15,0.128,1,0.490669856,1,0.0459,0.944,0.93,0.0703,0.113,0.216198101,1
76,1,0.281,0.113,1,0.593062201,1,0.0586,0.99,1.90E-06,0.101,0.232,0.377573567,1
77,1,0.0802,0.00652,1,0.095295056,1,0.0446,0.976,0.166,0.12,0.0377,0.379547367,1
78,1,0.333,0.125,0,0.520467836,1,0.0337,0.72,0.456,0.0902,0.203,0.523362024,1
79,1,0.278,0.373,0,0.604572036,1,0.0446,0.748,0.251,0.19,0.284,0.373441068,1
80,1,0.296,0.252,1,0.54122807,0,0.0451,0.906,0.886,0.106,0.3,0.41572291,1
81,1,0.138,0.111,1,0.548830409,1,0.0451,0.976,0.59,0.0862,0.0388,0.371948006,1
82,1,0.14,0.0347,1,0.371717172,0,0.0414,0.848,0.175,0.0888,0.0378,0.384068154,1
83,1,0.388,0.276,1,0.635486443,0,0.0277,0.933,0.334,0.111,0.427,0.449952388,1
84,1,0.368,0.242,0,0.570334928,0,0.0382,0.96,0.804,0.109,0.177,0.406588886,1
85,1,0.209,0.101,0,0.519298246,1,0.0403,0.927,0.9,0.0776,0.153,0.396844694,1
86,1,0.266,0.181,1,0.458187135,0,0.0418,0.98,0.837,0.135,0.0753,0.628010391,1
87,1,0.5,0.0104,1,0.323099415,1,0.0622,0.996,0.949,0.0573,0.133,0.530476023,1
88,1,0.251,0.219,1,0.588463583,1,0.0323,0.929,0.933,0.0824,0.0965,0.416009504,1
89,1,0.184,0.00527,1,0.043992557,0,0.0432,0.995,0.887,0.173,0.151,0.788650882,1
90,1,0.205,0.00644,1,0.014274322,0,0.0604,0.995,0.872,0.115,0.147,0.75409783,1
91,1,0.199,0.0677,0,0.479532164,1,0.039,0.786,0.738,0.225,0.145,0.364556658,1
92,1,0.225,0.0392,1,0.177618288,1,0.0413,0.921,0.2,0.127,0.0705,0.398633594,1
93,1,0.427,0.0067,1,0.111057948,1,0.0587,0.996,0.931,0.0748,0.0397,0.386328548,1
94,1,0.137,0.078,1,0.332323232,1,0.0407,0.992,0.0039,0.0864,0.0441,0.462091026,1
95,1,0.128,0.132,1,0.564832536,1,0.0353,0.744,0.942,0.107,0.0988,0.394362421,1
96,1,0.522,0.0308,1,0.320547581,1,0.0641,0.995,0.915,0.0805,0.313,0.335365685,1
97,1,0.343,0.0252,1,0.316480595,1,0.0488,0.993,0.932,0.0454,0.0395,0.310663141,1
98,1,0.308,0.00605,1,0.099813929,1,0.0486,0.995,0.929,0.0869,0.0739,0.305647748,1
99,1,0.575,0.634,1,0.583519405,1,0.0487,0.941,0.849,0.0919,0.904,0.887479546,1
100,1,0.4,0.312,0,0.572647528,1,0.157,0.973,0.28,0.25,0.44,0.352283968,1
101,2,0.529,0.813,1,0.887878788,1,0.0327,0.00823,0,0.359,0.79,0.712176542,1
102,2,0.582,0.86,1,0.925757576,1,0.0389,0.048,0,0.169,0.79,0.685560291,1
103,2,0.45,0.9,1,0.963184476,1,0.0894,0.0317,0,0.203,0.567,0.832208529,1
104,2,0.486,0.443,1,0.854013822,1,0.034,0.611,2.46E-06,0.0981,0.215,0.578545212,1
105,2,0.484,0.903,1,0.930861244,0,0.0882,0.0649,0,0.151,0.716,0.785581554,1
106,2,0.433,0.928,1,0.89851143,0,0.0512,0.0135,2.01E-06,0.32,0.552,0.720820583,1
107,2,0.588,0.813,1,0.880914407,1,0.0391,0.141,0,0.116,0.648,0.374656781,1
108,2,0.585,0.55,1,0.839367358,1,0.0255,0.408,3.97E-05,0.115,0.839,0.361367145,1
109,2,0.565,0.805,0,0.91605529,1,0.0489,0.0808,0,0.173,0.869,0.351493524,1
110,2,0.649,0.368,1,0.758825093,1,0.109,0.478,0.0002,0.257,0.191,0.339946564,1
111,2,0.465,0.8,0,0.878335991,1,0.037,0.0132,0,0.0975,0.773,0.438192794,1
112,2,0.543,0.744,1,0.89072302,1,0.0273,0.0124,0,0.315,0.38,0.430024869,1
113,2,0.562,0.683,1,0.916852738,1,0.0296,0.00531,0,0.107,0.385,0.610181479,1
114,2,0.475,0.507,1,0.883918129,1,0.0403,0.173,0.000523,0.0723,0.303,0.664731388,1
115,2,0.673,0.827,1,0.950478469,0,0.0389,0.00661,0,0.18,0.947,0.582770161,1
116,2,0.499,0.643,1,0.89056353,1,0.0354,0.307,0,0.106,0.469,0.433611915,1
117,2,0.569,0.389,1,0.863476874,1,0.0283,0.532,9.65E-06,0.137,0.197,0.589292483,1
118,2,0.653,0.861,0,0.894098884,1,0.0388,0.0734,0,0.114,0.354,0.471266652,1
119,2,0.621,0.791,1,0.945667198,1,0.0265,0.0361,0,0.143,0.734,0.439482467,1
120,2,0.669,0.559,1,0.901541733,1,0.0251,0.0805,0,0.0703,0.491,0.439140403,1
121,2,0.736,0.423,1,0.850212653,1,0.0428,0.398,0,0.108,0.346,0.43876136,1
122,2,0.503,0.536,1,0.842371079,1,0.0259,0.642,0.00143,0.111,0.21,0.420488689,1
123,2,0.739,0.682,1,0.93543328,1,0.205,0.129,0,0.328,0.634,0.610089029,1
124,2,0.615,0.755,1,0.920919724,1,0.0398,0.0261,0,0.076,0.853,0.762945261,1
125,2,0.593,0.745,1,0.918367889,1,0.0574,0.19,0,0.227,0.849,0.785595422,1
126,2,0.711,0.774,1,0.926395534,1,0.0308,0.0317,0,0.124,0.939,0.513169451,1
127,2,0.539,0.597,1,0.894976077,1,0.0269,0.307,4.19E-06,0.112,0.245,0.785341185,1
128,2,0.726,0.856,1,0.959914939,1,0.035,0.0342,4.60E-06,0.302,0.962,0.527064632,1
129,2,0.66,0.83,1,0.898989899,1,0.029,0.292,0,0.141,0.856,0.564307968,1
130,2,0.662,0.596,1,0.855555556,1,0.0385,0.217,0,0.147,0.625,0.466944632,1
131,2,0.467,0.854,1,0.940696438,1,0.0392,0.0137,0,0.203,0.466,0.767863581,1
132,2,0.634,0.808,1,0.925013291,1,0.0517,0.192,0,0.0898,0.937,0.379117476,1
133,2,0.496,0.506,0,0.802604997,1,0.0284,0.00315,1.93E-05,0.277,0.347,0.655809998,1
134,2,0.612,0.57,1,0.857974482,0,0.0347,0.279,0,0.0963,0.335,0.355949596,1
135,2,0.676,0.79,1,0.853322701,0,0.0296,0.024,0.031,0.186,0.897,0.56252369,1
136,2,0.442,0.335,1,0.561669325,0,0.0979,0.907,0.132,0.273,0.394,0.81989886,1
137,2,0.561,0.636,1,0.849973418,1,0.0268,0.0345,0.00253,0.111,0.325,0.378992669,1
138,2,0.609,0.68,1,0.866640085,1,0.0348,0.0886,0,0.108,0.561,0.647207559,1
139,2,0.75,0.835,1,0.905661882,1,0.0311,0.397,0,0.0414,0.924,0.647281518,1
140,2,0.602,0.805,1,0.872939926,1,0.0473,0.0997,0,0.172,0.322,0.42712195,1
141,2,0.492,0.594,1,0.844790005,1,0.0449,0.00709,0,0.116,0.314,0.683581869,1
142,2,0.707,0.632,1,0.847634237,1,0.0789,0.103,1.09E-05,0.0841,0.372,0.448565644,1
143,2,0.554,0.641,1,0.836682616,1,0.0246,0.083,1.54E-06,0.133,0.541,0.693289081,1
144,2,0.621,0.477,0,0.894072302,1,0.0334,0.202,0,0.215,0.481,0.378932576,1
145,2,0.491,0.907,1,0.938995215,1,0.0481,0.0491,0,0.242,0.631,0.924232899,1
146,2,0.447,0.429,1,0.838888889,1,0.028,0.718,0.0163,0.105,0.074,0.538616214,1
147,2,0.712,0.649,1,0.863397129,1,0.0302,0.0214,0.00241,0.11,0.457,0.480751985,1
148,2,0.683,0.796,1,0.923444976,1,0.0285,0.111,0,0.197,0.531,0.416166668,1
149,2,0.618,0.881,1,0.907469431,1,0.0419,0.0874,8.91E-06,0.0899,0.89,0.577699298,1
150,2,0.51,0.947,0,0.988118022,1,0.0445,0.0108,0,0.153,0.749,0.739573992,1
151,3,0.687,0.792,1,0.961456672,1,0.0452,0.191,0,0.167,0.671,0.462317528,1
152,3,0.784,0.951,1,0.82400319,1,0.052,0.00403,0.852,0.0324,0.808,0.573141531,1
153,3,0.563,0.741,1,0.897607656,1,0.0419,0.0927,0,0.142,0.438,0.591686929,1
154,3,0.715,0.635,1,0.859330144,1,0.0791,0.127,0,0.0862,0.39,0.521818115,1
155,3,0.547,0.672,0,0.899122807,1,0.0436,0.306,0,0.068,0.564,0.461998576,1
156,3,0.592,0.873,1,0.884343434,1,0.0275,0.0715,0.00982,0.142,0.516,0.563993639,1
157,3,0.68,0.84,1,0.89287613,0,0.0421,0.0525,0.00194,0.161,0.39,0.582539037,1
158,3,0.448,0.911,1,0.952259436,1,0.0408,0.0214,0,0.059,0.255,0.587642257,1
159,3,0.582,0.757,0,0.92913344,1,0.0399,0.16,0,0.187,0.516,0.481223479,1
160,3,0.533,0.807,1,0.93891547,1,0.0457,0.097,0,0.0608,0.369,0.5779258,1
161,3,0.529,0.612,1,0.800770867,1,0.052,0.253,0,0.246,0.434,0.551332662,1
162,3,0.7,0.904,1,0.927405635,1,0.0431,0.0531,8.03E-06,0.105,0.347,0.476295913,1
163,3,0.466,0.612,1,0.905475811,0,0.0307,0.0655,4.07E-06,0.132,0.236,0.592204647,1
164,3,0.633,0.918,1,0.816347687,0,0.0454,0.0334,0.867,0.364,0.786,0.600876423,1
165,3,0.566,0.909,1,0.840988836,0,0.054,0.004,0.0932,0.156,0.382,0.587226234,1
166,3,0.651,0.693,1,0.909011164,1,0.0375,0.458,0,0.335,0.392,0.549936672,1
167,3,0.562,0.882,1,0.918740032,0,0.0604,0.0034,0.123,0.55,0.694,0.582363383,1
168,3,0.937,0.632,1,0.816135035,0,0.3,0.0349,0.000742,0.108,0.57,0.591774756,1
169,3,0.693,0.678,1,0.844231792,1,0.0324,0.0154,6.05E-06,0.101,0.404,0.480516239,1
170,3,0.498,0.494,0,0.704385965,1,0.0343,0.0118,0.00108,0.166,0.12,0.623956475,1
171,3,0.637,0.812,1,0.919856459,0,0.0553,0.00927,0,0.463,0.593,0.568685459,1
172,3,0.654,0.795,0,0.917065391,1,0.0536,0.178,0,0.19,0.465,0.554785656,1
173,3,0.722,0.856,1,0.864619883,0,0.0338,0.0305,0.0597,0.231,0.826,0.563891945,1
174,3,0.58,0.804,1,0.911775651,1,0.0279,0.0304,0.00359,0.105,0.137,0.582455832,1
175,3,0.72,0.842,1,0.855156831,0,0.143,0.0503,0.0342,0.406,0.425,0.582423475,1
176,3,0.683,0.785,1,0.904837852,1,0.037,0.0643,1.34E-05,0.177,0.581,0.568551407,1
177,3,0.926,0.951,1,0.887506645,0,0.0924,0.00232,0.452,0.313,0.918,0.573127664,1
178,3,0.595,0.954,1,0.827565125,0,0.0473,0.00164,0.744,0.426,0.171,0.568639234,1
179,3,0.47,0.905,1,0.959250399,0,0.0645,0.0125,2.01E-06,0.514,0.0549,0.587411133,1
180,3,0.624,0.758,1,0.87400319,1,0.0413,0.153,1.61E-05,0.104,0.413,0.564030619,1
181,3,0.294,0.505,1,0.819059011,1,0.042,0.12,0,0.0977,0.357,0.394445626,1
182,3,0.503,0.754,1,0.937931951,1,0.0424,0.264,5.85E-05,0.297,0.597,0.538630081,1
183,3,0.818,0.823,1,0.939819245,0,0.2,0.0663,1.17E-05,0.133,0.52,0.592306341,1
184,3,0.497,0.792,1,0.860712387,1,0.0291,0.0555,0.506,0.0946,0.224,0.578119944,1
185,3,0.438,0.767,1,0.919298246,1,0.0422,0.0173,0,0.116,0.244,0.591492784,1
186,3,0.81,0.788,1,0.937161085,1,0.0447,0.267,0.000172,0.196,0.845,0.628615936,1
187,3,0.565,0.674,1,0.872434875,0,0.0463,0.0248,8.68E-06,0.105,0.254,0.587267836,1
188,3,0.624,0.767,1,0.932881446,1,0.0417,0.00763,0.000506,0.215,0.235,0.591525142,1
189,3,0.531,0.733,1,0.843726741,1,0.0357,0.00679,0,0.0862,0.417,0.564164671,1
190,3,0.641,0.782,1,0.841015417,0,0.0623,0.382,0.000558,0.126,0.596,0.573229358,1
191,3,0.743,0.864,1,0.927060074,0,0.0539,0.101,0.000285,0.111,0.528,0.573233981,1
192,3,0.849,0.756,1,0.842450824,1,0.0985,0.513,0,0.259,0.701,0.485272773,1
193,3,0.596,0.962,1,0.968022329,1,0.0571,0.0147,0.103,0.247,0.325,0.582853366,1
194,3,0.629,0.539,1,0.848298777,0,0.063,0.166,0,0.189,0.316,0.507941424,1
195,3,0.812,0.635,1,0.740776183,1,0.0753,1.81E-05,0.936,0.126,0.811,0.56386421,1
196,3,0.764,0.868,1,0.820972887,0,0.136,0.00725,0.000682,0.0946,0.337,0.582589884,1
197,3,0.54,0.961,1,0.939181287,0,0.0645,0.0123,0.796,0.0913,0.648,0.562389638,1
198,3,0.355,0.746,1,0.892530569,0,0.0479,0.0387,0.055,0.0552,0.361,0.694421589,1
199,3,0.726,0.747,1,0.737533227,1,0.0383,0.0301,0.756,0.339,0.495,0.582368005,1
200,3,0.587,0.648,1,0.850398724,0,0.0439,0.0561,0,0.115,0.281,0.665766824,1
201,4,0.642,0.764,1,0.855342903,0,0.0457,0.1,0.32,0.0731,0.704,0.484829014,1
202,4,0.731,0.743,1,0.721318448,0,0.0506,0.0696,0.0045,0.0796,0.97,0.407004909,1
203,4,0.684,0.882,1,0.785911749,1,0.118,0.152,0.0225,0.313,0.758,0.416712121,1
204,4,0.782,0.922,1,0.927458799,0,0.0497,0.00655,0.0118,0.0728,0.761,0.480812078,1
205,4,0.745,0.84,0,0.858479532,1,0.0692,0.0654,0.104,0.0446,0.9,0.573109174,1
206,4,0.687,0.958,1,0.914965444,1,0.118,0.0561,0.138,0.0886,0.797,0.731627946,1
207,4,0.61,0.752,1,0.899973418,0,0.0389,0.294,0.0755,0.116,0.832,0.416000259,1
208,4,0.55,0.776,0,0.907044125,1,0.236,0.0893,0.000182,0.176,0.932,0.946430057,1
209,4,0.658,0.895,1,0.852711324,0,0.0704,0.0669,0.00312,0.361,0.855,0.572780978,1
210,4,0.775,0.898,1,0.84702286,1,0.0949,0.028,0.000269,0.0646,0.776,0.508412917,1
211,4,0.771,0.807,1,0.868181818,1,0.058,0.0107,0.0135,0.568,0.707,0.453017094,1
212,4,0.849,0.781,0,0.786549708,0,0.0803,0.0946,0.057,0.0681,0.817,0.531627021,1
213,4,0.518,0.877,1,0.884396598,1,0.0458,0.000214,0.072,0.297,0.812,0.429437814,1
214,4,0.392,0.865,1,0.907841574,0,0.104,0.00254,4.25E-05,0.107,0.845,0.870662956,1
215,4,0.698,0.687,0,0.870122275,1,0.0673,0.115,1.48E-06,0.0858,0.8,0.528594673,1
216,4,0.779,0.803,1,0.877511962,0,0.0393,0.361,0.000697,0.0371,0.973,0.517944475,1
217,4,0.679,0.947,1,0.935991494,1,0.0809,0.67,9.69E-06,0.199,0.864,0.507775015,1
218,4,0.698,0.906,1,0.750425306,0,0.04,0.581,0.812,0.114,0.882,0.499228046,1
219,4,0.728,0.694,1,0.865257842,1,0.0404,0.0556,9.29E-05,0.135,0.688,0.41622676,1
220,4,0.629,0.734,1,0.823152578,1,0.0443,0.00906,1.80E-05,0.135,0.631,0.694065658,1
221,4,0.814,0.682,1,0.851382243,0,0.0559,0.0283,0.000789,0.159,0.914,0.571902706,1
222,4,0.777,0.908,1,0.895188729,1,0.172,0.0904,0,0.224,0.674,0.466584078,1
223,4,0.703,0.914,1,0.862945242,1,0.0755,0.0439,0.00123,0.161,0.843,0.50381817,1
224,4,0.637,0.884,1,0.849521531,1,0.0664,0.0318,3.44E-06,0.0677,0.527,0.563600729,1
225,4,0.811,0.792,1,0.809197236,1,0.0537,0.0363,0.0517,0.342,0.94,0.495784297,1
226,4,0.817,0.795,1,0.872169059,0,0.0546,0.0449,0.0119,0.0195,0.855,0.499093994,1
227,4,0.606,0.957,1,0.884449761,0,0.18,0.113,0.0704,0.0418,0.554,0.457819853,1
228,4,0.73,0.674,1,0.740829346,1,0.0526,0.00442,1.48E-06,0.0885,0.847,0.495775052,1
229,4,0.888,0.531,1,0.817145136,0,0.317,0.267,0.000334,0.00535,0.856,0.693612655,1
230,4,0.874,0.445,1,0.772807018,0,0.067,0.0496,0.00203,0.118,0.616,0.509036952,1
231,4,0.697,0.818,1,0.775890484,0,0.0467,0.0045,0.85,0.16,0.739,0.611032015,1
232,4,0.829,0.861,0,0.883758639,1,0.0797,0.134,0.00566,0.0908,0.727,0.574116875,1
233,4,0.687,0.868,1,0.853827751,0,0.0888,0.0627,0.00113,0.0833,0.801,0.472052474,1
234,4,0.742,0.848,1,0.866108453,0,0.0404,0.115,0,0.328,0.622,0.506101676,1
235,4,0.748,0.646,1,0.832482722,0,0.045,0.0608,0.0221,0.313,0.771,0.425138906,1
236,4,0.603,0.887,1,0.892503987,1,0.0664,0.44,0.496,0.0836,0.803,0.429807612,1
237,4,0.837,0.899,1,0.926129718,0,0.047,0.589,2.54E-06,0.0886,0.897,0.508796583,1
238,4,0.75,0.457,1,0.762200957,0,0.0665,0.093,0.118,0.054,0.613,0.351331737,1
239,4,0.504,0.681,1,0.801249335,0,0.113,0.138,0.000374,0.0966,0.632,0.538759511,1
240,4,0.651,0.721,1,0.868952685,0,0.0655,0.0294,0.0117,0.131,0.44,0.545633141,1
241,4,0.58,0.816,1,0.80661882,0,0.217,0.333,0.00933,0.132,0.765,0.935239029,1
242,4,0.639,0.667,1,0.935513025,1,0.046,0.0807,9.41E-05,0.0571,0.514,0.466181922,1
243,4,0.724,0.695,1,0.881525784,0,0.065,0.00602,0.0735,0.387,0.721,0.531576174,1
244,4,0.822,0.803,1,0.835406699,0,0.0617,0.000559,0.541,0.314,0.921,0.508422162,1
245,4,0.668,0.82,1,0.868181818,1,0.0351,0.00676,0.0141,0.0447,0.87,0.614485009,1
246,4,0.787,0.823,1,0.860473153,0,0.0662,0.106,2.14E-05,0.224,0.786,0.554637736,1
247,4,0.695,0.937,1,0.937719298,0,0.0733,0.00999,0.234,0.136,0.884,0.484070927,1
248,4,0.649,0.874,1,0.850318979,1,0.0793,0.0394,0.552,0.0936,0.776,0.785382788,1
249,4,0.653,0.466,1,0.774322169,1,0.0569,0.00362,1.27E-05,0.0806,0.844,0.557878096,1
250,4,0.725,0.957,1,0.876874003,1,0.0472,0.0126,0.0822,0.102,0.618,0.554670093,1
251,5,0.248,0.729,1,0.909409888,0,0.0665,0.214,0,0.7,0.144,0.794715579,1
252,5,0.343,0.316,1,0.75728336,1,0.0311,0.53,0,0.0784,0.0947,0.593873362,1
253,5,0.436,0.636,1,0.899893674,1,0.0394,0.00914,0,0.137,0.272,0.432636571,1
254,5,0.293,0.46,1,0.84867092,1,0.0335,0.14,0,0.0779,0.191,0.451316021,1
255,5,0.385,0.698,1,0.851302499,1,0.0857,0.0686,2.93E-06,0.65,0.357,0.366493478,1
256,5,0.436,0.703,1,0.864327485,1,0.0416,0.044,6.57E-06,0.195,0.263,0.58239574,1
257,5,0.557,0.746,1,0.854226475,1,0.0306,0.0144,0,0.252,0.327,0.478389897,1
258,5,0.328,0.871,1,0.912360447,1,0.123,0.0185,2.42E-06,0.922,0.271,0.77205155,1
259,5,0.214,0.487,1,0.809782031,1,0.0479,0.451,1.62E-05,0.393,0.194,0.376085128,1
260,5,0.556,0.843,1,0.839845827,1,0.0555,0.0146,1.53E-05,0.784,0.403,0.522039994,1
261,5,0.352,0.79,1,0.92102605,1,0.0702,0.133,0,0.119,0.223,0.585220076,1
262,5,0.359,0.362,1,0.837453482,1,0.0276,0.815,0,0.313,0.382,0.426100382,1
263,5,0.655,0.954,1,0.933173844,1,0.0888,0.0601,0,0.326,0.612,0.591622214,1
264,5,0.5,0.602,1,0.90082403,1,0.0286,0.081,0,0.34,0.24,0.536836558,1
265,5,0.642,0.97,0,0.974641148,1,0.0678,0.00915,0,0.476,0.516,0.485245038,1
266,5,0.54,0.871,1,0.894497608,1,0.0469,0.0111,6.63E-06,0.361,0.301,0.476171106,1
267,5,0.804,0.649,1,0.916799575,1,0.0857,0.0859,0,0.112,0.906,0.420955559,1
268,5,0.447,0.635,0,0.874162679,0,0.0445,0.514,0,0.684,0.237,0.551392754,1
269,5,0.329,0.557,1,0.849734184,1,0.0433,0.0453,1.25E-05,0.166,0.218,0.416125066,1
270,5,0.263,0.587,1,0.889766082,1,0.0588,0.134,0,0.0989,0.157,0.80343358,1
271,5,0.655,0.491,1,0.848936736,1,0.21,0.603,0,0.49,0.835,0.823088373,1
272,5,0.325,0.583,1,0.845826688,1,0.0371,0.446,8.19E-06,0.403,0.155,0.647406325,1
273,5,0.531,0.644,0,0.857070707,1,0.0586,0.111,0,0.268,0.499,0.42520362,1
274,5,0.304,0.454,1,0.807655502,1,0.0688,0.648,0,0.109,0.325,0.374291605,1
275,5,0.386,0.454,1,0.830489102,1,0.0336,0.0742,0,0.114,0.0439,0.767558498,1
276,5,0.516,0.824,1,0.903588517,1,0.234,0.429,0,0.302,0.519,0.794771048,1
277,5,0.45,0.709,1,0.863051568,1,0.0651,0.101,1.60E-05,0.432,0.419,0.720279753,1
278,5,0.72,0.722,1,0.915922382,0,0.192,0.182,0,0.254,0.293,0.472103322,1
279,5,0.486,0.563,0,0.861961722,1,0.0334,0.135,0,0.332,0.323,0.487075541,1
280,5,0.5,0.583,1,0.844417863,0,0.113,0.291,0,0.836,0.297,0.293305722,1
281,5,0.377,0.481,1,0.812014886,1,0.0341,0.288,0,0.14,0.346,0.462197343,1
282,5,0.666,0.601,1,0.787533227,1,0.0625,0.34,0,0.0721,0.715,0.40240554,1
283,5,0.745,0.753,1,0.970520999,1,0.164,0.223,0,0.705,0.589,0.665900875,1
284,5,0.241,0.445,1,0.756937799,1,0.0386,0.694,0,0.0842,0.205,0.36262446,1
285,5,0.313,0.843,1,0.90513025,1,0.302,0.0208,0,0.465,0.351,0.740868287,1
286,5,0.135,0.372,1,0.815603402,1,0.0363,0.0553,3.67E-06,0.0927,0.0393,0.373986521,1
287,5,0.424,0.679,1,0.83343966,1,0.111,0.0355,0.00154,0.0848,0.362,0.830387272,1
288,5,0.654,0.871,1,0.876209463,0,0.1,0.184,0,0.0937,0.533,0.439006351,1
289,5,0.584,0.927,1,0.91323764,1,0.139,0.0161,0.00047,0.447,0.642,0.441021753,1
290,5,0.732,0.351,1,0.797527911,1,0.0429,0.28,0,0.5,0.415,0.535639335,1
291,5,0.344,0.822,1,0.903880914,1,0.243,0.0249,0,0.117,0.413,0.413291484,1
292,5,0.332,0.612,1,0.904359383,0,0.126,0.127,0,0.169,0.171,0.888320837,1
293,5,0.55,0.537,1,0.788091441,1,0.138,0.254,0,0.112,0.219,0.416721366,1
294,5,0.461,0.413,1,0.850744285,1,0.0327,0.197,2.25E-06,0.312,0.351,0.534210989,1
295,5,0.627,0.579,1,0.860738969,1,0.0261,0.147,0,0.109,0.214,0.45775976,1
296,5,0.28,0.581,1,0.906113769,1,0.0387,0.608,0,0.232,0.327,0.685393882,1
297,5,0.304,0.389,1,0.846703881,1,0.031,0.895,0.000114,0.161,0.171,0.669196705,1
298,5,0.48,0.731,1,0.877219564,1,0.0965,0.362,0.000309,0.201,0.432,0.647276896,1
299,5,0.286,0.761,1,0.90712387,1,0.108,0.308,0,0.355,0.329,0.73571422,1
300,5,0.671,0.423,0,0.768926103,0,0.0749,0.185,0.000255,0.0987,0.409,0.72083445,1
301,6,0.859,0.75,1,0.81323764,0,0.303,0.0193,0,0.0538,0.857,0.456197361,1
302,6,0.785,0.479,1,0.762147794,1,0.362,0.0417,3.50E-05,0.334,0.727,0.405350061,1
303,6,0.894,0.698,1,0.814859117,0,0.275,0.0279,3.56E-06,0.329,0.695,0.453483965,1
304,6,0.724,0.853,1,0.930994152,0,0.283,0.0164,0,0.65,0.775,0.788179389,1
305,6,0.763,0.786,1,0.862493355,0,0.229,0.0146,0.0114,0.0817,0.504,0.433852284,1
306,6,0.777,0.957,1,0.949441786,0,0.319,0.179,0,0.296,0.543,0.488855196,1
307,6,0.886,0.512,1,0.72020202,0,0.237,0.207,0,0.0991,0.454,0.434499431,1
308,6,0.873,0.719,1,0.876422116,1,0.248,0.03,0,0.333,0.858,0.431189734,1
309,6,0.803,0.784,1,0.875837321,0,0.198,0.0012,0.000161,0.0794,0.801,0.41687853,1
310,6,0.665,0.91,1,0.910074428,0,0.223,0.0394,0,0.227,0.887,0.388746106,1
311,6,0.678,0.794,1,0.870095694,0,0.14,0.274,1.68E-06,0.124,0.54,0.403884734,1
312,6,0.801,0.908,1,0.860313663,1,0.221,0.00253,0.000655,0.0698,0.805,0.403445598,1
313,6,0.875,0.658,0,0.93774588,1,0.359,0.275,0,0.122,0.661,0.425448612,1
314,6,0.816,0.775,1,0.94619883,1,0.234,0.16,0.00031,0.0543,0.527,0.431883107,1
315,6,0.698,0.454,1,0.854944179,0,0.151,0.123,0,0.155,0.137,0.429576488,1
316,6,0.811,0.512,1,0.836363636,1,0.316,0.354,0,0.102,0.752,0.646768423,1
317,6,0.798,0.744,1,0.892902711,0,0.136,0.33,0.000106,0.292,0.794,0.38068912,1
318,6,0.834,0.878,1,0.782429559,1,0.15,0.0461,0,0.334,0.418,0.475413019,1
319,6,0.6,0.706,1,0.824561404,0,0.361,0.209,0,0.125,0.58,0.803969787,1
320,6,0.479,0.549,1,0.754066986,0,0.373,0.57,0.0239,0.127,0.576,0.836599887,1
321,6,0.849,0.521,1,0.688995215,0,0.216,0.304,1.65E-06,0.115,0.763,0.440360738,1
322,6,0.658,0.922,1,0.984981393,1,0.101,0.0704,0,0.362,0.527,0.628842438,1
323,6,0.692,0.833,1,0.928894205,1,0.0492,0.000136,1.98E-05,0.515,0.692,0.447520963,1
324,6,0.838,0.771,1,0.933758639,1,0.244,0.0117,0,0.0853,0.405,0.813358048,1
325,6,0.508,0.476,1,0.681605529,0,0.124,0.181,2.65E-06,0.0849,0.283,0.692817588,1
326,6,0.647,0.514,1,0.76738437,1,0.0593,0.0655,0,0.398,0.387,0.369678368,1
327,6,0.817,0.873,1,0.922328549,1,0.121,0.0325,7.72E-06,0.129,0.76,0.53628186,1
328,6,0.805,0.764,1,0.923524721,0,0.0664,0.035,0.00666,0.0489,0.124,0.665993325,1
329,6,0.904,0.723,1,0.895667198,0,0.26,0.0631,0,0.185,0.835,0.670319968,1
330,6,0.816,0.579,1,0.872461457,1,0.0867,0.203,0,0.127,0.43,0.555058382,1
331,6,0.813,0.703,1,0.899574694,0,0.268,0.125,1.26E-06,0.237,0.241,0.438340714,1
332,6,0.835,0.564,1,0.891254652,1,0.065,0.168,0,0.103,0.228,0.647239916,1
333,6,0.924,0.74,1,1,1,0.0774,0.0827,0,0.163,0.621,0.61929239,1
334,6,0.735,0.449,1,0.834981393,1,0.347,0.629,0,0.113,0.0397,0.568320283,1
335,6,0.875,0.745,1,0.878282828,1,0.269,0.0227,2.37E-06,0.287,0.749,0.4400649,1
336,6,0.826,0.566,1,0.748856991,0,0.31,0.197,0,0.356,0.653,0.458226631,1
337,6,0.956,0.668,1,0.891919192,1,0.362,0.00975,0,0.113,0.481,0.591340242,1
338,6,0.84,0.227,1,0.626475279,1,0.0742,0.763,2.62E-05,0.0911,0.409,0.554646981,1
339,6,0.549,0.853,1,0.920414673,1,0.188,0.0285,0.000296,0.618,0.346,0.437725924,1
340,6,0.897,0.612,1,0.755715045,1,0.211,0.0297,0.186,0.0894,0.767,0.472903011,1
341,6,0.358,0.913,1,0.942105263,1,0.218,0.0881,0.392,0.287,0.577,0.346732368,1
342,6,0.831,0.502,1,0.927006911,0,0.046,0.101,0,0.122,0.101,0.464748953,1
343,6,0.786,0.733,1,0.902658161,0,0.127,0.0257,0,0.143,0.358,0.467083306,1
344,6,0.796,0.586,1,0.849893674,0,0.147,0.0247,0,0.132,0.179,0.452915399,1
345,6,0.825,0.458,0,0.835964912,1,0.0577,0.114,0,0.102,0.161,0.670791461,1
346,6,0.809,0.741,1,0.809914939,1,0.186,0.448,2.38E-06,0.147,0.866,0.739772759,1
347,6,0.81,0.71,1,0.810287081,1,0.193,0.000812,0.0857,0.357,0.743,0.771894386,1
348,6,0.542,0.674,1,0.923710792,1,0.21,0.0588,0,0.0955,0.667,0.353102148,1
349,6,0.699,0.651,1,0.812573099,1,0.105,0.343,0.000635,0.115,0.347,0.443947784,1
350,6,0.855,0.651,0,0.820707071,0,0.235,0.063,0,0.0772,0.559,0.517704106,1
351,7,0.372,0.168,1,0.424056353,1,0.0319,0.738,0.729,0.0917,0.195,0.444100326,1
352,7,0.423,0.22,0,0.675704413,0,0.0298,0.949,0.854,0.12,0.152,0.49735594,1
353,7,0.76,0.462,1,0.726953748,1,0.0355,0.333,0.727,0.0997,0.842,0.508463764,1
354,7,0.515,0.184,0,0.583466241,1,0.0426,0.858,0.18,0.12,0.218,0.567381919,1
355,7,0.576,0.328,1,0.742264753,1,0.0367,0.95,0.795,0.106,0.231,0.541935156,1
356,7,0.518,0.0493,1,0.328389155,0,0.0346,0.9,0.879,0.349,0.16,0.28616861,1
357,7,0.403,0.13,1,0.64471026,1,0.0374,0.969,0.804,0.125,0.0904,0.636635943,1
358,7,0.731,0.752,1,0.824561404,1,0.0356,0.0713,0.892,0.278,0.667,0.573058326,1
359,7,0.794,0.674,1,0.737453482,1,0.0494,0.0677,0.000199,0.0749,0.742,0.554757921,1
360,7,0.559,0.2,0,0.569617225,0,0.0372,0.945,0.505,0.121,0.305,0.575073729,1
361,7,0.397,0.217,1,0.584237108,0,0.03,0.905,0.23,0.083,0.169,0.284236412,1
362,7,0.681,0.557,1,0.830754918,1,0.0417,0.565,0.692,0.0839,0.57,0.406343894,1
363,7,0.484,0.17,0,0.63492823,0,0.0358,0.927,0.911,0.112,0.164,0.495502325,1
364,7,0.466,0.485,1,0.738118022,0,0.056,0.531,0.744,0.175,0.736,0.38959202,1
365,7,0.518,0.128,0,0.569351409,1,0.0335,0.939,0.912,0.115,0.118,0.535255669,1
366,7,0.805,0.395,1,0.779106858,0,0.0626,0.58,0.914,0.187,0.437,0.712412288,1
367,7,0.373,0.183,1,0.555236576,0,0.0356,0.922,0.8,0.0934,0.144,0.855422634,1
368,7,0.487,0.12,1,0.477272727,1,0.04,0.892,0.853,0.0996,0.131,0.262658667,1
369,7,0.633,0.405,1,0.68128655,1,0.0347,0.673,0.898,0.087,0.388,0.379034271,1
370,7,0.769,0.752,1,0.87251462,0,0.0521,0.00385,0.866,0.175,0.622,0.536166298,1
371,7,0.763,0.592,1,0.795640617,1,0.0313,0.325,0.862,0.0815,0.675,0.559620772,1
372,7,0.445,0.144,1,0.58128655,1,0.0367,0.929,0.664,0.164,0.206,0.642053491,1
373,7,0.659,0.695,1,0.789766082,0,0.0613,0.383,0.915,0.354,0.685,0.346612183,1
374,7,0.386,0.106,0,0.523923445,0,0.0308,0.977,0.941,0.121,0.16,0.470494698,1
375,7,0.431,0.174,0,0.511164274,1,0.0373,0.936,0.897,0.109,0.108,0.497517727,1
376,7,0.73,0.649,1,0.773551302,0,0.0554,0.547,0.481,0.0722,0.666,0.476184973,1
377,7,0.523,0.619,1,0.872461457,1,0.0267,0.252,0.791,0.172,0.336,0.369858645,1
378,7,0.661,0.739,1,0.838357257,0,0.0688,0.0816,0.0532,0.0932,0.485,0.481547052,1
379,7,0.493,0.297,1,0.538437002,0,0.0335,0.892,0.964,0.11,0.525,0.580320246,1
380,7,0.783,0.62,1,0.811244019,0,0.0318,0.444,2.85E-06,0.0909,0.419,0.619662189,1
381,7,0.7,0.912,1,0.859303562,0,0.0472,0.115,0.93,0.0947,0.807,0.462238945,1
382,7,0.398,0.577,1,0.872620946,0,0.238,0.237,0.000145,0.0662,0.652,0.918685921,1
383,7,0.53,0.718,1,0.835911749,0,0.0382,0.0629,0.0391,0.0779,0.479,0.415320754,1
384,7,0.339,0.617,1,0.78476874,0,0.0312,0.893,0.933,0.0857,0.726,0.422162027,1
385,7,0.702,0.903,1,0.940483785,1,0.0301,0.0945,0.0531,0.0358,0.96,0.453141901,1
386,7,0.668,0.727,1,0.864354067,0,0.0261,0.0118,0.472,0.0379,0.9,0.536207901,1
387,7,0.744,0.562,1,0.803030303,0,0.0336,0.0904,0.883,0.0848,0.714,0.522645539,1
388,7,0.773,0.834,1,0.900425306,1,0.0608,0.149,0.73,0.0959,0.96,0.513211053,1
389,7,0.651,0.658,1,0.784688995,0,0.0364,0.0251,0.00432,0.131,0.699,0.429853837,1
390,7,0.652,0.809,1,0.829930888,0,0.0415,0.0571,0.628,0.21,0.669,0.49936672,1
391,7,0.446,0.188,1,0.576927166,0,0.0303,0.786,0.0916,0.104,0.0988,0.495285068,1
392,7,0.869,0.689,1,0.846597554,0,0.0417,0.194,0.937,0.0857,0.955,0.526884355,1
393,7,0.576,0.663,1,0.848032961,0,0.0356,0.0848,0.403,0.0587,0.554,0.420382372,1
394,7,0.767,0.705,1,0.868846358,0,0.0508,0.402,0.145,0.0501,0.728,0.378923332,1
395,7,0.653,0.79,1,0.881446039,0,0.0341,0.0163,0.0923,0.206,0.606,0.425319182,1
396,7,0.819,0.841,1,0.887001595,1,0.0291,0.133,0.805,0.045,0.653,0.517828913,1
397,7,0.653,0.575,1,0.731153642,0,0.061,0.0915,0.328,0.0935,0.499,0.462225078,1
398,7,0.408,0.819,1,0.893753323,0,0.16,0.321,0.8,0.0704,0.741,0.925642756,1
399,7,0.764,0.684,1,0.776767677,0,0.0297,0.462,0.932,0.339,0.815,0.499306628,1
400,7,0.411,0.449,1,0.618288145,0,0.0318,0.548,0.609,0.0814,0.579,0.665637394,1
401,8,0.568,0.981,1,0.931153642,1,0.0887,0.00269,0.00275,0.0243,0.307,0.624709939,1
402,8,0.543,0.836,1,0.792371079,0,0.0353,0.000647,0.431,0.153,0.56,0.486160289,1
403,8,0.43,0.704,1,0.821664009,0,0.0804,0.000155,0.00221,0.0933,0.703,0.546571505,1
404,8,0.61,0.891,1,0.889606592,0,0.0587,0.000805,0.0928,0.0657,0.51,0.646699086,1
405,8,0.354,0.982,1,0.954093567,0,0.168,0.000237,0.000294,0.204,0.194,0.664583468,1
406,8,0.415,0.908,1,0.77666135,1,0.0765,0.00437,0.0345,0.082,0.437,0.530734882,1
407,8,0.577,0.828,1,0.803508772,0,0.0298,0.00213,0.0114,0.0581,0.604,0.569753252,1
408,8,0.695,0.876,1,0.921238703,0,0.0553,0.000996,6.89E-06,0.106,0.941,0.415810737,1
409,8,0.329,0.974,1,0.801408825,0,0.135,0.000852,0.000118,0.0904,0.234,0.651132046,1
410,8,0.556,0.981,1,0.96307815,0,0.128,0.00662,0,0.218,0.716,0.468825982,1
411,8,0.435,0.987,1,0.910473153,0,0.16,0.000195,0.0847,0.268,0.101,0.476855233,1
412,8,0.291,0.974,1,0.954864434,0,0.171,0.0177,5.44E-06,0.886,0.348,0.622759252,1
413,8,0.419,0.878,1,0.865683147,1,0.0553,0.000594,0.559,0.139,0.666,0.681284495,1
414,8,0.398,0.939,1,0.958373206,0,0.0648,0.00591,0.000881,0.357,0.235,0.425393142,1
415,8,0.274,0.726,1,0.727751196,1,0.0449,0.000212,0.0113,0.0993,0.426,0.676957852,1
416,8,0.453,0.906,1,0.928176502,1,0.115,0.361,0.000569,0.26,0.473,0.635937948,1
417,8,0.404,0.969,1,0.956432749,1,0.195,8.51E-05,0.0114,0.268,0.29,0.803747908,1
418,8,0.366,0.956,1,0.935513025,0,0.108,0.000293,0.00447,0.449,0.159,0.480812078,1
419,8,0.148,0.908,1,0.839526847,1,0.117,4.66E-06,0.614,0.0723,0.0707,0.433995581,1
420,8,0.372,0.888,1,0.878229665,1,0.0943,0.000211,0.00442,0.115,0.555,0.653498757,1
421,8,0.437,0.695,1,0.783413078,1,0.0617,0.00111,0.0857,0.124,0.413,0.472315956,1
422,8,0.339,0.991,1,0.900877193,1,0.145,0.000249,0.00327,0.261,0.185,0.493528525,1
423,8,0.322,0.932,1,0.921504519,0,0.163,8.57E-05,0.817,0.0969,0.376,0.638096647,1
424,8,0.428,0.874,1,0.857389686,0,0.128,0.000337,0.0419,0.311,0.261,0.553348064,1
425,8,0.332,0.769,1,0.728761297,1,0.0765,0.00367,0.00413,0.0372,0.525,0.727476957,1
426,8,0.466,0.833,1,0.922488038,1,0.304,0.0266,0,0.0327,0.661,0.410407056,1
427,8,0.402,0.994,1,0.839473684,0,0.0623,3.79E-05,0.0934,0.145,0.247,0.481251213,1
428,8,0.311,0.658,1,0.674906964,1,0.0406,0.0706,0.104,0.093,0.353,0.701752845,1
429,8,0.302,0.805,1,0.731632111,0,0.0967,0.000849,4.19E-06,0.151,0.578,0.521258794,1
430,8,0.508,0.912,1,0.820574163,0,0.0368,7.06E-05,0.403,0.0492,0.682,0.543520667,1
431,8,0.475,0.953,1,0.849787347,1,0.147,0.000288,0.00337,0.104,0.224,0.545605406,1
432,8,0.547,0.963,1,0.972408293,0,0.0744,0.000443,0.0251,0.353,0.441,0.601204619,1
433,8,0.278,0.985,1,0.98312068,1,0.129,0.000234,0.000235,0.104,0.342,0.484449971,1
434,8,0.462,0.996,1,0.955502392,0,0.231,5.80E-05,0.00377,0.139,0.145,0.564275611,1
435,8,0.427,0.946,1,0.976368953,1,0.0469,0.000118,0.0253,0.0604,0.237,0.468280529,1
436,8,0.451,0.993,1,0.924401914,1,0.185,0.000562,0.00479,0.152,0.14,0.466070983,1
437,8,0.517,0.95,1,0.843753323,0,0.0437,7.76E-05,0.888,0.338,0.586,0.610260061,1
438,8,0.374,0.945,1,0.90297714,1,0.0946,0.00097,0,0.0746,0.226,0.677776032,1
439,8,0.515,0.913,1,0.913609782,0,0.03,2.56E-05,0.145,0.0687,0.49,0.439163516,1
440,8,0.508,0.613,1,0.907256778,0,0.0283,0.352,1.10E-05,0.155,0.23,0.645765344,1
441,8,0.466,0.361,1,0.715789474,0,0.0308,0.0282,0,0.155,0.543,0.578309466,1
442,8,0.249,0.792,1,0.86291866,0,0.047,0.0261,0.0336,0.149,0.415,0.822334908,1
443,8,0.421,0.976,1,0.902658161,0,0.148,0.000694,2.12E-06,0.106,0.284,0.470111032,1
444,8,0.183,0.752,1,0.800531632,0,0.141,0.0147,0.00544,0.43,0.158,0.624968798,1
445,8,0.416,0.938,1,0.660287081,1,0.083,8.44E-05,0.32,0.339,0.123,0.647558867,1
446,8,0.496,0.62,1,0.836283892,0,0.0265,0.00386,1.47E-06,0.114,0.279,0.647424815,1
447,8,0.484,0.941,1,0.91241361,0,0.0753,0.000615,9.06E-05,0.276,0.2,0.563998262,1
448,8,0.534,0.929,1,0.938596491,1,0.047,0.000206,5.58E-05,0.036,0.447,0.567331071,1
449,8,0.336,0.978,1,0.97185008,1,0.0846,0.000437,0.000525,0.138,0.496,0.600192295,1
450,8,0.288,0.974,1,0.939287613,0,0.167,0.0003,0.0241,0.0816,0.117,0.83213457,1
451,9,0.597,0.45,1,0.857549176,1,0.0418,0.223,0,0.382,0.537,0.826337977,1
452,9,0.715,0.827,1,0.899229133,0,0.0617,0.0485,3.61E-05,0.321,0.75,0.545346547,1
453,9,0.486,0.567,1,0.86291866,1,0.0379,0.31,0,0.0949,0.154,0.433034105,1
454,9,0.571,0.693,1,0.815656566,0,0.0545,0.00536,0,0.173,0.393,0.777358159,1
455,9,0.784,0.43,1,0.801780968,0,0.0364,0.123,0,0.0887,0.236,0.587457358,1
456,9,0.827,0.794,1,0.889792663,1,0.0754,0.00696,0,0.116,0.377,0.522377435,1
457,9,0.499,0.898,1,0.923391813,0,0.124,0.124,7.20E-06,0.0832,0.618,0.554882728,1
458,9,0.771,0.671,1,0.885220627,1,0.0553,0.00929,0,0.0637,0.714,0.393031146,1
459,9,0.806,0.546,1,0.85810739,1,0.0575,0.3,0,0.102,0.874,0.684062607,1
460,9,0.664,0.708,1,0.924109516,1,0.0474,0.0337,0,0.0841,0.742,0.47643921,1
461,9,0.676,0.506,1,0.857708666,0,0.0958,0.345,0,0.118,0.497,0.674152006,1
462,9,0.842,0.734,1,0.899893674,0,0.0588,0.0427,0,0.106,0.952,0.637708358,1
463,9,0.759,0.548,1,0.873737374,0,0.029,0.0392,0,0.0828,0.749,0.540677841,1
464,9,0.612,0.539,1,0.899734184,1,0.0488,0.104,0,0.18,0.294,0.369558183,1
465,9,0.811,0.512,1,0.864912281,1,0.17,0.218,0.0262,0.0768,0.346,0.425480969,1
466,9,0.672,0.855,1,0.934476342,1,0.0397,0.021,0,0.323,0.646,0.568824133,1
467,9,0.856,0.622,1,0.89585327,0,0.0564,0.36,0,0.0875,0.778,0.531474479,1
468,9,0.576,0.46,1,0.923604466,1,0.246,0.476,0,0.107,0.625,0.814411974,1
469,9,0.606,0.799,1,0.916188198,1,0.0261,0.0128,0,0.15,0.638,0.476180351,1
470,9,0.724,0.594,1,0.845108985,0,0.102,0.393,0.00116,0.0889,0.413,0.628666784,1
471,9,0.719,0.687,0,0.825199362,1,0.0601,0.046,1.09E-06,0.12,0.627,0.545536069,1
472,9,0.783,0.912,0,0.935832004,1,0.243,0.0238,0,0.339,0.749,0.453118789,1
473,9,0.796,0.591,1,0.864061669,1,0.0608,0.193,0.0248,0.0938,0.51,0.475944604,1
474,9,0.795,0.18,0,0.715816055,1,0.0586,0.599,0,0.623,0.628,0.43430991,1
475,9,0.488,0.343,1,0.79569378,1,0.0436,0.556,0,0.21,0.0978,0.475278967,1
476,9,0.7,0.457,1,0.80414673,1,0.0621,0.369,0,0.106,0.433,0.66982074,1
477,9,0.599,0.465,1,0.902950558,1,0.0314,0.643,1.57E-06,0.149,0.0678,0.52613089,1
478,9,0.74,0.415,0,0.797581074,1,0.0707,0.242,0.000156,0.319,0.156,0.628791591,1
479,9,0.61,0.83,0,0.925412015,1,0.0571,0.033,0,0.118,0.728,0.842040548,1
480,9,0.758,0.562,1,0.867012228,1,0.0771,0.0996,0,0.0996,0.581,0.656554217,1
481,9,0.506,0.698,1,0.848086124,0,0.176,0.0108,0,0.172,0.223,0.832277867,1
482,9,0.501,0.674,1,0.86539075,1,0.0408,0.00346,3.56E-05,0.282,0.152,0.716720442,1
483,9,0.444,0.309,1,0.743301435,1,0.062,0.795,0.132,0.352,0.0875,0.484181867,1
484,9,0.758,0.583,1,0.865443913,1,0.0421,0.18,5.12E-05,0.107,0.797,0.450863017,1
485,9,0.302,0.481,1,0.84784689,0,0.0625,0.0945,5.33E-06,0.142,0.252,1,1
486,9,0.639,0.569,0,0.842185008,0,0.0487,0.0581,0.000169,0.108,0.616,0.66086237,1
487,9,0.712,0.676,1,0.875970229,1,0.184,0.076,0,0.0669,0.648,0.490704189,1
488,9,0.789,0.711,1,0.921610845,1,0.041,0.0332,0,0.0876,0.753,0.522271118,1
489,9,0.639,0.546,1,0.891467305,1,0.0407,0.0837,0,0.122,0.149,0.564770216,1
490,9,0.73,0.729,1,0.943248272,0,0.0883,0.167,1.39E-06,0.349,0.467,0.522400547,1
491,9,0.752,0.87,1,0.933200425,0,0.0623,0.0604,1.12E-05,0.489,0.784,0.554725563,1
492,9,0.525,0.649,1,0.906884636,1,0.0655,0.241,0,0.129,0.286,0.721084064,1
493,9,0.521,0.877,1,0.889819245,1,0.0683,0.0132,0.0806,0.0929,0.199,0.8320791,1
494,9,0.807,0.539,1,0.816746411,1,0.124,0.0789,0,0.0928,0.755,0.591640704,1
495,9,0.572,0.833,1,0.893886231,0,0.0754,0.014,5.77E-05,0.129,0.588,0.730832879,1
496,9,0.635,0.845,0,0.906512493,0,0.0525,0.027,0.0128,0.135,0.463,0.494665656,1
497,9,0.54,0.642,1,0.916959064,1,0.121,0.106,0,0.11,0.483,0.748458402,1
498,9,0.807,0.533,1,0.90430622,0,0.0443,0.176,0,0.284,0.853,0.573215491,1
499,9,0.627,0.69,1,0.891095162,0,0.139,0.033,0,0.0742,0.627,0.564187784,1
500,9,0.517,0.805,1,0.904359383,0,0.0867,0.152,0,0.0714,0.753,0.647739144,1
501,10,0.441,0.403,1,0.737347156,0,0.147,0.255,1.27E-05,0.13,0.158,0.646777668,1
502,10,0.468,0.266,0,0.73891547,1,0.13,0.348,9.55E-06,0.209,0.222,0.708589496,1
503,10,0.404,0.524,1,0.795401382,0,0.0593,0.0456,0.00316,0.199,0.168,0.673680513,1
504,10,0.372,0.478,1,0.773099415,0,0.0503,0.482,0,0.0844,0.254,0.467342165,1
505,10,0.492,0.26,1,0.573577884,0,0.0921,0.646,0.00178,0.0705,0.312,0.515494559,1
506,10,0.377,0.329,0,0.77748538,0,0.0569,0.131,0.00654,0.279,0.0528,0.802754075,1
507,10,0.694,0.314,0,0.82666135,1,0.116,0.611,2.07E-06,0.117,0.341,0.554258693,1
508,10,0.583,0.454,1,0.739712919,0,0.0425,0.265,0,0.181,0.309,0.345022049,1
509,10,0.409,0.579,1,0.897474747,0,0.0387,0.0113,5.24E-06,0.368,0.316,0.515064669,1
510,10,0.737,0.494,1,0.776076555,0,0.416,0.629,0,0.126,0.44,0.436755203,1
511,10,0.567,0.309,1,0.6556353,1,0.385,0.166,0,0.12,0.509,0.300650845,1
512,10,0.467,0.417,1,0.752392344,0,0.074,0.421,0.000202,0.102,0.171,0.5547949,1
513,10,0.795,0.44,1,0.760313663,0,0.224,0.785,6.62E-06,0.099,0.12,0.512915214,1
514,10,0.697,0.235,1,0.804572036,1,0.0534,0.62,0.000144,0.107,0.378,0.462003199,1
515,10,0.652,0.549,1,0.833705476,0,0.039,0.317,0,0.104,0.186,0.55503527,1
516,10,0.643,0.541,1,0.880329612,1,0.0426,0.0102,0,0.102,0.165,0.552381965,1
517,10,0.782,0.367,1,0.894178628,0,0.0548,0.284,0,0.0899,0.425,0.457644198,1
518,10,0.675,0.5,1,0.859090909,1,0.0516,0.00372,0.00268,0.114,0.0709,0.416157423,1
519,10,0.809,0.463,1,0.732110579,1,0.0396,0.256,0.085,0.109,0.364,0.517625523,1
520,10,0.643,0.442,1,0.824242424,1,0.0342,0.00521,2.01E-05,0.108,0.0385,0.495895236,1
521,10,0.665,0.612,1,0.910552897,0,0.0314,0.487,0.000194,0.183,0.25,0.559269463,1
522,10,0.649,0.297,1,0.675438596,1,0.036,0.739,0,0.11,0.523,0.619102869,1
523,10,0.73,0.494,1,0.778654971,1,0.0781,0.0248,0,0.348,0.297,0.499195688,1
524,10,0.781,0.594,1,0.777671451,1,0.0578,0.0588,0.00131,0.109,0.0527,0.4667736,1
525,10,0.421,0.539,1,0.889500266,0,0.274,0.779,0,0.111,0.523,0.412219069,1
526,10,0.658,0.294,1,0.807708666,0,0.0321,0.422,5.20E-05,0.0749,0.358,0.342239315,1
527,10,0.643,0.499,1,0.853907496,0,0.0308,0.0478,0,0.108,0.363,0.61931088,1
528,10,0.424,0.419,1,0.808506114,1,0.054,0.144,0,0.174,0.119,0.399844685,1
529,10,0.695,0.65,1,0.901275917,0,0.0448,0.00819,0.0189,0.13,0.0669,0.561807206,1
530,10,0.458,0.452,1,0.787347156,0,0.047,0.342,1.94E-05,0.0703,0.316,0.399003393,1
531,10,0.74,0.465,1,0.814699628,0,0.0411,0.304,0.00404,0.101,0.276,0.539628537,1
532,10,0.568,0.517,1,0.84005848,0,0.0894,0.146,0,0.343,0.578,0.482785877,1
533,10,0.693,0.675,0,0.770175439,1,0.185,0.00719,0.000524,0.734,0.185,0.693330683,1
534,10,0.49,0.405,1,0.730435938,1,0.221,0.0339,0,0.344,0.176,0.511047732,1
535,10,0.764,0.271,0,0.883094099,1,0.0414,0.037,0,0.175,0.0371,0.536295728,1
536,10,0.792,0.605,1,0.859994684,1,0.0393,0.00881,4.25E-05,0.104,0.239,0.6467638,1
537,10,0.782,0.611,1,0.805688464,0,0.073,0.181,0,0.128,0.439,0.501793523,1
538,10,0.698,0.454,1,0.854944179,0,0.151,0.123,0,0.155,0.137,0.429576488,1
539,10,0.582,0.525,1,0.844125465,0,0.0627,0.111,0,0.134,0.51,0.615941091,1
540,10,0.627,0.897,1,0.93758639,0,0.0504,0.246,0,0.117,0.257,0.485115608,1
541,10,0.709,0.362,1,0.773657629,1,0.055,0.157,0,0.109,0.113,0.564141559,1
542,10,0.66,0.372,1,0.874375332,0,0.0314,0.417,0,0.0954,0.432,0.554448214,1
543,10,0.52,0.622,1,0.810685805,0,0.0422,0.251,0,0.0702,0.0716,0.619149094,1
544,10,0.538,0.449,1,0.819803296,1,0.0463,0.344,0,0.157,0.27,0.613121377,1
545,10,0.751,0.703,1,0.865337586,1,0.0698,0.322,0,0.0786,0.302,0.517514584,1
546,10,0.834,0.454,1,0.775358852,0,0.201,0.321,6.15E-06,0.114,0.837,0.377277728,1
547,10,0.697,0.4,1,0.878017012,0,0.0511,0.106,0,0.102,0.443,0.827456618,1
548,10,0.654,0.599,1,0.85645933,1,0.0563,0.0599,0,0.161,0.333,0.553671637,1
549,10,0.356,0.567,0,0.848165869,0,0.0798,0.0861,0,0.137,0.109,0.626591289,1
550,10,0.722,0.252,1,0.651461988,0,0.0761,0.0671,0,0.0852,0.275,0.369442621,1
551,11,0.869,0.75,1,0.805927698,1,0.048,0.0311,0.0049,0.163,0.961,0.614068986,1
552,11,0.655,0.675,1,0.785938331,1,0.0599,0.272,0.0236,0.727,0.587,0.358653748,1
553,11,0.749,0.296,1,0.558001063,1,0.356,0.0713,0.00458,0.0879,0.475,0.761355127,1
554,11,0.917,0.745,1,0.916932483,0,0.186,0.258,2.39E-05,0.382,0.935,0.656397053,1
555,11,0.773,0.522,1,0.748856991,1,0.0921,0.0893,0.127,0.0616,0.427,0.454833729,1
556,11,0.751,0.463,1,0.743195109,1,0.104,0.642,0.208,0.0314,0.926,0.694255179,1
557,11,0.739,0.84,1,0.899601276,0,0.132,0.346,0,0.135,0.612,0.550167796,1
558,11,0.724,0.696,1,0.866374269,1,0.201,0.123,0,0.106,0.433,0.432696663,1
559,11,0.577,0.811,0,0.90513025,0,0.0835,0.318,0,0.165,0.542,0.721070197,1
560,11,0.749,0.686,1,0.887612972,0,0.0526,0.109,1.01E-06,0.176,0.884,0.577884198,1
561,11,0.675,0.166,1,0.433732057,1,0.171,0.88,7.14E-05,0.0461,0.747,0.318197787,1
562,11,0.366,0.408,1,0.750903775,0,0.035,0.422,0,0.466,0.307,0.588344874,1
563,11,0.667,0.709,1,0.903189793,0,0.288,0.0805,0.000104,0.111,0.527,0.794743314,1
564,11,0.769,0.657,1,0.793062201,1,0.0496,0.371,1.79E-05,0.122,0.583,0.429807612,1
565,11,0.752,0.499,1,0.85810739,1,0.031,0.0685,1.98E-05,0.179,0.585,0.624478815,1
566,11,0.786,0.642,1,0.786682616,1,0.184,0.329,2.30E-05,0.09,0.708,0.447853782,1
567,11,0.811,0.428,1,0.749362041,1,0.221,0.0122,0.317,0.344,0.653,0.37424538,1
568,11,0.77,0.787,1,0.888623073,0,0.278,0.23,0.000199,0.198,0.588,0.379177568,1
569,11,0.92,0.56,1,0.781206805,1,0.0576,0.0551,4.09E-05,0.097,0.625,0.647165956,1
570,11,0.379,0.656,1,0.925412015,0,0.0495,0.239,0.00518,0.625,0.656,0.805116163,1
571,11,0.779,0.418,1,0.789792663,1,0.188,0.00333,0.000138,0.252,0.425,0.59140958,1
572,11,0.614,0.576,1,0.841945774,0,0.0761,0.144,1.07E-05,0.957,0.739,0.62001812,1
573,11,0.794,0.57,1,0.828442318,1,0.0645,0.0197,0.014,0.104,0.575,0.665531077,1
574,11,0.869,0.642,0,0.892796385,1,0.0372,0.0157,0,0.312,0.843,0.508329712,1
575,11,0.704,0.79,1,0.881525784,1,0.0432,0.101,0.00657,0.0769,0.933,0.775726423,1
576,11,0.86,0.408,1,0.799521531,0,0.0532,0.203,0,0.103,0.53,0.540049183,1
577,11,0.929,0.463,1,0.804572036,1,0.308,0.142,5.26E-06,0.0634,0.757,0.573576044,1
578,11,0.718,0.625,1,0.816241361,0,0.04,0.182,0.00041,0.212,0.607,0.346672275,1
579,11,0.83,0.463,1,0.725013291,1,0.335,0.0292,1.58E-05,0.0589,0.779,0.364602883,1
580,11,0.837,0.478,1,0.878734716,0,0.0627,0.0571,0.00129,0.0569,0.81,0.36400196,1
581,11,0.694,0.597,1,0.878920787,0,0.0473,0.23,0.00313,0.0987,0.822,0.355963464,1
582,11,0.866,0.538,1,0.604359383,1,0.36,0.242,1.67E-05,0.316,0.78,0.731845202,1
583,11,0.735,0.71,1,0.870520999,1,0.163,0.217,0,0.273,0.605,0.42730685,1
584,11,0.738,0.755,1,0.873604466,0,0.279,0.0779,0,0.193,0.692,0.405937116,1
585,11,0.731,0.617,1,0.849122807,0,0.0428,0.0355,0.000102,0.147,0.417,0.647068884,1
586,11,0.626,0.445,1,0.768102073,0,0.14,0.267,0.000282,0.156,0.75,0.582904213,1
587,11,0.883,0.733,1,0.79122807,0,0.128,0.161,0.00026,0.334,0.947,0.439611896,1
588,11,0.595,0.685,1,0.786895268,1,0.282,0.191,0,0.104,0.436,0.541972136,1
589,11,0.598,0.806,0,0.8635832,0,0.081,0.185,0,0.183,0.927,0.383804672,1
590,11,0.774,0.531,1,0.843779904,0,0.0446,0.0595,0,0.0409,0.966,0.656397053,1
591,11,0.767,0.639,1,0.836071239,1,0.0507,0.0704,0.0033,0.066,0.929,0.804505995,1
592,11,0.78,0.871,1,0.881233386,0,0.0868,0.159,0,0.143,0.62,0.591649949,1
593,11,0.916,0.72,0,0.807309942,1,0.1,0.36,0.00016,0.0958,0.76,0.47755785,1
594,11,0.73,0.642,1,0.897740564,0,0.0824,0.274,0,0.368,0.863,0.584605286,1
595,11,0.835,0.609,1,0.884715577,1,0.0336,0.0201,1.28E-06,0.107,0.781,0.60163451,1
596,11,0.587,0.816,1,0.92102605,0,0.263,0.0565,0,0.362,0.731,0.365911045,1
597,11,0.788,0.762,1,0.903987241,0,0.193,0.0515,0,0.274,0.792,0.420442464,1
598,11,0.671,0.256,1,0.748963317,1,0.0387,0.608,0,0.0737,0.694,0.535611601,1
599,11,0.69,0.621,1,0.939287613,1,0.06,0.321,2.81E-05,0.0884,0.497,0.309049895,1
600,11,0.776,0.559,1,0.811908559,0,0.103,0.11,0,0.0671,0.758,0.565061433,1
601,12,0.49,0.833,1,0.877724615,1,0.0487,0.0116,0.000504,0.15,0.39,0.415935544,1
602,12,0.455,0.764,1,0.884795322,1,0.0327,0.00446,0,0.105,0.359,0.342160733,1
603,12,0.531,0.969,1,0.939420521,1,0.0491,0.000108,0.0013,0.121,0.449,0.600991985,1
604,12,0.548,0.924,1,0.915443913,0,0.0689,0.00033,1.42E-05,0.162,0.242,0.573331053,1
605,12,0.354,0.942,1,0.948272196,1,0.237,0.00039,6.36E-06,0.431,0.242,0.554660849,1
606,12,0.437,0.907,1,0.920653907,0,0.245,0.000277,6.00E-06,0.0994,0.477,0.573340298,1
607,12,0.553,0.853,1,0.937028177,1,0.0339,0.000684,0,0.126,0.506,0.564049109,1
608,12,0.5,0.899,1,0.926448698,1,0.0736,4.84E-05,0.000198,0.0794,0.566,0.601199996,1
609,12,0.623,0.93,1,0.89404572,1,0.0324,0.0141,1.64E-06,0.138,0.287,0.555247904,1
610,12,0.496,0.863,1,0.924136098,1,0.0381,0.0046,0,0.639,0.243,0.508556214,1
611,12,0.459,0.903,1,0.910951621,0,0.0673,0.00877,0,0.168,0.364,0.352163784,1
612,12,0.376,0.95,1,0.926422116,1,0.0641,0.00021,0,0.0377,0.438,0.822884983,1
613,12,0.547,0.944,1,0.946703881,0,0.0507,4.81E-05,0.0451,0.195,0.364,0.434356134,1
614,12,0.447,0.948,1,0.93261563,0,0.0456,0.000699,0,0.362,0.414,0.647059639,1
615,12,0.485,0.898,1,0.934848485,1,0.0568,0.000776,0.00244,0.642,0.494,0.462169608,1
616,12,0.45,0.872,1,0.904013822,1,0.0353,0.0018,1.61E-05,0.0833,0.396,0.721379903,1
617,12,0.626,0.838,1,0.941786284,1,0.0349,0.000164,0.0184,0.0432,0.654,0.577699298,1
618,12,0.568,0.844,1,0.878362573,1,0.0505,0.000189,0,0.0607,0.766,0.536420535,1
619,12,0.561,0.936,1,0.890749601,1,0.0613,0.00185,0,0.102,0.594,0.476369873,1
620,12,0.445,0.966,1,0.937852206,0,0.0656,8.66E-06,0.238,0.13,0.486,0.739680309,1
621,12,0.5,0.847,1,0.922301967,1,0.0417,0.00125,0,0.0875,0.716,0.58226631,1
622,12,0.603,0.886,1,0.934130781,0,0.0837,0.00045,0,0.26,0.395,0.582548282,1
623,12,0.356,0.94,1,0.886150984,1,0.0587,0.0012,0.000919,0.0915,0.216,0.808564534,1
624,12,0.362,0.915,1,0.948298777,0,0.181,0.000181,0,0.166,0.603,0.749886749,1
625,12,0.556,0.864,1,0.878495481,0,0.0584,0.00958,0,0.209,0.4,0.486021615,1
626,12,0.386,0.86,1,0.854917597,0,0.0543,0.00146,2.32E-06,0.0643,0.261,0.451043294,1
627,12,0.589,0.797,1,0.889287613,1,0.15,0.0289,4.35E-06,0.383,0.232,0.473753548,1
628,12,0.425,0.882,1,0.935911749,1,0.0918,0.000673,0,0.28,0.399,0.666178224,1
629,12,0.296,0.912,1,0.943274854,1,0.0645,3.45E-05,0.00264,0.389,0.276,0.794747936,1
630,12,0.295,0.679,1,0.87020202,1,0.15,0.000551,5.44E-05,0.165,0.381,0.915085007,1
631,12,0.354,0.982,1,0.954093567,0,0.168,0.000237,0.000294,0.204,0.194,0.664583468,1
632,12,0.483,0.941,1,0.938888889,0,0.0575,0.000526,3.50E-06,0.31,0.503,0.721259719,1
633,12,0.5,0.817,0,0.941467305,1,0.0459,0.00054,0,0.152,0.599,0.416069596,1
634,12,0.423,0.935,1,0.951169591,1,0.0811,0.000683,0,0.0948,0.341,0.740285854,1
635,12,0.426,0.934,1,0.926528442,0,0.0685,2.97E-05,0.0089,0.113,0.285,0.739953036,1
636,12,0.598,0.872,1,0.913131313,0,0.0328,0.0196,0,0.326,0.609,0.494647166,1
637,12,0.499,0.728,1,0.855263158,0,0.055,0.0154,0.0982,0.246,0.239,0.427343829,1
638,12,0.615,0.858,0,0.946810207,1,0.0396,0.00393,0,0.0789,0.323,0.448556399,1
639,12,0.431,0.914,0,0.921743753,0,0.0616,0.000243,0.0096,0.502,0.534,0.680004068,1
640,12,0.457,0.945,1,0.909011164,0,0.0746,2.77E-05,0,0.231,0.483,0.628407925,1
641,12,0.57,0.894,1,0.896863371,0,0.0448,0.00292,0.000299,0.109,0.288,0.554859615,1
642,12,0.523,0.909,1,0.896943115,1,0.0441,0.000459,0.00185,0.381,0.669,0.554767166,1
643,12,0.243,0.865,1,0.870467836,1,0.0584,6.42E-06,0.88,0.408,0.327,0.468174212,1
644,12,0.502,0.952,1,0.887612972,1,0.0997,0.000272,3.72E-06,0.521,0.351,0.629078185,1
645,12,0.514,0.905,1,0.893248272,0,0.0384,2.26E-05,0.654,0.272,0.37,0.587184631,1
646,12,0.387,0.844,1,0.926528442,1,0.0486,6.06E-05,0.00833,0.374,0.443,0.67944937,1
647,12,0.413,0.927,1,0.909250399,0,0.0423,1.29E-05,0.0074,0.123,0.43,0.638313904,1
648,12,0.259,0.919,1,0.910951621,1,0.0717,3.41E-05,0.364,0.339,0.3,0.749900617,1
649,12,0.653,0.879,1,0.950398724,1,0.0669,0.002,0.0126,0.0741,0.692,0.591307885,1
650,12,0.431,0.85,1,0.906858054,1,0.0643,0.000107,0.000128,0.181,0.585,0.656295358,1
651,13,0.538,0.969,1,0.884981393,0,0.0906,0.417,0.00154,0.119,0.928,0.640916361,1
652,13,0.769,0.367,1,0.736124402,1,0.0312,0.684,1.62E-05,0.081,0.535,0.478986197,1
653,13,0.805,0.558,0,0.895614035,1,0.041,0.164,2.20E-05,0.0546,0.965,0.531354295,1
654,13,0.265,0.824,1,0.884237108,0,0.0991,0.0991,0,0.359,0.811,0.939316058,1
655,13,0.815,0.36,1,0.621876661,0,0.11,0.47,0.0185,0.0403,0.895,0.561455897,1
656,13,0.611,0.578,1,0.657841574,1,0.0676,0.0598,0.0219,0.0983,0.884,0.465137241,1
657,13,0.756,0.397,1,0.750079745,0,0.0522,0.57,0.0115,0.0542,0.507,0.471423817,1
658,13,0.729,0.324,1,0.688516746,0,0.0393,0.195,0,0.101,0.679,0.540160123,1
659,13,0.805,0.601,0,0.776687932,0,0.0579,0.119,0.000129,0.0581,0.746,0.436279087,1
660,13,0.668,0.828,1,0.861297182,1,0.0616,0.249,7.21E-06,0.162,0.755,0.597617573,1
661,13,0.65,0.323,0,0.803322701,1,0.0283,0.213,0,0.187,0.276,0.512919837,1
662,13,0.867,0.746,1,0.836629452,1,0.0475,0.0453,0,0.123,0.933,0.548300313,1
663,13,0.494,0.723,0,0.649362041,1,0.0451,0.245,1.16E-05,0.212,0.857,0.558728633,1
664,13,0.212,0.383,1,0.766826156,1,0.0347,0.723,0,0.299,0.452,0.80334113,1
665,13,0.657,0.501,1,0.683492823,0,0.0647,0.155,8.66E-06,0.0549,0.739,0.766869748,1
666,13,0.539,0.24,1,0.592424242,0,0.0426,0.687,5.12E-05,0.133,0.567,0.373570497,1
667,13,0.469,0.538,1,0.674109516,1,0.0571,0.305,0.00012,0.37,0.886,0.908803055,1
668,13,0.634,0.677,1,0.843407762,1,0.0448,0.318,0,0.0902,0.939,0.442796786,1
669,13,0.63,0.711,1,0.78625731,1,0.0472,0.299,0,0.0813,0.659,0.447973966,1
670,13,0.594,0.38,1,0.713981925,0,0.0455,0.273,2.87E-05,0.1,0.446,0.425286825,1
671,13,0.524,0.519,1,0.718128655,1,0.043,0.195,0,0.523,0.847,0.50903233,1
672,13,0.696,0.547,1,0.876262626,0,0.169,0.792,0,0.155,0.623,0.338379543,1
673,13,0.59,0.659,1,0.777511962,1,0.0697,0.104,6.56E-06,0.356,0.965,0.370727671,0
674,13,0.471,0.585,1,0.872248804,1,0.0822,0.786,0,0.811,0.655,0.69669585,1
675,13,0.632,0.59,1,0.76323764,1,0.0305,0.346,0,0.24,0.953,0.6022493,1
676,13,0.595,0.643,1,0.787985114,1,0.0365,0.76,0,0.538,0.73,0.626961088,1
677,13,0.499,0.246,1,0.694125465,1,0.0325,0.7,0.00227,0.0965,0.152,0.686290643,1
678,13,0.613,0.487,1,0.801116427,1,0.0935,0.412,1.02E-05,0.286,0.699,0.662549576,1
679,13,0.678,0.544,1,0.782854864,0,0.0326,0.668,9.62E-06,0.103,0.963,0.567340316,1
680,13,0.376,0.67,1,0.788038278,1,0.0854,0.0727,2.52E-06,0.0718,0.837,0.85748426,1
681,13,0.785,0.776,1,0.894736842,1,0.0312,0.729,0,0.181,0.967,0.561654664,1
682,13,0.59,0.737,1,0.878575226,1,0.0384,0.404,0,0.108,0.877,0.614632929,1
683,13,0.502,0.333,1,0.744417863,1,0.0264,0.699,0,0.222,0.729,0.44829754,1
684,13,0.667,0.599,0,0.798112706,1,0.0291,0.245,0,0.107,0.971,0.591377222,1
685,13,0.676,0.245,0,0.655209995,1,0.0299,0.677,0,0.319,0.532,0.399095843,1
686,13,0.733,0.624,1,0.772727273,1,0.0374,0.623,0,0.407,0.912,0.529662466,1
687,13,0.703,0.724,1,0.746969697,1,0.0467,0.73,0,0.518,0.963,0.609340187,1
688,13,0.744,0.568,0,0.778575226,1,0.0494,0.186,1.18E-05,0.163,0.687,0.566979763,1
689,13,0.404,0.43,1,0.706858054,1,0.224,0.538,0,0.0802,0.641,0.832328714,1
690,13,0.692,0.651,0,0.836071239,1,0.0296,0.203,0,0.114,0.966,0.586200043,1
691,13,0.604,0.548,0,0.885486443,1,0.0703,0.536,0,0.594,0.577,0.485374467,1
692,13,0.469,0.618,1,0.771265284,1,0.131,0.815,0,0.0787,0.588,0.502741132,1
693,13,0.708,0.437,1,0.777511962,0,0.0307,0.19,0,0.346,0.436,0.456789039,1
694,13,0.458,0.301,1,0.716640085,0,0.0796,0.685,9.39E-05,0.0995,0.178,0.316760195,1
695,13,0.556,0.57,1,0.782748538,1,0.0393,0.0118,0.000526,0.198,0.304,0.582478945,1
696,13,0.691,0.581,1,0.825863902,1,0.065,0.557,4.62E-05,0.147,0.91,0.585275546,1
697,13,0.559,0.537,1,0.850744285,0,0.033,0.257,0,0.124,0.592,0.412459438,1
698,13,0.257,0.338,1,0.691573631,1,0.0357,0.736,0,0.252,0.544,0.958499357,1
699,13,0.617,0.879,0,0.833466241,0,0.0455,0.127,5.71E-05,0.339,0.746,0.529056921,1
700,13,0.773,0.418,1,0.831313131,1,0.0423,0.503,8.55E-05,0.0893,0.715,0.454500911,1
