,no,playlist,key,loudness,tempo,duration_ms
0,1,0,1,0.7452684742158427,0.5136917913966367,1
1,2,0,1,0.7776980329611909,0.40051032200208936,1
2,3,0,0,0.672434875066454,0.5502556232492349,1
3,4,0,1,0.5996278575225944,0.675427810700121,1
4,5,0,1,0.7881711855396066,0.5267225678811467,1
5,6,0,1,0.7788942052099946,0.5279613930311463,1
6,7,0,1,0.8229133439659756,0.9641387853966551,1
7,8,0,0,0.6714513556618821,0.3551360396424048,1
8,9,0,1,0.7976076555023923,0.6792875830891122,1
9,10,0,1,0.8846092503987241,0.6729825177734429,1
10,11,0,0,0.6179425837320575,0.395347009716457,1
11,12,0,0,0.7327751196172249,0.7762811208594117,1
12,13,0,1,0.7535087719298245,0.7303521406713692,1
13,14,0,1,0.7166400850611376,0.44911571921195925,1
14,15,0,1,0.5041733120680489,0.782373552007544,1
15,16,0,1,0.7157097288676236,0.800937439329925,1
16,17,0,0,0.7314460393407761,0.4667736000813556,1
17,18,0,0,0.9358851674641149,0.4958675011787328,1
18,19,0,1,0.7255449229133439,0.43584457366849405,1
19,20,0,1,0.7749867091972356,0.5472140301570719,1
20,21,0,0,0.5970760233918129,0.5079784037645492,1
21,22,0,0,0.7434343434343434,0.4777566170828441,1
22,23,0,1,0.8396331738437002,0.4519261882089731,1
23,24,0,1,0.7793992557150452,0.8323934286797267,1
24,25,0,1,0.6246943115364169,0.5347518189466288,1
25,26,0,1,0.7719032429558745,0.5412325385746115,1
26,27,0,1,0.8090377458798512,0.24917488698031742,1
27,28,0,1,0.8166400850611376,0.3726783584642266,1
28,29,0,1,0.6586390217969166,0.5808564534469847,1
29,30,0,1,0.8696703880914408,0.9431157377018868,1
30,31,0,1,0.9249069643806486,0.9153346214649569,1
31,32,0,1,0.8089845826687933,0.7355293204027107,1
32,33,0,1,0.5831472620946306,0.3801159318461269,1
33,34,0,1,0.9294790005316321,0.40316362661440175,1
34,35,0,1,0.7242690058479532,0.473869109802435,1
35,36,0,0,0.6284688995215312,0.40320060646962563,1
36,37,0,1,0.6414141414141414,0.576331043663964,1
37,38,0,0,0.8128654970760234,0.9605517394399401,1
38,39,0,1,0.7099946836788942,0.5679319940462433,1
39,40,0,1,0.6895002658160553,0.5109830170014884,1
40,41,0,1,0.6428761297182349,0.7206449286751042,1
41,42,0,1,0.895800106326422,0.4961679625024268,1
42,43,0,1,0.7810207336523126,0.5290476762783474,1
43,44,0,1,0.7118819776714514,0.5332125324729354,1
44,45,0,1,0.8624667729930888,0.3814472066341861,1
45,46,0,1,0.6276448697501329,0.3751375188366137,1
46,47,0,1,0.8436469962785752,0.5595791692475524,1
47,48,0,1,0.7388357256778308,0.539129309308754,1
48,49,0,1,0.567437533227007,0.37895106640657505,1
49,50,0,1,0.97538543328017,0.38075845683064147,1
50,51,1,1,0.3706539074960128,0.34906672090378765,1
51,52,1,1,0.38997873471557687,0.5809627705307534,1
52,53,1,1,0.3746677299308878,0.43791544556103057,1
53,54,1,1,0.4252525252525253,0.47741917590392635,1
54,55,1,1,0.6575225943646996,0.7192304492127913,1
55,56,1,1,0.4699096225412016,0.39495872123660636,1
56,57,1,0,0.35180754917597024,0.3106169164347722,1
57,58,1,1,0.2035619351408826,0.45354867935692034,1
58,59,1,1,0.23535353535353543,0.389781541505265,1
59,60,1,1,0.35741626794258374,0.35542725600229275,1
60,61,1,1,0.0,0.3447631902521102,1
61,62,1,1,0.48514088250930354,0.8151377037358899,1
62,63,1,1,0.6896597554492292,0.3771113186091877,1
63,64,1,1,0.31642743221690595,0.5789288784934407,1
64,65,1,0,0.45675172780435935,0.3835411909362374,1
65,66,1,1,0.4228601807549177,0.4521388223765104,1
66,67,1,1,0.35940988835725673,0.3763717215047102,1
67,68,1,1,0.38742690058479534,0.6815202418482532,1
68,69,1,1,0.6626528442317916,0.4595625283127016,1
69,70,1,0,0.6182349813928761,0.4523237216526297,1
70,71,1,1,0.39051036682615625,0.3497693381530411,1
71,72,1,1,0.5189261031366295,0.0,1
72,73,1,1,0.49175970228601806,0.5356716928453225,1
73,74,1,0,0.34481658692185024,0.5655745282757217,1
74,75,1,1,0.49066985645933014,0.21619810108443427,1
75,76,1,1,0.5930622009569378,0.37757356679948595,1
76,77,1,1,0.09529505582137165,0.3795473665720599,1
77,78,1,0,0.52046783625731,0.5233620235376779,1
78,79,1,0,0.6045720361509835,0.37344106797821885,1
79,80,1,1,0.5412280701754386,0.41572290994480765,1
80,81,1,1,0.5488304093567251,0.3719480063235552,1
81,82,1,1,0.3717171717171719,0.3840681538731776,1
82,83,1,1,0.6354864433811802,0.4499523884363993,1
83,84,1,0,0.5703349282296651,0.40658888570451246,1
84,85,1,0,0.5192982456140351,0.39684469385302357,1
85,86,1,1,0.45818713450292403,0.6280103913393179,1
86,87,1,1,0.32309941520467844,0.5304760231863692,1
87,88,1,1,0.5884635832004254,0.41600950382279267,1
88,89,1,1,0.043992557150451916,0.7886508824317953,1
89,90,1,1,0.014274322169059217,0.7540978302069947,1
90,91,1,0,0.47953216374269014,0.3645566577606849,1
91,92,1,1,0.17761828814460412,0.3986335943494781,1
92,93,1,1,0.1110579479000533,0.38632854752373647,1
93,94,1,1,0.33232323232323246,0.4620910259136336,1
94,95,1,1,0.5648325358851675,0.3943624210711214,1
95,96,1,1,0.3205475810738969,0.33536568454334503,1
96,97,1,1,0.3164805954279639,0.3106631412538019,1
97,98,1,1,0.09981392876129724,0.30564774838906505,1
98,99,1,1,0.5835194045720362,0.8874795455175793,1
99,100,1,0,0.572647527910686,0.35228396830826414,1
100,101,2,1,0.8878787878787878,0.7121765418288386,1
101,102,2,1,0.9257575757575758,0.6855602910314607,1
102,103,2,1,0.9631844763423711,0.8322085294036073,1
103,104,2,1,0.854013822434875,0.5785452124954931,1
104,105,2,1,0.9308612440191388,0.7855815544482142,1
105,106,2,1,0.8985114300903775,0.7208205829874176,1
106,107,2,1,0.8809144072301966,0.37465678071870356,1
107,108,2,1,0.8393673577884104,0.36136714524762636,1
108,109,2,0,0.9160552897395002,0.35149352390285393,1
109,110,2,1,0.7588250930356194,0.33994656410920143,1
110,111,2,0,0.8783359914938863,0.43819279447520965,1
111,112,2,1,0.890723019670388,0.43002486895263803,1
112,113,2,1,0.9168527379053695,0.610181478639511,1
113,114,2,1,0.8839181286549707,0.6647313875766176,1
114,115,2,1,0.9504784688995216,0.5827701609548198,1
115,116,2,1,0.8905635300372141,0.43361191490935314,1
116,117,2,1,0.8634768740031897,0.5892924829199293,1
117,118,2,0,0.8940988835725677,0.4712666524910556,1
118,119,2,1,0.9456671982987773,0.439482466926142,1
119,120,2,1,0.9015417331206805,0.4391404032653212,1
120,121,2,1,0.8502126528442318,0.43876135974927655,1
121,122,2,1,0.8423710792131845,0.42048868878678336,1
122,123,2,1,0.9354332801701223,0.6100890290014515,1
123,124,2,1,0.9209197235513025,0.7629452605693048,1
124,125,2,1,0.918367889420521,0.7855954218939233,1
125,126,2,1,0.9263955342902712,0.5131694509415996,1
126,127,2,1,0.8949760765550239,0.7853411853892591,1
127,128,2,1,0.9599149388623072,0.5270646315419675,1
128,129,2,1,0.8989898989898991,0.5643079682343043,1
129,130,2,1,0.8555555555555556,0.46694463191176605,1
130,131,2,1,0.940696438064859,0.7678635813140792,1
131,132,2,1,0.9250132908027645,0.37911747575508237,1
132,133,2,0,0.8026049973418394,0.6558099975038597,1
133,134,2,1,0.8579744816586921,0.3559495964573298,1
134,135,2,1,0.8533227006911217,0.5625236902197528,1
135,136,2,1,0.5616693248272195,0.8198988600959628,1
136,137,2,1,0.849973418394471,0.37899266874370174,1
137,138,2,1,0.8666400850611377,0.6472075586824078,1
138,139,2,1,0.9056618819776715,0.6472815183928554,1
139,140,2,1,0.8729399255715045,0.4271219503175645,1
140,141,2,1,0.8447900053163212,0.6835818687769838,1
141,142,2,1,0.8476342371079214,0.44856564386550435,1
142,143,2,1,0.8366826156299841,0.6932890807732488,1
143,144,2,0,0.8940723019670388,0.37893257647896306,1
144,145,2,1,0.9389952153110047,0.9242328991281998,1
145,146,2,1,0.8388888888888889,0.5386162138175229,1
146,147,2,1,0.8633971291866028,0.4807519853559772,1
147,148,2,1,0.923444976076555,0.41616666820749404,1
148,149,2,1,0.9074694311536416,0.5776992983072471,1
149,150,2,0,0.9881180223285486,0.739573992067821,1
150,151,3,1,0.9614566719829877,0.4623175275268797,1
151,152,3,1,0.8240031897926634,0.5731415311509055,1
152,153,3,1,0.8976076555023923,0.5916869285456747,1
153,154,3,1,0.8593301435406698,0.5218181145820814,1
154,155,3,0,0.8991228070175439,0.46199857627557384,1
155,156,3,1,0.8843434343434344,0.5639936394649016,1
156,157,3,1,0.8928761297182349,0.5825390368596707,1
157,158,3,1,0.9522594364699628,0.5876422568805644,1
158,159,3,0,0.9291334396597556,0.4812234785100816,1
159,160,3,1,0.9389154704944178,0.5779257999204933,1
160,161,3,1,0.8007708665603402,0.5513326615326302,1
161,162,3,1,0.9274056353003721,0.4762959128015014,1
162,163,3,1,0.9054758107389688,0.5922046465188089,1
163,164,3,1,0.816347687400319,0.6008764225688057,1
164,165,3,1,0.8409888357256778,0.5872262335092958,1
165,166,3,1,0.9090111642743222,0.5499366719979291,1
166,167,3,1,0.9187400318979266,0.5823633825473573,1
167,168,3,1,0.8161350345560872,0.5917747557018315,1
168,169,3,1,0.8442317916002127,0.48051623877892524,1
169,170,3,0,0.7043859649122807,0.6239564747104015,1
170,171,3,1,0.9198564593301435,0.5686854585964296,1
171,172,3,0,0.9170653907496014,0.5547856555141586,1
172,173,3,1,0.8646198830409356,0.5638919448630358,1
173,174,3,1,0.9117756512493354,0.582455832185417,1
174,175,3,1,0.855156831472621,0.5824234748120961,1
175,176,3,1,0.9048378522062733,0.5685514066212431,1
176,177,3,1,0.8875066454013822,0.5731276637051966,1
177,178,3,1,0.827565124933546,0.5686392337773998,1
178,179,3,1,0.9592503987240829,0.5874111327854152,1
179,180,3,1,0.8740031897926634,0.5640306193201253,1
180,181,3,1,0.8190590111642743,0.39444562574537523,1
181,182,3,1,0.9379319510898458,0.5386300812632319,1
182,183,3,1,0.9398192450824029,0.5923063411206745,1
183,184,3,1,0.8607123870281764,0.5781199441604187,1
184,185,3,1,0.9192982456140351,0.5914927843057494,1
185,186,3,1,0.9371610845295055,0.6286159364686088,1
186,187,3,1,0.872434875066454,0.5872678358464227,1
187,188,3,1,0.9328814460393409,0.5915251416790703,1
188,189,3,1,0.8437267410951621,0.5641646712953118,1
189,190,3,1,0.8410154173312068,0.5732293583070622,1
190,191,3,1,0.9270600744284955,0.5732339807889653,1
191,192,3,1,0.8424508240297715,0.4852727726570951,1
192,193,3,1,0.9680223285486442,0.5828533656290736,1
193,194,3,1,0.8482987772461457,0.5079414239093254,1
194,195,3,1,0.7407761828814461,0.5638642099716179,1
195,196,3,1,0.8209728867623605,0.5825898841606034,1
196,197,3,1,0.9391812865497077,0.5623896382445662,1
197,198,3,1,0.8925305688463584,0.6944215888394797,1
198,199,3,1,0.7375332270069112,0.5823680050292603,1
199,200,3,1,0.8503987240829346,0.6657668235228859,1
200,201,4,1,0.8553429027113237,0.48482901439440873,1
201,202,4,1,0.7213184476342371,0.4070049090757809,1
202,203,4,1,0.7859117490696438,0.416712121072046,1
203,204,4,1,0.9274587985114301,0.4808120776207161,1
204,205,4,0,0.8584795321637427,0.5731091737775846,1
205,206,4,1,0.9149654439128124,0.7316279456765927,1
206,207,4,1,0.8999734183944711,0.4160002588589866,1
207,208,4,0,0.9070441254651781,0.946430057226326,1
208,209,4,1,0.8527113237639554,0.5727809775624728,1
209,210,4,1,0.847022860180755,0.5084129170634297,1
210,211,4,1,0.8681818181818182,0.4530170939380771,1
211,212,4,0,0.7865497076023392,0.5316270211802121,1
212,213,4,1,0.8843965975544922,0.42943781375095913,1
213,214,4,1,0.9078415736310473,0.870662956354526,1
214,215,4,0,0.8701222753854332,0.5285946730518549,1
215,216,4,1,0.8775119617224879,0.5179444747473814,1
216,217,4,1,0.9359914938862307,0.507775014560818,1
217,218,4,1,0.7504253056884637,0.4992280455222018,1
218,219,4,1,0.865257841573631,0.4162267604722327,1
219,220,4,1,0.8231525784157363,0.69406565773295,1
220,221,4,1,0.8513822434875067,0.5719027060009061,1
221,222,4,1,0.8951887293992558,0.46658407832333326,1
222,223,4,1,0.8629452418926103,0.5038181700518642,1
223,224,4,1,0.8495215311004785,0.5636007285031479,1
224,225,4,1,0.809197235513025,0.4957842965044792,1
225,226,4,1,0.8721690590111644,0.49909399354701534,1
226,227,4,1,0.8844497607655503,0.4578198526352769,1
227,228,4,1,0.7408293460925041,0.49577505154067314,1
228,229,4,1,0.8171451355661883,0.6936126545064577,1
229,230,4,1,0.7728070175438596,0.5090369521203325,1
230,231,4,1,0.7758904837852206,0.6110320153096601,1
231,232,4,0,0.8837586390217969,0.574116874832435,1
232,233,4,1,0.8538277511961722,0.47205247441456266,1
233,234,4,1,0.8661084529505583,0.506101676111938,1
234,235,4,1,0.8324827219564062,0.4251389055811847,1
235,236,4,1,0.8925039872408295,0.429807612303198,1
236,237,4,1,0.9261297182349814,0.5087965830613773,1
237,238,4,1,0.7622009569377991,0.3513317370362494,1
238,239,4,1,0.8012493354598618,0.5387595107565154,1
239,240,4,1,0.8689526847421585,0.5456331413462516,1
240,241,4,1,0.8066188197767146,0.9352390285392033,1
241,242,4,1,0.9355130249867092,0.4661819223977738,1
242,243,4,1,0.881525784157363,0.5315761738792792,1
243,244,4,1,0.8354066985645933,0.5084221620272356,1
244,245,4,1,0.8681818181818182,0.6144850092911887,1
245,246,4,1,0.8604731525784157,0.5546377360932633,1
246,247,4,1,0.937719298245614,0.4840709273623194,1
247,248,4,1,0.8503189792663477,0.785382787726386,1
248,249,4,1,0.7743221690590112,0.5578780959072545,1
249,250,4,1,0.8768740031897927,0.554670093466584,1
250,251,5,1,0.9094098883572568,0.7947155786885095,1
251,252,5,1,0.7572833599149389,0.5938733624857858,1
252,253,5,1,0.8998936735778842,0.4326365712278236,1
253,254,5,1,0.8486709197235512,0.4513160205977793,1
254,255,5,1,0.8513024986709197,0.36649347767803486,1
255,256,5,1,0.8643274853801169,0.5823957399206782,1
256,257,5,1,0.8542264752791068,0.47838989710355284,1
257,258,5,1,0.9123604465709729,0.772051549918182,1
258,259,5,1,0.8097820308346625,0.3760851276267254,1
259,260,5,1,0.8398458266879321,0.5220399937134246,1
260,261,5,1,0.9210260499734183,0.585220076363401,1
261,262,5,1,0.8374534821903242,0.42610038181700527,1
262,263,5,1,0.9331738437001594,0.591622213799033,1
263,264,5,1,0.9008240297713982,0.5368365582848743,1
264,265,5,0,0.9746411483253589,0.4852450377656772,1
265,266,5,1,0.8944976076555023,0.4761711057901208,1
266,267,5,1,0.9167995746943115,0.42095555945898466,1
267,268,5,0,0.8741626794258373,0.5513927537973689,1
268,269,5,1,0.8497341839447102,0.41612506587036713,1
269,270,5,1,0.8897660818713451,0.803433579557536,1
270,271,5,1,0.8489367357788411,0.8230883726090212,1
271,272,5,1,0.845826687931951,0.647406325404236,1
272,273,5,0,0.857070707070707,0.42520362032782644,1
273,274,5,1,0.8076555023923445,0.37429160464836775,1
274,275,5,1,0.830489101541733,0.7675584975084823,1
275,276,5,1,0.9035885167464114,0.7947710484713452,1
276,277,5,1,0.8630515683147262,0.7202797526047685,1
277,278,5,1,0.9159223817118555,0.4721033217154955,1
278,279,5,0,0.8619617224880384,0.4870755405992586,1
279,280,5,1,0.8444178628389154,0.29330572170809943,1
280,281,5,1,0.8120148856990962,0.4621973429974021,1
281,282,5,1,0.7875332270069112,0.4024055395823125,1
282,283,5,1,0.9705209994683679,0.6659008754980725,1
283,284,5,1,0.7569377990430622,0.3626244603252379,1
284,285,5,1,0.9051302498670919,0.7408682870006564,1
285,286,5,1,0.8156034024455077,0.37398652084277084,1
286,287,5,1,0.8334396597554492,0.8303872715338318,1
287,288,5,1,0.8762094630515682,0.43900635129013477,1
288,289,5,1,0.913237639553429,0.4410217533998353,1
289,290,5,1,0.7975279106858054,0.5356393354720017,1
290,291,5,1,0.9038809144072302,0.41329148446383823,1
291,292,5,1,0.9043593833067518,0.8883208372239223,1
292,293,5,1,0.7880914407230196,0.41672136603585197,1
293,294,5,1,0.8507442849548112,0.5342109885639797,1
294,295,5,1,0.8607389686337056,0.4577597603705381,1
295,296,5,1,0.9061137692716639,0.6853938816829532,1
296,297,5,1,0.8467038809144073,0.6691967050948996,1
297,298,5,1,0.8772195640616693,0.6472768959109525,1
298,299,5,1,0.907123870281765,0.7357142196788299,1
299,300,5,0,0.7689261031366295,0.7208344504331266,1
300,301,6,1,0.8132376395534291,0.4561973614873298,1
301,302,6,1,0.7621477937267411,0.40535006055451295,1
302,303,6,1,0.8148591174906965,0.4534839646102786,1
303,304,6,1,0.9309941520467835,0.7881793892776909,1
304,305,6,1,0.8624933545986178,0.4338522839683083,1
305,306,6,1,0.9494417862838915,0.4888551961319072,1
306,307,6,1,0.7202020202020203,0.4344994314347259,1
307,308,6,1,0.8764221158958001,0.4311897343921899,1
308,309,6,1,0.8758373205741627,0.41687853042055334,1
309,310,6,1,0.910074428495481,0.3887461055589967,1
310,311,6,1,0.8700956937799043,0.4038847337912672,1
311,312,6,1,0.8603136629452418,0.40344559801048374,1
312,313,6,0,0.9377458798511431,0.42544861186868455,1
313,314,6,1,0.9461988304093567,0.4318831066776374,1
314,315,6,1,0.8549441786283891,0.4295764882080486,1
315,316,6,1,0.8363636363636364,0.6467684229016244,1
316,317,6,1,0.8929027113237641,0.3806891196020967,1
317,318,6,1,0.7824295587453481,0.47541301875803155,1
318,319,6,1,0.8245614035087719,0.8039697874582821,1
319,320,6,1,0.7540669856459331,0.8365998872114416,1
320,321,6,1,0.6889952153110047,0.44036073848770885,1
321,322,6,1,0.9849813928761297,0.6288424380818549,1
322,323,6,1,0.9288942052099948,0.44752096295543,1
323,324,6,1,0.9337586390217968,0.8133580482032412,1
324,325,6,1,0.68160552897395,0.6928175876191445,1
325,326,6,1,0.767384370015949,0.3696783677091904,1
326,327,6,1,0.9223285486443382,0.5362818604565164,1
327,328,6,1,0.9235247208931419,0.6659933251361321,1
328,329,6,1,0.8956671982987774,0.6703199681973245,1
329,330,6,1,0.8724614566719829,0.5550583819464346,1
330,331,6,1,0.8995746943115365,0.43834071389610507,1
331,332,6,1,0.8912546517809675,0.6472399160557287,1
332,333,6,1,1.0,0.6192923904702913,1
333,334,6,1,0.8349813928761297,0.5683202825260939,1
334,335,6,1,0.8782828282828283,0.440064899645918,1
335,336,6,1,0.7488569909622541,0.4582266310427394,1
336,337,6,1,0.8919191919191919,0.591340242402951,1
337,338,6,1,0.6264752791068581,0.5546469810570691,1
338,339,6,1,0.920414673046252,0.43772592380300823,1
339,340,6,1,0.7557150451887293,0.47290301108471167,1
340,341,6,1,0.9421052631578948,0.34673236754278114,1
341,342,6,1,0.9270069112174375,0.464748953007849,1
342,343,6,1,0.9026581605528974,0.46708330636885553,1
343,344,6,1,0.849893673577884,0.4529153993362116,1
344,345,6,0,0.8359649122807018,0.6707914613514289,1
345,346,6,1,0.8099149388623074,0.7397727587896492,1
346,347,6,1,0.810287081339713,0.7718943855334806,1
347,348,6,1,0.9237107921318448,0.3531021476050922,1
348,349,6,1,0.8125730994152046,0.44394778444442395,1
349,350,6,0,0.8207070707070707,0.5177041056884263,1
350,351,7,1,0.4240563530037216,0.4441003263472223,1
351,352,7,0,0.6757044125465178,0.49735594035149355,1
352,353,7,1,0.7269537480063797,0.5084637643643625,1
353,354,7,0,0.5834662413609782,0.5673819186997883,1
354,355,7,1,0.7422647527910686,0.5419351558238649,1
355,356,7,1,0.32838915470494423,0.2861686096498932,1
356,357,7,1,0.6447102604997342,0.6366359425702848,1
357,358,7,1,0.8245614035087719,0.5730583264766519,1
358,359,7,1,0.7374534821903244,0.5547579206227408,1
359,360,7,0,0.5696172248803828,0.5750737285863525,1
360,361,7,1,0.5842371079213184,0.2842364122144462,1
361,362,7,1,0.8307549175970229,0.40634389416365435,1
362,363,7,0,0.6349282296650718,0.4955023251083972,1
363,364,7,1,0.7381180223285486,0.38959201974724267,1
364,365,7,0,0.569351408825093,0.535255669474054,1
365,366,7,1,0.7791068580542264,0.7124122884058909,1
366,367,7,1,0.555236576289208,0.8554226335203898,1
367,368,7,1,0.4772727272727273,0.2626586666913199,1
368,369,7,1,0.6812865497076023,0.37903427108082866,1
369,370,7,1,0.872514619883041,0.5361662984089417,1
370,371,7,1,0.7956406166932483,0.5596207715846793,1
371,372,7,1,0.5812865497076024,0.6420534913605813,1
372,373,7,1,0.7897660818713451,0.34661218301330354,1
373,374,7,0,0.5239234449760766,0.47049469801325716,1
374,375,7,0,0.5111642743221692,0.49751772721809795,1
375,376,7,1,0.773551302498671,0.47618497323582976,1
376,377,7,1,0.8724614566719829,0.3698586445034068,1
377,378,7,1,0.8383572567783094,0.48154705224329053,1
378,379,7,1,0.5384370015948964,0.5803202455462386,1
379,380,7,1,0.811244019138756,0.61966218902253,1
380,381,7,1,0.8593035619351409,0.46223894533452903,1
381,382,7,1,0.8726209463051569,0.9186859208446199,1
382,383,7,1,0.8359117490696438,0.41532075401924806,1
383,384,7,1,0.7847687400318979,0.4221620272356633,1
384,385,7,1,0.9404837852206273,0.4531419009494577,1
385,386,7,1,0.8643540669856459,0.5362079007460686,1
386,387,7,1,0.8030303030303031,0.5226455388427155,1
387,388,7,1,0.9004253056884636,0.5132110532787264,1
388,389,7,1,0.784688995215311,0.4298538371222277,1
389,390,7,1,0.8299308878256247,0.4993667199792913,1
390,391,7,1,0.5769271664008506,0.4952850684589569,1
391,392,7,1,0.8465975544922913,0.5268843547477511,1
392,393,7,1,0.848032961190856,0.42038237170301485,1
393,394,7,1,0.8688463583200426,0.378923331515157,1
394,395,7,1,0.8814460393407761,0.425319182375401,1
395,396,7,1,0.8870015948963318,0.5178289126998068,1
396,397,7,1,0.7311536416799574,0.46222507788882006,1
397,398,7,1,0.8937533227006912,0.9256427561086098,1
398,399,7,1,0.7767676767676767,0.4993066277145526,1
399,400,7,1,0.6182881446039341,0.6656373940296023,1
400,401,8,1,0.9311536416799574,0.6247099392605878,1
401,402,8,1,0.7923710792131845,0.4861602891824678,1
402,403,8,1,0.8216640085061138,0.5465715051725573,1
403,404,8,1,0.8896065922381712,0.6466990856730795,1
404,405,8,1,0.9540935672514619,0.6645834681557222,1
405,406,8,1,0.7766613503455608,0.5307348821729363,1
406,407,8,1,0.8035087719298245,0.5697532519160188,1
407,408,8,1,0.9212387028176502,0.4158107371009643,1
408,409,8,1,0.8014088250930357,0.6511320458180406,1
409,410,8,1,0.9630781499202551,0.46882598204628023,1
410,411,8,1,0.9104731525784157,0.47685523311176237,1
411,412,8,1,0.9548644338118022,0.6227592518975288,1
412,413,8,1,0.8656831472620947,0.6812844952712009,1
413,414,8,1,0.9583732057416268,0.4253931420858488,1
414,415,8,1,0.7277511961722489,0.6769578522100085,1
415,416,8,1,0.9281765018607124,0.6359379478029343,1
416,417,8,1,0.9564327485380116,0.8037479083269389,1
417,418,8,1,0.9355130249867092,0.4808120776207161,1
418,419,8,1,0.8395268474215843,0.4339955809073007,1
419,420,8,1,0.8782296650717702,0.6534987565523681,1
420,421,8,1,0.7834130781499202,0.47231595588303277,1
421,422,8,1,0.9008771929824562,0.49352852533582336,1
422,423,8,1,0.9215045188729398,0.6380966468516276,1
423,424,8,1,0.8573896863370547,0.5533480636423308,1
424,425,8,1,0.7287612971823498,0.7274769569277135,1
425,426,8,1,0.922488038277512,0.4104070557563767,1
426,427,8,1,0.8394736842105263,0.48125121340149957,1
427,428,8,1,0.6749069643806486,0.7017528451376113,1
428,429,8,1,0.7316321105794791,0.5212587942718204,1
429,430,8,1,0.8205741626794258,0.5435206671165883,1
430,431,8,1,0.8497873471557682,0.5456054064548337,1
431,432,8,1,0.9724082934609252,0.6012046187839175,1
432,433,8,1,0.9831206804891016,0.48444997087836406,1
433,434,8,1,0.9555023923444976,0.5642756108609834,1
434,435,8,1,0.9763689526847421,0.46828052918172824,1
435,436,8,1,0.9244019138755981,0.46607098283210224,1
436,437,8,1,0.8437533227006911,0.6102600608318619,1
437,438,8,1,0.9029771398192451,0.6777760315068366,1
438,439,8,1,0.9136097820308346,0.43916351567483614,1
439,440,8,1,0.9072567783094098,0.6457653443286769,1
440,441,8,1,0.7157894736842105,0.5783094659184409,1
441,442,8,1,0.8629186602870813,0.8223349080588349,1
442,443,8,1,0.9026581605528974,0.4701110320153097,1
443,444,8,1,0.8005316321105795,0.6249687982471549,1
444,445,8,1,0.6602870813397129,0.6475588673070345,1
445,446,8,1,0.8362838915470495,0.6474248153318479,1
446,447,8,1,0.9124136097820308,0.5639982619468045,1
447,448,8,1,0.9385964912280701,0.5673310713988554,1
448,449,8,1,0.9718500797448166,0.6001922952471641,1
449,450,8,1,0.9392876129718235,0.8321345696931597,1
450,451,9,1,0.8575491759702286,0.8263379773868185,1
451,452,9,1,0.8992291334396598,0.5453465474682667,1
452,453,9,1,0.8629186602870813,0.4330341046714803,1
453,454,9,1,0.8156565656565656,0.777358159142807,1
454,455,9,1,0.8017809675704413,0.587457357604445,1
455,456,9,1,0.889792663476874,0.5223774348923423,1
456,457,9,1,0.9233918128654971,0.5548827276341214,1
457,458,9,1,0.8852206273258906,0.39303114628306235,1
458,459,9,1,0.858107389686337,0.684062606894894,1
459,460,9,1,0.9241095162147793,0.4764392097404938,1
460,461,9,1,0.8577086656034024,0.6741520056948977,1
461,462,9,1,0.8998936735778842,0.637708358371777,1
462,463,9,1,0.8737373737373737,0.5406778407462536,1
463,464,9,1,0.8997341839447103,0.3695581831797129,1
464,465,9,1,0.8649122807017544,0.4254809692420054,1
465,466,9,1,0.9344763423710791,0.5688241330535191,1
466,467,9,1,0.8958532695374801,0.5314744792774136,1
467,468,9,1,0.9236044657097288,0.8144119740771215,1
468,469,9,1,0.9161881977671452,0.47618035075392684,1
469,470,9,1,0.8451089845826688,0.6286667837695415,1
470,471,9,0,0.8251993620414673,0.5455360692262889,1
471,472,9,0,0.9358320042530569,0.4531187885399428,1
472,473,9,1,0.8640616693248273,0.4759446041768747,1
473,474,9,0,0.7158160552897395,0.4343099096767036,1
474,475,9,1,0.7956937799043062,0.475278966782845,1
475,476,9,1,0.8041467304625199,0.6698207401518023,1
476,477,9,1,0.9029505582137161,0.5261308901975649,1
477,478,9,0,0.7975810738968634,0.6287915907809221,1
478,479,9,0,0.9254120148856991,0.842040548411253,1
479,480,9,1,0.8670122275385433,0.6565542170902401,1
480,481,9,1,0.8480861244019139,0.8322778666321522,1
481,482,9,1,0.8653907496012759,0.7167204415394715,1
482,483,9,1,0.7433014354066986,0.4841818669279909,1
483,484,9,1,0.8654439128123339,0.4508630173712871,1
484,485,9,1,0.8478468899521531,1.0,1
485,486,9,0,0.8421850079744816,0.6608623702238207,1
486,487,9,1,0.8759702286018076,0.4907041888931005,1
487,488,9,1,0.9216108452950559,0.5222711178085737,1
488,489,9,1,0.8914673046251994,0.5647702164246027,1
489,490,9,1,0.9432482721956407,0.5224005473018573,1
490,491,9,1,0.9332004253056885,0.5547255632494199,1
491,492,9,1,0.9068846358320043,0.7210840644558877,1
492,493,9,1,0.889819245082403,0.8320790999103239,1
493,494,9,1,0.8167464114832537,0.5916407037266449,1
494,495,9,1,0.8938862307283358,0.7308328787892795,1
495,496,9,0,0.9065124933545986,0.49466565588395717,1
496,497,9,1,0.9169590643274853,0.7484584022853551,1
497,498,9,1,0.9043062200956937,0.5732154908613533,1
498,499,9,1,0.8910951621477937,0.5641877837048268,1
499,500,9,1,0.9043593833067518,0.6477391441012508,1
500,501,10,1,0.830489101541733,0.64770678672793,1
501,502,10,1,0.8243487506645402,0.39228230421477894,1
502,503,10,1,0.670414673046252,0.6011306590734696,1
503,504,10,1,0.8115098351940457,0.730726561705511,1
504,505,10,0,0.8077618288144605,0.45721430750598613,0
505,506,10,1,0.7445773524720893,0.5543280298057633,1
506,507,10,1,0.8767942583732058,0.7904675178196677,1
507,508,10,1,0.8579479000531632,0.4160187487865985,1
508,509,10,1,0.8550239234449761,0.619676056468239,1
509,510,10,1,0.6839712918660288,0.5318489003115553,1
510,511,10,1,0.8409356725146199,0.4159540340399568,1
511,512,10,1,0.6854066985645934,0.7019146320042157,1
512,513,10,1,0.8544391281233387,0.520805791045328,1
513,514,10,1,0.7638224348750665,0.5270415191324527,1
514,515,10,1,0.8272727272727273,0.35159521850471953,1
515,516,10,1,0.7780967570441255,0.3182578790204036,1
516,517,10,1,0.7814726209463052,0.5131093586768607,1
517,518,10,0,0.8813397129186603,0.41657344661495643,1
518,519,10,1,0.8155502392344498,0.39943790620059727,1
519,520,10,1,0.8127591706539075,0.4369123669880832,1
520,521,10,1,0.9211057947900052,0.42947017112428,1
521,522,10,1,0.8161350345560872,0.45279983728863704,1
522,523,10,1,0.8722753854332802,0.44686919300710937,1
523,524,10,0,0.7971026049973418,0.43519742620207635,1
524,525,10,1,0.7315523657628921,0.3463995488457663,1
525,526,10,1,0.7026315789473685,0.6045559181635803,1
526,527,10,0,0.7412546517809675,0.774584670001017,1
527,528,10,1,0.8237373737373738,0.5914742943781375,1
528,529,10,1,0.8759702286018076,0.5265515360507363,1
529,530,10,1,0.81632110579479,0.7729852912625846,1
530,531,10,1,0.7574694311536416,0.6017731840579844,1
531,532,10,1,0.6312333864965444,0.3845350245453789,1
532,533,10,1,0.7982987772461456,0.32827479730416853,1
533,534,10,1,0.8056353003721425,0.49010788872761557,1
534,535,10,1,0.8942583732057416,0.5550630044283377,1
535,536,10,1,0.8372939925571504,0.6549640833156138,1
536,537,10,0,0.7301435406698564,0.636580472787449,1
537,538,10,1,0.8592503987240829,0.5825760167148946,1
538,539,10,1,0.9022062732589048,0.7397496463801343,1
539,540,10,1,0.840802764486975,0.6593092163044182,1
540,541,10,0,0.764274322169059,0.5976545526824263,1
541,542,10,1,0.8607655502392345,0.4250094760879011,1
542,543,10,1,0.9016214779372674,0.4485425314559893,1
543,544,10,1,0.8346624136097821,0.443675058012148,1
544,545,10,0,0.6947900053163212,0.36648885519613184,1
545,546,10,0,0.7564593301435407,0.3712638790019136,1
546,547,10,1,0.9168793195108984,0.5975852154538814,1
547,548,10,0,0.8555289739500266,0.5363327077574491,1
548,549,10,0,0.7807017543859649,0.508898277663243,1
549,550,10,1,0.8761297182349815,0.6290550722493922,1
550,551,11,1,0.8059276980329612,0.6140689859199201,1
551,552,11,1,0.7859383306751728,0.3586537483705752,1
552,553,11,1,0.5580010632642212,0.7613551267946785,1
553,554,11,1,0.9169324827219564,0.6563970527055387,1
554,555,11,1,0.7488569909622541,0.4548337293259497,1
555,556,11,1,0.7431951089845826,0.6942551794909723,1
556,557,11,1,0.8996012759170654,0.5501677960930783,1
557,558,11,1,0.8663742690058479,0.4326966634925624,1
558,559,11,0,0.9051302498670919,0.7210701970101788,1
559,560,11,1,0.8876129718234981,0.5778841975833665,1
560,561,11,1,0.4337320574162681,0.3181977867556649,1
561,562,11,1,0.7509037745879851,0.5883448741298177,1
562,563,11,1,0.9031897926634768,0.7947433135799273,1
563,564,11,1,0.7930622009569378,0.429807612303198,1
564,565,11,1,0.858107389686337,0.6244788151654387,1
565,566,11,1,0.7866826156299841,0.4478537816524448,1
566,567,11,1,0.7493620414673046,0.3742453798293379,1
567,568,11,1,0.8886230728335992,0.37917756801982117,1
568,569,11,1,0.7812068048910153,0.6471659563452808,1
569,570,11,1,0.9254120148856991,0.805116162970222,1
570,571,11,1,0.789792663476874,0.5914095796314958,1
571,572,11,1,0.8419457735247209,0.6200181201290597,1
572,573,11,1,0.8284423179160021,0.6655310769458338,1
573,574,11,0,0.892796384901648,0.508329712389176,1
574,575,11,1,0.881525784157363,0.7757264230310537,1
575,576,11,1,0.7995215311004784,0.5400491832074478,1
576,577,11,1,0.8045720361509835,0.5735760444497859,1
577,578,11,1,0.8162413609782031,0.34667227527804223,1
578,579,11,1,0.7250132908027646,0.36460288257971474,1
579,580,11,1,0.8787347155768209,0.364001959932327,1
580,581,11,1,0.8789207868155237,0.3559634639030389,1
581,582,11,1,0.6043593833067518,0.7318452023260328,1
582,583,11,1,0.8705209994683678,0.4273068495936838,1
583,584,11,1,0.8736044657097288,0.40593711575619174,1
584,585,11,1,0.8491228070175438,0.6470688842253183,1
585,586,11,1,0.7681020733652313,0.5829042129300064,1
586,587,11,1,0.7912280701754386,0.43961189641942555,1
587,588,11,1,0.7868952684742158,0.5419721356790889,1
588,589,11,0,0.8635832004253058,0.3838046724047075,1
589,590,11,1,0.8437799043062201,0.6563970527055387,1
590,591,11,1,0.8360712387028176,0.8045059953590281,1
591,592,11,1,0.8812333864965443,0.5916499486904508,1
592,593,11,0,0.8073099415204678,0.47755785036101583,1
593,594,11,1,0.8977405635300372,0.5846052862703043,1
594,595,11,1,0.8847155768208399,0.6016345096008949,1
595,596,11,1,0.9210260499734183,0.365911044958259,1
596,597,11,1,0.903987240829346,0.42044246396775353,1
597,598,11,1,0.7489633173843699,0.5356116005805838,1
598,599,11,1,0.9392876129718235,0.30904989506966074,1
599,600,11,1,0.8119085592769804,0.5650614327844906,1
600,601,12,1,0.8777246145667198,0.4159355441123449,1
601,602,12,1,0.8847953216374268,0.34216073294073057,1
602,603,12,1,0.9394205209994683,0.6009919846163801,1
603,604,12,1,0.915443912812334,0.5733310529089278,1
604,605,12,1,0.9482721956406167,0.5546608485027781,1
605,606,12,1,0.9206539074960128,0.5733402978727338,1
606,607,12,1,0.9370281765018608,0.5640491092477373,1
607,608,12,1,0.926448697501329,0.6011999963020145,1
608,609,12,1,0.8940457203615098,0.555247903704457,1
609,610,12,1,0.9241360978203084,0.5085562140024221,1
610,611,12,1,0.9109516214779373,0.35216378377878654,1
611,612,12,1,0.9264221158958001,0.8228849834052899,1
612,613,12,1,0.9467038809144072,0.4343561344957334,1
613,614,12,1,0.9326156299840511,0.6470596392615122,1
614,615,12,1,0.9348484848484848,0.4621696081059843,1
615,616,12,1,0.9040138224348749,0.7213799032976785,1
616,617,12,1,0.9417862838915472,0.5776992983072471,1
617,618,12,1,0.8783625730994152,0.5364205349136059,1
618,619,12,1,0.8907496012759171,0.4763698725119492,1
619,620,12,1,0.9378522062732589,0.7396803091515897,1
620,621,12,1,0.9223019670388091,0.5822663104273946,1
621,622,12,1,0.9341307814992025,0.5825482818234767,1
622,623,12,1,0.8861509835194046,0.8085645344698474,1
623,624,12,1,0.9482987772461456,0.749886749193377,1
624,625,12,1,0.8784954811270601,0.4860216147253783,1
625,626,12,1,0.8549175970228602,0.4510432941655034,1
626,627,12,1,0.8892876129718236,0.47375354775486045,1
627,628,12,1,0.9359117490696438,0.6661782244122515,1
628,629,12,1,0.9432748538011696,0.7947479360618303,1
629,630,12,1,0.8702020202020202,0.915085007442196,1
630,631,12,1,0.9540935672514619,0.6645834681557222,1
631,632,12,1,0.9388888888888889,0.7212597187682009,1
632,633,12,0,0.9414673046251995,0.41606959608753136,1
633,634,12,1,0.9511695906432748,0.7402858542808805,1
634,635,12,1,0.926528442317916,0.7399530355838657,1
635,636,12,1,0.9131313131313131,0.4946471659563453,1
636,637,12,1,0.8552631578947368,0.4273438294489077,1
637,638,12,0,0.9468102073365232,0.4485563989016983,1
638,639,12,0,0.9217437533227006,0.6800040677840746,1
639,640,12,1,0.9090111642743222,0.6284079247829745,1
640,641,12,1,0.896863370547581,0.5548596152246064,1
641,642,12,1,0.8969431153641679,0.5547671655865467,1
642,643,12,1,0.8704678362573098,0.46817421209795973,1
643,644,12,1,0.8876129718234981,0.6290781846589071,1
644,645,12,1,0.8932482721956406,0.5871846311721689,1
645,646,12,1,0.926528442317916,0.6794493699557166,1
646,647,12,1,0.9092503987240829,0.6383139035010678,1
647,648,12,1,0.9109516214779373,0.7499006166390858,1
648,649,12,1,0.9503987240829346,0.59130788502963,1
649,650,12,1,0.9068580542264754,0.6562953581036729,1
650,651,13,1,0.8849813928761298,0.6409163608124475,1
651,652,13,1,0.7361244019138756,0.4789861972690377,1
652,653,13,0,0.8956140350877193,0.531354294747936,1
653,654,13,1,0.8842371079213184,0.9393160575776345,1
654,655,13,1,0.6218766613503456,0.5614558969001636,1
655,656,13,1,0.6578415736310473,0.4651372414876995,1
656,657,13,1,0.7500797448165869,0.47142381687575696,1
657,658,13,1,0.6885167464114832,0.5401601227731193,1
658,659,13,0,0.7766879319510899,0.4362790869673745,1
659,660,13,1,0.8612971823498139,0.5976175728272024,1
660,661,13,0,0.8033227006911218,0.5129198369188385,1
661,662,13,1,0.8366294524189261,0.548300313404273,1
662,663,13,0,0.6493620414673046,0.5587286325774035,1
663,664,13,1,0.7668261562998406,0.8033411299194764,1
664,665,13,1,0.6834928229665073,0.7668697477049378,1
665,666,13,1,0.5924242424242424,0.3735704974715024,1
666,667,13,1,0.6741095162147793,0.9088030545360414,1
667,668,13,1,0.8434077618288144,0.44279678645058107,1
668,669,13,1,0.7862573099415204,0.4479739661819224,1
669,670,13,1,0.7139819245082403,0.42528682500208004,1
670,671,13,1,0.7181286549707603,0.5090323296384295,1
671,672,13,1,0.8762626262626263,0.3383795427440901,1
672,673,13,1,0.777511961722488,0.37072767110116767,1
673,674,13,1,0.8722488038277513,0.6966958499357475,1
674,675,13,1,0.763237639553429,0.6022492996939918,1
675,676,13,1,0.7879851143009038,0.6269610879473406,1
676,677,13,1,0.6941254651780968,0.686290643172132,1
677,678,13,1,0.8011164274322169,0.6625495761184095,1
678,679,13,1,0.7828548644338118,0.5673403163626615,1
679,680,13,1,0.7880382775119618,0.8574842604491203,1
680,681,13,1,0.8947368421052632,0.5616546636219919,1
681,682,13,1,0.8785752259436471,0.6146329287120841,1
682,683,13,1,0.7444178628389154,0.4482975399151312,1
683,684,13,0,0.7981127060074429,0.5913772222581749,1
684,685,13,0,0.6552099946836789,0.39909584253977637,1
685,686,13,1,0.7727272727272727,0.5296624663714442,1
686,687,13,1,0.7469696969696971,0.6093401869331682,1
687,688,13,0,0.778575225943647,0.5669797627742288,1
688,689,13,1,0.7068580542264753,0.8323287139330848,1
689,690,13,0,0.8360712387028176,0.5862000425268334,1
690,691,13,0,0.8854864433811802,0.4853744672589606,1
691,692,13,1,0.7712652844231792,0.5027411317684691,1
692,693,13,1,0.777511961722488,0.4567890391709116,1
693,694,13,1,0.7166400850611376,0.316760194883837,1
694,695,13,1,0.7827485380116959,0.5824789445949319,1
695,696,13,1,0.8258639021796916,0.5852755461462368,1
696,697,13,1,0.8507442849548112,0.41245943772130134,1
697,698,13,1,0.6915736310473153,0.9584993574750155,1
698,699,13,0,0.8334662413609782,0.5290569212421533,1
699,700,13,1,0.8313131313131313,0.45450091062893483,1
