playlist,danceability,energy,key,loudness,mode,speechiness,acousticness,instrumentalness,liveness,valence,tempo,duration_ms
0,0.598,0.735,2,-10.882,1,0.0973,0.44,0.000215,0.681,0.615,111.129,321133
0,0.692,0.493,9,-9.662,0,0.0325,0.0934,0.00166,0.128,0.28,86.644,301133
0,0.821,0.376,0,-13.622,1,0.0487,0.669,1.39E-05,0.106,0.824,119.039,170000
0,0.711,0.483,11,-11.211,1,0.0298,0.434,0.012,0.0284,0.884,91.652,169998
0,0.661,0.342,9,-16.361,0,0.043,0.844,0.000128,0.26,0.588,146.118,188400
0,0.542,0.588,2,-9.268,1,0.0665,0.67,0.158,0.241,0.881,113.948,238533
0,0.745,0.436,5,-9.617,0,0.043,0.597,0.0213,0.61,0.771,114.216,188200
0,0.294,0.736,7,-7.961,0,0.151,0.282,0.0418,0.102,0.753,208.576,314880
0,0.541,0.283,0,-13.659,1,0.0527,0.805,0.0367,0.0736,0.564,76.828,228627
0,0.596,0.545,11,-8.913,0,0.064,0.456,5.53E-05,0.329,0.718,146.953,179733
0,0.353,0.921,2,-5.64,1,0.0758,0.0488,0.065,0.314,0.526,145.589,271653
0,0.513,0.546,0,-15.672,1,0.0391,0.333,0,0.17,0.834,85.527,164547
0,0.565,0.526,0,-11.352,1,0.0365,0.0339,0.000119,0.11,0.637,167.936,204333
0,0.676,0.334,5,-10.572,1,0.0508,0.862,0,0.32,0.867,158,162040
0,0.675,0.311,9,-11.959,1,0.0525,0.93,0.000261,0.102,0.638,97.159,149560
0,0.629,0.0192,4,-19.952,1,0.0833,0.989,4.30E-05,0.106,0.335,169.254,188160
0,0.256,0.423,6,-11.994,1,0.035,0.000788,0.402,0.25,0.441,173.27,320907
0,0.606,0.301,0,-11.402,1,0.0423,0.545,0.00194,0.0419,0.457,100.979,183027
0,0.613,0.934,0,-3.711,1,0.0342,0.0406,0.000313,0.0882,0.776,107.273,283267
0,0.582,0.302,9,-11.624,1,0.0353,0.947,0.0107,0.0931,0.642,94.288,144427
0,0.678,0.612,4,-9.764,1,0.0339,0.101,0.318,0.164,0.857,118.381,216627
0,0.797,0.431,0,-16.457,1,0.0625,0.414,0.0359,0.138,0.809,109.893,366733
0,0.633,0.625,0,-10.951,1,0.0436,0.492,0.000418,0.204,0.841,103.355,147800
0,0.678,0.551,1,-7.332,1,0.0261,0.266,0.00322,0.254,0.767,97.767,280453
0,0.393,0.358,5,-9.598,0,0.0471,0.33,0.0313,0.12,0.598,180.075,383760
0,0.803,0.288,7,-15.418,0,0.0629,0.865,0.0593,0.0833,0.865,115.685,259160
0,0.673,0.481,9,-9.88,1,0.0488,0.0764,4.00E-05,0.127,0.767,117.087,178973
0,0.277,0.479,5,-8.483,0,0.0495,0.585,0.0224,0.16,0.483,53.905,230360
0,0.433,0.7,11,-8.197,1,0.163,0.843,0.324,0.102,0.8,80.623,176186
0,0.656,0.551,2,-14.141,1,0.0889,0.171,0.000155,0.0676,0.773,125.659,247507
0,0.462,0.796,9,-6.202,1,0.0322,0.384,0,0.296,0.824,204.028,264240
0,0.425,0.781,2,-4.124,1,0.0645,0.622,0.000648,0.154,0.862,198.018,155211
0,0.633,0.553,5,-8.485,1,0.0603,0.871,0.00266,0.0555,0.846,159.12,147478
0,0.469,0.236,7,-16.981,1,0.0364,0.407,0.0434,0.215,0.415,82.232,399173
0,0.517,0.607,2,-3.952,1,0.0363,0.97,0.0324,0.264,0.556,87.218,219000
0,0.697,0.637,11,-11.672,0,0.0376,0.482,5.13E-05,0.257,0.807,102.514,245840
0,0.73,0.235,0,-15.276,1,0.0355,0.527,0.0112,0.0663,0.624,87.226,247373
0,0.746,0.56,5,-14.789,1,0.0565,0.494,0,0.316,0.854,124.68,184960
0,0.333,0.603,0,-8.339,1,0.176,0.331,0.0268,0.982,0.525,207.8,292373
0,0.705,0.483,1,-12.209,1,0.0542,0.15,0.0265,0.202,0.713,122.863,181786
0,0.657,0.642,7,-12.98,1,0.085,0.926,0.0165,0.12,0.737,110.543,163027
0,0.642,0.599,11,-14.734,0,0.277,0.0146,0.00238,0.164,0.889,155.9,228533
0,0.321,0.625,2,-5.219,0,0.0302,0.491,5.08E-05,0.345,0.777,107.338,212600
0,0.6,0.496,3,-9.537,1,0.062,0.759,0,0.0564,0.621,114.451,616560
0,0.57,0.241,4,-12.138,1,0.0473,0.948,0.0224,0.111,0.543,115.352,181893
0,0.477,0.433,11,-6.473,0,0.0247,0.689,0.000195,0.151,0.611,82.52,156653
0,0.444,0.331,11,-15.307,0,0.225,0.931,0.00253,0.0695,0.876,81.155,143673
0,0.775,0.499,4,-7.181,1,0.0415,0.496,0.0219,0.114,0.862,121.056,232707
0,0.64,0.496,2,-11.124,1,0.0413,0.616,4.63E-05,0.183,0.954,116.632,253333
0,0.629,0.275,4,-17.572,1,0.0606,0.889,0.00747,0.107,0.666,81.98,201733
0,0.542,0.941,7,-2.225,1,0.0621,0.052,0.000191,0.056,0.445,82.371,243160
0,0.587,0.413,4,-11.317,0,0.059,0.661,0.0853,0.269,0.548,107.431,324560
0,0.713,0.621,9,-4.72,0,0.054,0.0157,0.0181,0.165,0.96,126.253,209787
0,0.569,0.837,0,-7.876,1,0.0305,0.0291,0.033,0.332,0.493,95.909,232760
0,0.512,0.26,9,-11.68,1,0.0245,0.314,0.269,0.11,0.241,104.15,197520
0,0.498,0.971,5,-4.332,1,0.064,0.0231,0.00449,0.244,0.803,169.908,229667
0,0.516,0.476,4,-15.14,0,0.0521,0.508,0.73,0.104,0.55,103.409,261453
0,0.611,0.337,0,-11.391,1,0.0597,0.544,0.23,0.377,0.734,84.545,250120
0,0.567,0.687,9,-10.536,1,0.0435,0.29,0.426,0.121,0.625,99.93,267480
0,0.34,0.598,0,-9.668,1,0.0741,0.0853,0.118,0.0969,0.697,215.918,210253
0,0.648,0.242,11,-11.319,0,0.0399,0.577,0.0124,0.104,0.294,130.885,282627
0,0.675,0.282,7,-12.316,1,0.0426,0.886,0,0.0321,0.807,72.057,173893
0,0.405,0.419,5,-12.522,0,0.0466,0.481,0.00549,0.396,0.684,205.583,213133
0,0.714,0.11,10,-16.337,1,0.127,0.983,0.00122,0.075,0.387,84.574,151893
0,0.449,0.474,2,-10.986,1,0.162,0.769,0.000486,0.226,0.572,170.564,429040
0,0.539,0.398,9,-6.513,1,0.0253,0.661,0.000519,0.191,0.588,81.579,156667
0,0.664,0.427,0,-6.864,1,0.048,0.589,0,0.0689,0.87,131.509,157453
0,0.669,0.157,6,-13.713,0,0.0575,0.962,0.167,0.117,0.326,152.146,188867
0,0.501,0.454,5,-8.54,0,0.0282,0.637,0.0132,0.147,0.557,97.189,229960
0,0.683,0.502,9,-8.83,1,0.0401,0.799,0.000116,0.138,0.5,146.138,186827
0,0.609,0.0419,4,-15.073,0,0.0666,0.996,0.0371,0.205,0.338,95.847,169297
0,0.441,0.682,2,-5.336,1,0.0324,0.411,0.00202,0.141,0.55,133.349,301640
0,0.189,0.39,9,-14.497,0,0.0353,0.257,0.000152,0.122,0.32,169.563,370867
0,0.725,0.327,0,-17.714,1,0.0387,0.113,0.326,0.214,0.688,110.438,187760
0,0.433,0.372,10,-13.595,1,0.0361,0.353,0.000438,0.286,0.395,77.294,271200
0,0.699,0.633,11,-6.249,1,0.0261,0.436,9.32E-05,0.0291,0.907,91.398,167040
0,0.333,0.732,9,-5.728,1,0.0488,0.477,0.000144,0.363,0.816,138.255,193413
0,0.507,0.66,2,-4.957,1,0.0306,0.0115,0.336,0.322,0.696,100.783,175040
0,0.47,0.904,2,-5.389,1,0.0486,0.0756,0.00106,0.248,0.553,180.311,378827
0,0.477,0.29,4,-18.066,1,0.0374,0.554,0.178,0.283,0.727,122.589,215203
0,0.673,0.757,5,-6.641,1,0.0362,0.211,0.00158,0.269,0.933,119.811,141147
0,0.304,0.639,7,-8.022,1,0.0661,0.00466,0.884,0.272,0.221,186.51,237880
0,0.527,0.667,4,-11.985,1,0.0459,0.533,5.22E-05,0.222,0.918,113.429,174360
0,0.596,0.829,11,-4.774,0,0.0304,0.0076,2.66E-05,0.299,0.762,98.86,244160
0,0.48,0.362,5,-10.374,1,0.0362,0.938,0.000232,0.0689,0.668,67.276,180440
0,0.663,0.204,6,-9.921,0,0.0358,0.805,1.42E-05,0.0717,0.52,95.963,147200
0,0.7,0.38,1,-12.721,0,0.231,0.291,0.00784,0.0709,0.807,77.978,160560
0,0.19,0.901,9,-3.84,0,0.068,0.237,0.0656,0.858,0.379,92.665,506573
0,0.649,0.809,10,-4.278,1,0.0287,0.0166,0.0181,0.117,0.736,98.732,289733
0,0.712,0.368,9,-14.507,1,0.0435,0.453,0.00316,0.104,0.405,103.163,256773
0,0.658,0.766,0,-5.919,1,0.0373,0.0421,1.60E-06,0.0526,0.727,129.957,230267
0,0.816,0.514,10,-8.741,1,0.0339,0.767,0.949,0.0899,0.912,136.837,176333
0,0.64,0.34,10,-10.323,1,0.0545,0.899,0.0218,0.0804,0.909,99.633,122973
0,0.565,0.962,8,-2.981,1,0.064,0.437,0,0.056,0.906,148.808,160227
0,0.295,0.749,9,-6.198,1,0.0397,0.201,0.763,0.978,0.327,120.584,402467
0,0.228,0.72,0,-7.245,1,0.0611,0.00074,0.000499,0.0446,0.701,198.267,243440
0,0.372,0.694,1,-6.763,0,0.0333,0.000932,0.0492,0.277,0.623,165.272,409720
0,0.623,0.659,11,-6.786,1,0.122,0.543,3.43E-06,0.0744,0.814,112.104,155147
0,0.496,0.439,10,-8.181,1,0.0373,0.504,0,0.209,0.782,105.918,176507
0,0.514,0.583,7,-11.128,0,0.0763,0.285,0.000899,0.423,0.674,145.291,223227
1,0.275,0.157,7,-18.752,1,0.0636,0.89,0.842,0.186,0.304,73.289,152280
1,0.343,0.0342,8,-25.591,1,0.0406,0.991,0.92,0.1,0.0378,60.228,270000
1,0.184,0.00527,1,-37.264,0,0.0432,0.995,0.887,0.173,0.151,170.612,315427
1,0.109,0.167,4,-18.669,0,0.0382,0.91,0.92,0.109,0.0692,86.554,166867
1,0.387,0.0451,3,-24.698,1,0.0364,0.99,0.913,0.112,0.071,61.494,268427
1,0.296,0.0709,9,-29.517,0,0.0462,0.994,0.892,0.0807,0.192,127.086,188467
1,0.343,0.0252,1,-27.013,1,0.0488,0.993,0.932,0.0454,0.0395,67.207,279160
1,0.204,0.0331,2,-24.044,0,0.0487,0.927,0.825,0.0954,0.0547,116.2,207267
1,0,0.0842,9,-19.397,1,0,0.755,0.889,0.262,0,0,432533
1,0.15,0.128,2,-20.46,1,0.0459,0.944,0.93,0.0703,0.113,46.771,415813
1,0.39,0.0432,6,-24.344,1,0.0506,0.723,0.000303,0.108,0.326,147.436,468133
1,0.358,0.167,7,-16,0,0.0354,0.899,0.96,0.103,0.601,144.561,138707
1,0.322,0.184,0,-18.312,0,0.0338,0.984,0.902,0.0813,0.356,107.847,193600
1,0.362,0.569,7,-15.394,0,0.0345,0.876,0.91,0.327,0.746,148.692,173427
1,0.272,0.00397,1,-31.601,0,0.0475,0.992,0.9,0.0763,0.19,72.059,239973
1,0.132,0.0195,0,-29.76,1,0.0445,0.993,0.888,0.0569,0.14,81.616,163267
1,0.386,0.0738,2,-19.369,1,0.0433,0.839,0.947,0.155,0.172,142.499,251200
1,0.205,0.00644,1,-38.382,0,0.0604,0.995,0.872,0.115,0.147,163.137,315200
1,0.441,0.319,3,-13.99,1,0.0392,0.829,0,0.0765,0.671,99.419,453507
1,0.251,0.219,7,-16.781,1,0.0323,0.929,0.933,0.0824,0.0965,89.997,325000
1,0.233,0.0252,2,-24.824,1,0.0346,0.975,0.601,0.143,0.0936,94.736,707173
1,0.575,0.174,4,-14.423,1,0.0424,0.883,0.898,0.108,0.381,113.134,187720
1,0.594,0.00544,7,-35.422,1,0.07,0.995,0.952,0.0814,0.314,76.497,204267
1,0.209,0.101,0,-19.383,1,0.0403,0.927,0.9,0.0776,0.153,85.851,341693
1,0.522,0.0308,5,-26.86,1,0.0641,0.995,0.915,0.0805,0.313,72.551,284000
1,0.442,0.181,7,-20.419,0,0.0443,0.906,0.656,0.0598,0.172,115.884,432133
1,0.364,0.571,6,-15.596,1,0.0453,0.874,0.867,0.121,0.38,84.899,150667
1,0.248,0.298,0,-15.661,0,0.0395,0.957,0.9,0.0943,0.157,97.853,442000
1,0.335,0.372,5,-16.127,1,0.037,0.697,5.36E-05,0.141,0.821,127.129,138000
1,0.5,0.0104,2,-26.764,1,0.0622,0.996,0.949,0.0573,0.133,114.76,327080
1,0.241,0.122,7,-22.411,1,0.0497,0.925,0.66,0.126,0.187,66.325,209373
1,0.343,0.0209,8,-27.015,1,0.0398,0.987,0.922,0.126,0.0393,125.242,497773
1,0.309,0.0472,3,-25.497,1,0.041,0.992,0.866,0.0979,0.0693,72.915,232240
1,0.128,0.132,2,-17.67,1,0.0353,0.744,0.942,0.107,0.0988,85.314,301587
1,0.424,0.214,10,-17.688,1,0.0763,0.962,2.90E-05,0.681,0.282,113.211,175507
1,0.323,0.0114,4,-38.855,0,0.0343,0.893,0.652,0.171,0.134,112.378,141373
1,0.169,0.0161,9,-31.034,0,0.0442,0.986,0.86,0.0805,0.0573,128.143,174267
1,0.314,0.0157,1,-36.252,0,0.0356,0.991,0.916,0.134,0.0939,95.89,199773
1,0.308,0.00605,4,-35.164,1,0.0486,0.995,0.929,0.0869,0.0739,66.122,274747
1,0.429,0.535,3,-11.043,1,0.0379,0.815,0.93,0.0759,0.926,81.182,131599
1,0.162,0.0898,2,-23.269,0,0.0354,0.944,0.917,0.187,0.0413,132.047,169667
1,0.251,0.00904,5,-31.599,1,0.0406,0.995,0.922,0.0779,0.0819,62.225,233400
1,0.568,0.409,9,-17.256,1,0.0336,0.794,0.0705,0.172,0.785,112.3,172093
1,0.368,0.00363,1,-36.759,1,0.035,0.993,0.922,0.137,0.085,69.363,254000
1,0.363,0.115,2,-17.325,1,0.0689,0.976,0,0.0992,0.231,134.424,262147
1,0.208,0.15,7,-18.262,1,0.0585,0.985,0.934,0.119,0.546,76.5,136582
1,0.369,0.21,6,-13.552,1,0.0437,0.959,4.53E-05,0.0905,0.391,131.714,142173
1,0.199,0.0677,0,-20.879,1,0.039,0.786,0.738,0.225,0.145,78.866,307827
1,0.4,0.312,0,-17.376,1,0.157,0.973,0.28,0.25,0.44,76.211,271973
1,0.226,0.0701,2,-20.668,1,0.0361,0.929,0.782,0.123,0.15,176.342,527400
1,0.235,0.0561,2,-23.311,1,0.0442,0.95,0.29,0.119,0.0518,107.619,271560
1,0.436,0.138,5,-23.467,1,0.0487,0.989,0.92,0.104,0.775,114.282,143480
1,0.356,0.107,6,-29.551,1,0.0346,0.984,0.886,0.0787,0.332,94.178,101507
1,0.122,0.0963,0,-21.942,1,0.0375,0.962,0.666,0.166,0.133,83.662,227333
1,0.189,0.0947,4,-19.46,0,0.0381,0.916,0.271,0.135,0.131,80.628,231693
1,0.169,0.137,2,-20.632,0,0.032,0.954,0.745,0.155,0.0558,90.246,267200
1,0.208,0.0728,0,-21.736,1,0.0385,0.921,0.783,0.182,0.0466,82.973,490147
1,0.491,0.464,7,-12.974,1,0.0505,0.766,0.925,0.309,0.187,81.582,516253
1,0.148,0.0441,4,-24.975,0,0.0418,0.971,0.878,0.0672,0.0883,75.515,856187
1,0.296,0.252,7,-18.558,0,0.0451,0.906,0.886,0.106,0.3,89.935,380688
1,0.217,0.0653,1,-20.894,0,0.0398,0.853,0.00336,0.0575,0.0496,96.77,259747
1,0.14,0.0347,1,-24.935,0,0.0414,0.848,0.175,0.0888,0.0378,83.087,369720
1,0.37,0.00308,2,-37.721,1,0.0483,0.987,0.855,0.0823,0.0771,71.206,123538
1,0.255,0.108,4,-22.921,0,0.0473,0.845,0.0121,0.152,0.108,103.282,681267
1,0.368,0.0224,7,-31.261,1,0.0364,0.994,0.918,0.129,0.247,98.118,620293
1,0.0718,0.00848,6,-34.952,1,0.0439,0.894,0.753,0.159,0.0468,72.313,203893
1,0.216,0.0959,6,-21.114,1,0.0489,0.944,0.0172,0.157,0.0381,70.022,196267
1,0.287,0.0789,8,-23.112,1,0.0416,0.987,0.858,0.112,0.0371,64.27,249747
1,0.138,0.111,5,-18.272,1,0.0451,0.976,0.59,0.0862,0.0388,80.465,370000
1,0.151,0.0145,9,-30.353,1,0.0416,0.975,0.0212,0.131,0.0356,54.843,179000
1,0.156,0.0335,0,-25.684,0,0.0411,0.939,0.789,0.124,0.0359,67.197,623369
1,0.266,0.181,11,-21.682,0,0.0418,0.98,0.837,0.135,0.0753,135.86,332293
1,0.278,0.373,0,-16.175,1,0.0446,0.748,0.251,0.19,0.284,80.788,394307
1,0.291,0.0759,4,-24.078,1,0.0413,0.99,0.837,0.107,0.213,65.252,199760
1,0.249,0.0317,11,-27.114,0,0.0542,0.981,0.414,0.0993,0.0855,133.739,172763
1,0.165,0.0519,11,-25.473,1,0.0512,0.981,5.10E-05,0.103,0.0398,76.891,551907
1,0.224,0.0988,11,-28.538,1,0.0382,0.991,0.908,0.115,0.277,95.355,213573
1,0.294,0.134,0,-21.31,0,0.05,0.869,0.947,0.112,0.558,115.904,262280
1,0.388,0.276,5,-15.012,0,0.0277,0.933,0.334,0.111,0.427,97.34,351653
1,0.575,0.634,7,-16.967,1,0.0487,0.941,0.849,0.0919,0.904,191.992,271800
1,0.368,0.242,0,-17.463,0,0.0382,0.96,0.804,0.109,0.177,87.959,343093
1,0.25,0.0799,1,-28.647,1,0.0396,0.989,0.982,0.201,0.557,67.911,102787
1,0.197,0.133,10,-24.248,1,0.0484,0.863,0.812,0.156,0.0389,125.682,836973
1,0.0802,0.00652,3,-35.334,1,0.0446,0.976,0.166,0.12,0.0377,82.109,403720
1,0.0698,0.00405,3,-38.919,0,0.0383,0.851,0.418,0.153,0.0356,74.584,542760
1,0.386,0.325,7,-14.183,0,0.0427,0.923,0.904,0.105,0.224,155.594,644920
1,0.137,0.078,8,-26.417,1,0.0407,0.992,0.0039,0.0864,0.0441,99.966,303520
1,0.396,0.126,2,-23.011,1,0.0465,0.945,0.46,0.158,0.11,97.813,483240
1,0.225,0.0392,9,-32.237,1,0.0413,0.921,0.2,0.127,0.0705,86.238,307373
1,0.333,0.125,0,-19.339,1,0.0337,0.72,0.456,0.0902,0.203,113.221,399040
1,0.188,0.0128,10,-24.619,0,0.0376,0.923,0.355,0.53,0.0396,72.644,217507
1,0.492,0.00107,3,-38.861,1,0.0587,0.995,0.939,0.0871,0.301,131.454,122653
1,0.18,0.0951,11,-24.228,0,0.048,0.97,0.911,0.11,0.0527,75.667,435787
1,0.427,0.0067,3,-34.741,1,0.0587,0.996,0.931,0.0748,0.0397,83.576,306067
1,0.0903,0.083,11,-21.241,0,0.0387,0.958,0.863,0.0883,0.032,85.443,642827
1,0.087,0.0507,2,-30.065,1,0.0432,0.21,0.419,0.106,0.0393,84.323,576920
1,0.19,0.0266,0,-25.947,0,0.0428,0.992,0.868,0.062,0.0574,122.353,425933
1,0.235,0.101,1,-20.776,1,0.0477,0.972,0.109,0.107,0.046,177.51,249573
1,0.149,0.0511,4,-25.398,0,0.0442,0.959,0.784,0.125,0.0537,81.422,471760
1,0.281,0.113,4,-16.608,1,0.0586,0.99,1.90E-06,0.101,0.232,81.682,405387
2,0.529,0.813,5,-5.517,1,0.0327,0.00823,0,0.359,0.79,154.068,219920
2,0.582,0.86,7,-4.092,1,0.0389,0.048,0,0.169,0.79,148.31,210480
2,0.45,0.9,2,-2.684,1,0.0894,0.0317,0,0.203,0.567,180.035,185191
2,0.486,0.443,4,-6.791,1,0.034,0.611,2.46E-06,0.0981,0.215,125.159,226438
2,0.484,0.903,8,-3.9,0,0.0882,0.0649,0,0.151,0.716,169.948,186988
2,0.433,0.928,4,-5.117,0,0.0512,0.0135,2.01E-06,0.32,0.552,155.938,197160
2,0.588,0.813,5,-5.779,1,0.0391,0.141,0,0.116,0.648,81.051,188886
2,0.585,0.55,11,-7.342,1,0.0255,0.408,3.97E-05,0.115,0.839,78.176,218280
2,0.565,0.805,0,-4.457,1,0.0489,0.0808,0,0.173,0.869,76.04,181933
2,0.649,0.368,2,-10.372,1,0.109,0.478,0.0002,0.257,0.191,73.542,258267
2,0.465,0.8,0,-5.876,1,0.037,0.0132,0,0.0975,0.773,94.796,201453
2,0.543,0.744,8,-5.41,1,0.0273,0.0124,0,0.315,0.38,93.029,201213
2,0.562,0.683,7,-4.427,1,0.0296,0.00531,0,0.107,0.385,132.003,244798
2,0.475,0.507,5,-5.666,1,0.0403,0.173,0.000523,0.0723,0.303,143.804,236396
2,0.673,0.827,7,-3.162,0,0.0389,0.00661,0,0.18,0.947,126.073,187453
2,0.499,0.643,11,-5.416,1,0.0354,0.307,0,0.106,0.469,93.805,201480
2,0.569,0.389,7,-6.435,1,0.0283,0.532,9.65E-06,0.137,0.197,127.484,179867
2,0.653,0.861,0,-5.283,1,0.0388,0.0734,0,0.114,0.354,101.951,184535
2,0.621,0.791,9,-3.343,1,0.0265,0.0361,0,0.143,0.734,95.075,209110
2,0.669,0.559,5,-5.003,1,0.0251,0.0805,0,0.0703,0.491,95.001,199413
2,0.736,0.423,7,-6.934,1,0.0428,0.398,0,0.108,0.346,94.919,186450
2,0.503,0.536,4,-7.229,1,0.0259,0.642,0.00143,0.111,0.21,90.966,241467
2,0.739,0.682,2,-3.728,1,0.205,0.129,0,0.328,0.634,131.983,199382
2,0.615,0.755,6,-4.274,1,0.0398,0.0261,0,0.076,0.853,165.051,195600
2,0.593,0.745,7,-4.37,1,0.0574,0.19,0,0.227,0.849,169.951,175067
2,0.711,0.774,7,-4.068,1,0.0308,0.0317,0,0.124,0.939,111.016,209733
2,0.539,0.597,8,-5.25,1,0.0269,0.307,4.19E-06,0.112,0.245,169.896,161124
2,0.726,0.856,8,-2.807,1,0.035,0.0342,4.60E-06,0.302,0.962,114.022,182498
2,0.66,0.83,5,-5.099,1,0.029,0.292,0,0.141,0.856,122.079,194840
2,0.662,0.596,1,-6.733,1,0.0385,0.217,0,0.147,0.625,101.016,189173
2,0.467,0.854,2,-3.53,1,0.0392,0.0137,0,0.203,0.466,166.115,195432
2,0.634,0.808,3,-4.12,1,0.0517,0.192,0,0.0898,0.937,82.016,186867
2,0.496,0.506,0,-8.725,1,0.0284,0.00315,1.93E-05,0.277,0.347,141.874,208293
2,0.612,0.57,11,-6.642,0,0.0347,0.279,0,0.0963,0.335,77.004,197293
2,0.676,0.79,11,-6.817,0,0.0296,0.024,0.031,0.186,0.897,121.693,149720
2,0.442,0.335,5,-17.789,0,0.0979,0.907,0.132,0.273,0.394,177.372,240027
2,0.561,0.636,1,-6.943,1,0.0268,0.0345,0.00253,0.111,0.325,81.989,205964
2,0.609,0.68,9,-6.316,1,0.0348,0.0886,0,0.108,0.561,140.013,211547
2,0.75,0.835,5,-4.848,1,0.0311,0.397,0,0.0414,0.924,140.029,189973
2,0.602,0.805,7,-6.079,1,0.0473,0.0997,0,0.172,0.322,92.401,199627
2,0.492,0.594,4,-7.138,1,0.0449,0.00709,0,0.116,0.314,147.882,196493
2,0.707,0.632,10,-7.031,1,0.0789,0.103,1.09E-05,0.0841,0.372,97.04,278893
2,0.554,0.641,9,-7.443,1,0.0246,0.083,1.54E-06,0.133,0.541,149.982,222306
2,0.621,0.477,0,-5.284,1,0.0334,0.202,0,0.215,0.481,81.976,253084
2,0.491,0.907,7,-3.594,1,0.0481,0.0491,0,0.242,0.631,199.943,182667
2,0.447,0.429,1,-7.36,1,0.028,0.718,0.0163,0.105,0.074,116.521,216280
2,0.712,0.649,2,-6.438,1,0.0302,0.0214,0.00241,0.11,0.457,104.003,220627
2,0.683,0.796,11,-4.179,1,0.0285,0.111,0,0.197,0.531,90.031,201893
2,0.618,0.881,2,-4.78,1,0.0419,0.0874,8.91E-06,0.0899,0.89,124.976,221453
2,0.51,0.947,0,-1.746,1,0.0445,0.0108,0,0.153,0.749,159.995,235242
2,0.659,0.902,7,-6.192,1,0.0296,0.13,9.45E-05,0.0574,0.809,124.985,230013
2,0.661,0.75,7,-5.497,1,0.0314,0.0303,0.000132,0.0849,0.828,130.077,157080
2,0.501,0.876,3,-4.792,1,0.0404,0.0106,0,0.135,0.681,159.025,175493
2,0.599,0.931,11,-3.662,1,0.0517,0.0285,0,0.102,0.788,111.012,180302
2,0.548,0.901,0,-2.637,0,0.0453,0.2,0,0.1,0.557,145.953,206213
2,0.502,0.792,3,-5.473,0,0.0335,0.304,0.0385,0.143,0.44,155.902,215080
2,0.557,0.909,11,-3.405,1,0.0423,0.00769,0,0.317,0.857,152.13,181400
2,0.431,0.778,7,-5.542,1,0.029,0.0432,0.000258,0.388,0.452,149.9,221360
2,0.693,0.335,0,-10.863,1,0.0395,0.338,0.000552,0.118,0.623,136.071,198907
2,0.555,0.89,6,-5.533,1,0.0309,0.0414,0.131,0.147,0.513,96.987,335267
2,0.558,0.815,2,-5.352,1,0.067,0.0122,0,0.0705,0.638,157.954,244453
2,0.61,0.876,0,-4.244,1,0.0394,0.0247,0,0.31,0.783,115.05,180347
2,0.563,0.789,11,-3.949,1,0.0297,0.00908,0.000396,0.0956,0.748,145.096,205840
2,0.545,0.779,9,-5.282,1,0.0395,0.0465,3.81E-06,0.118,0.511,108.958,227107
2,0.615,0.824,10,-4.903,0,0.107,0.021,0,0.342,0.637,149.986,197813
2,0.547,0.664,1,-5.622,1,0.028,0.0139,2.94E-06,0.0767,0.551,138.048,221467
2,0.621,0.805,7,-6.543,1,0.0398,0.0378,0,0.0911,0.766,102.034,212547
2,0.586,0.804,1,-5.277,1,0.0343,0.0372,0,0.334,0.693,90.97,190920
2,0.698,0.847,5,-3.764,0,0.0306,0.111,1.46E-06,0.137,0.807,130.001,192720
2,0.283,0.649,2,-4.657,1,0.0323,0.0158,0,0.268,0.37,148.982,200627
2,0.648,0.849,4,-5.901,1,0.0511,0.0556,0,0.304,0.82,151.966,199277
2,0.632,0.742,9,-4.684,1,0.0569,0.226,0,0.099,0.661,88.004,182504
2,0.586,0.677,1,-8.343,1,0.0294,0.043,0.0936,0.0884,0.562,144.001,262280
2,0.497,0.835,4,-4.545,1,0.0466,0.079,1.49E-06,0.262,0.868,156.025,196863
2,0.586,0.759,7,-5.338,1,0.0457,0.1,0,0.084,0.687,184.031,198227
2,0.557,0.737,3,-5.75,1,0.0476,0.0142,0,0.314,0.817,158.05,204187
2,0.421,0.898,4,-4.277,1,0.08,0.0298,0,0.152,0.795,164.069,193507
2,0.484,0.841,11,-5.761,1,0.0446,0.0453,0.0137,0.353,0.716,174.019,236625
2,0.609,0.788,4,-7.855,1,0.0416,0.645,3.72E-05,0.174,0.54,108.053,184947
2,0.78,0.583,7,-7.36,1,0.0901,0.0526,4.08E-06,0.0367,0.881,85.014,186547
2,0.587,0.559,1,-7.742,1,0.0321,0.399,6.69E-06,0.0992,0.19,92.036,221173
2,0.537,0.66,9,-7.174,1,0.0296,0.455,0,0.135,0.574,148.096,298373
2,0.432,0.738,2,-3.91,1,0.0309,0.042,0,0.119,0.503,153.712,191907
2,0.602,0.79,8,-4.46,1,0.0355,0.026,7.43E-05,0.162,0.274,108.008,259080
2,0.414,0.843,11,-4.638,1,0.0531,0.00647,1.52E-05,0.194,0.572,165.713,230707
2,0.555,0.931,8,-2.969,1,0.0367,0.016,0,0.405,0.723,132.085,220907
2,0.549,0.866,6,-5.306,1,0.0476,0.0733,0,0.25,0.767,87.964,187400
2,0.527,0.902,6,-5.352,1,0.0601,0.344,4.63E-05,0.0669,0.709,181.964,191040
2,0.547,0.878,2,-4.224,1,0.0451,0.0638,7.08E-06,0.106,0.592,121.973,230587
2,0.556,0.822,0,-4.365,1,0.0582,0.00786,0,0.668,0.797,156.038,190241
2,0.423,0.73,9,-5.566,1,0.032,0.00495,1.13E-05,0.238,0.66,205.972,254467
2,0.5,0.672,1,-4.755,1,0.031,0.207,0,0.118,0.187,75.067,206426
2,0.509,0.956,9,-3.807,1,0.0519,0.106,0,0.361,0.878,171.989,192973
2,0.523,0.834,6,-3.561,1,0.0281,0.254,0,0.393,0.445,92.99,187587
2,0.607,0.876,7,-4.117,1,0.0382,0.371,0,0.518,0.886,121.043,156893
2,0.497,0.927,0,-4.52,1,0.0371,0.00286,1.26E-06,0.413,0.607,96.991,222013
2,0.645,0.904,2,-4.532,1,0.0462,0.0293,0,0.0834,0.671,105.97,225560
2,0.618,0.61,8,-6.615,1,0.0346,0.0767,0,0.253,0.559,152.016,201971
2,0.483,0.28,5,-10.675,1,0.0331,0.556,0,0.11,0.358,139.423,277532
2,0.559,0.812,11,-5.347,1,0.0371,0.0323,0,0.195,0.472,127.911,232107
3,0.75,0.664,8,-5.908,0,0.154,0.275,0,0.0632,0.617,105.023,208156
3,0.686,0.83,8,-4.437,1,0.0369,0.0948,1.33E-06,0.182,0.486,123.032,214634
3,0.611,0.651,1,-6.973,1,0.0587,0.148,1.84E-05,0.105,0.357,122.983,215361
3,0.458,0.802,1,-3.914,1,0.0416,0.0155,0,0.0706,0.51,145.135,218402
3,0.672,0.855,9,-3.764,1,0.0397,0.021,0,0.323,0.646,123.056,182200
3,0.641,0.529,6,-11.536,1,0.0288,0.00441,0.000862,0.0809,0.449,121.027,211452
3,0.442,0.619,1,-5.28,1,0.0321,0.0841,0,0.0889,0.382,128.318,206279
3,0.643,0.719,1,-5.535,1,0.11,0.414,0,0.0744,0.394,119.973,217247
3,0.697,0.871,1,-5.926,1,0.0321,0.0617,0.000894,0.11,0.423,122.989,225761
3,0.441,0.738,4,-3.169,1,0.0449,0.0105,0,0.126,0.208,126.954,238628
3,0.73,0.762,6,-5.191,0,0.0375,0.0663,2.41E-05,0.0498,0.643,107.019,187571
3,0.751,0.813,0,-4.724,0,0.0403,0.217,2.25E-05,0.117,0.837,99.998,168000
3,0.541,0.929,6,-4.143,0,0.0641,0.0151,0.000693,0.213,0.262,107.024,200748
3,0.562,0.63,11,-7.306,1,0.0413,0.0228,0,0.268,0.457,133.947,197687
3,0.44,0.739,1,-5.341,0,0.0494,0.0221,0,0.561,0.156,127.62,180000
3,0.693,0.739,0,-6.682,0,0.0388,0.164,1.66E-06,0.0906,0.675,99.976,202053
3,0.703,0.894,3,-4.288,0,0.0303,0.0218,0.000223,0.0894,0.779,124.007,164516
3,0.614,0.921,2,-4.199,1,0.0625,0.0205,9.67E-06,0.119,0.427,127.964,207999
3,0.728,0.756,8,-4.61,0,0.0349,0.128,0.0141,0.151,0.294,128.043,213281
3,0.681,0.935,5,-8.721,1,0.0533,0.0103,0.932,0.364,0.576,123.987,172742
3,0.598,0.526,10,-8.659,0,0.0415,0.129,0,0.14,0.529,123.935,168387
3,0.646,0.788,2,-5.193,0,0.0456,0.0271,0,0.136,0.356,126.002,196190
3,0.645,0.623,5,-4.736,1,0.034,0.642,0.00029,0.138,0.527,119.994,168000
3,0.563,0.758,1,-5.641,0,0.0576,0.0066,0,0.0542,0.412,123.883,176825
3,0.587,0.906,0,-4.284,1,0.0533,0.265,0.000613,0.496,0.45,128.077,159375
3,0.622,0.99,11,-5.5,0,0.0424,0.00126,0.612,0.696,0.643,124.008,154390
3,0.707,0.715,1,-4.599,0,0.0358,0.23,8.65E-05,0.306,0.627,96.018,195625
3,0.805,0.934,4,-6.968,0,0.0482,0.00803,0.926,0.267,0.247,124.003,207097
3,0.52,0.499,11,-8.743,1,0.0382,0.0442,0,0.545,0.169,144.8,163810
3,0.63,0.826,0,-4.798,1,0.0449,0.356,6.98E-06,0.136,0.239,116.039,175326
3,0.585,0.956,0,-3.577,1,0.0564,0.0285,0,0.213,0.593,120.004,205704
3,0.762,0.543,8,-8.759,1,0.0377,0.167,0.505,0.0299,0.18,123.01,266172
3,0.732,0.576,10,-7.765,0,0.232,0.0304,0.00293,0.118,0.561,101.958,194460
3,0.624,0.767,8,-3.824,1,0.0417,0.00763,0.000506,0.215,0.235,127.967,170791
3,0.531,0.733,9,-7.178,1,0.0357,0.00679,0,0.0862,0.417,122.048,198694
3,0.641,0.782,6,-7.28,0,0.0623,0.382,0.000558,0.126,0.596,124.009,230323
3,0.743,0.864,9,-4.043,0,0.0539,0.101,0.000285,0.111,0.528,124.01,184686
3,0.849,0.756,11,-7.226,1,0.0985,0.513,0,0.259,0.701,104.981,161167
3,0.596,0.962,11,-2.502,1,0.0571,0.0147,0.103,0.247,0.325,126.091,162840
3,0.629,0.539,7,-7.006,0,0.063,0.166,0,0.189,0.316,109.885,193747
3,0.812,0.635,11,-11.051,1,0.0753,1.81E-05,0.936,0.126,0.811,121.983,222295
3,0.764,0.868,5,-8.034,0,0.136,0.00725,0.000682,0.0946,0.337,126.034,195429
3,0.54,0.961,11,-3.587,0,0.0645,0.0123,0.796,0.0913,0.648,121.664,188732
3,0.355,0.746,11,-5.342,0,0.0479,0.0387,0.055,0.0552,0.361,150.227,169125
3,0.726,0.747,1,-11.173,1,0.0383,0.0301,0.756,0.339,0.495,125.986,230476
3,0.587,0.648,11,-6.927,0,0.0439,0.0561,0,0.115,0.281,144.028,220141
3,0.784,0.951,7,-7.92,1,0.052,0.00403,0.852,0.0324,0.808,123.99,220645
3,0.563,0.741,2,-5.151,1,0.0419,0.0927,0,0.142,0.438,128.002,209077
3,0.46,0.858,11,-5.527,1,0.0606,0.0864,1.06E-05,0.398,0.375,99.942,180006
3,0.715,0.635,7,-6.591,1,0.0791,0.127,0,0.0862,0.39,112.887,198635
3,0.547,0.672,0,-5.094,1,0.0436,0.306,0,0.068,0.564,99.946,237933
3,0.77,0.724,8,-5.484,1,0.0495,0.0167,0.0107,0.353,0.898,121.975,176840
3,0.592,0.873,9,-5.65,1,0.0275,0.0715,0.00982,0.142,0.516,122.011,277262
3,0.68,0.84,10,-5.329,0,0.0421,0.0525,0.00194,0.161,0.39,126.023,172381
3,0.448,0.911,1,-3.095,1,0.0408,0.0214,0,0.059,0.255,127.127,234012
3,0.582,0.757,0,-3.965,1,0.0399,0.16,0,0.187,0.516,104.105,205787
3,0.533,0.807,2,-3.597,1,0.0457,0.097,0,0.0608,0.369,125.025,253440
3,0.529,0.612,10,-8.794,1,0.052,0.253,0,0.246,0.434,119.272,193847
3,0.7,0.904,2,-4.03,1,0.0431,0.0531,8.03E-06,0.105,0.347,103.039,181102
3,0.466,0.612,8,-4.855,0,0.0307,0.0655,4.07E-06,0.132,0.236,128.114,239067
3,0.633,0.918,11,-8.208,0,0.0454,0.0334,0.867,0.364,0.786,129.99,194926
3,0.566,0.909,8,-7.281,0,0.054,0.004,0.0932,0.156,0.382,127.037,240384
3,0.651,0.693,4,-4.722,1,0.0375,0.458,0,0.335,0.392,118.97,236765
3,0.562,0.882,11,-4.356,0,0.0604,0.0034,0.123,0.55,0.694,125.985,240000
3,0.937,0.632,11,-8.216,0,0.3,0.0349,0.000742,0.108,0.57,128.021,210703
3,0.514,0.878,10,-4.498,1,0.038,0.0271,0.000356,0.142,0.249,125.988,250810
3,0.693,0.678,8,-7.159,1,0.0324,0.0154,6.05E-06,0.101,0.404,103.952,228267
3,0.498,0.494,0,-12.42,1,0.0343,0.0118,0.00108,0.166,0.12,134.983,209938
3,0.637,0.812,5,-4.314,0,0.0553,0.00927,0,0.463,0.593,123.026,196814
3,0.438,0.725,8,-5.845,0,0.0856,0.326,6.57E-06,0.142,0.342,149.934,224000
3,0.654,0.795,0,-4.419,1,0.0536,0.178,0,0.19,0.465,120.019,185750
3,0.722,0.856,1,-6.392,0,0.0338,0.0305,0.0597,0.231,0.826,121.989,162295
3,0.58,0.804,9,-4.618,1,0.0279,0.0304,0.00359,0.105,0.137,126.005,215388
3,0.72,0.842,11,-6.748,0,0.143,0.0503,0.0342,0.406,0.425,125.998,251413
3,0.683,0.785,7,-4.879,1,0.037,0.0643,1.34E-05,0.177,0.581,122.997,184564
3,0.926,0.951,6,-5.531,0,0.0924,0.00232,0.452,0.313,0.918,123.987,206588
3,0.595,0.954,4,-7.786,0,0.0473,0.00164,0.744,0.426,0.171,123.016,282927
3,0.47,0.905,7,-2.832,0,0.0645,0.0125,2.01E-06,0.514,0.0549,127.077,228661
3,0.624,0.758,8,-6.039,1,0.0413,0.153,1.61E-05,0.104,0.413,122.019,186213
3,0.294,0.505,3,-8.106,1,0.042,0.12,0,0.0977,0.357,85.332,209893
3,0.503,0.754,7,-3.634,1,0.0424,0.264,5.85E-05,0.297,0.597,116.524,186750
3,0.818,0.823,11,-3.563,0,0.2,0.0663,1.17E-05,0.133,0.52,128.136,160794
3,0.497,0.792,2,-6.539,1,0.0291,0.0555,0.506,0.0946,0.224,125.067,172222
3,0.438,0.767,3,-4.335,1,0.0422,0.0173,0,0.116,0.244,127.96,191719
3,0.81,0.788,10,-3.663,1,0.0447,0.267,0.000172,0.196,0.845,135.991,174761
3,0.565,0.674,8,-6.098,0,0.0463,0.0248,8.68E-06,0.105,0.254,127.046,170079
3,0.706,0.741,4,-6.985,1,0.0504,0.00212,0,0.607,0.0591,123.04,195960
3,0.671,0.597,2,-7.891,1,0.0333,0.094,0,0.0881,0.363,125.973,174065
3,0.493,0.773,5,-3.791,0,0.157,0.429,7.07E-06,0.0807,0.301,123.149,193548
3,0.734,0.693,0,-6.474,1,0.0361,0.0878,0,0.341,0.55,110.021,154024
3,0.619,0.852,1,-7.096,1,0.0341,0.00681,0.021,0.108,0.209,121.985,189243
3,0.836,0.612,7,-9.709,1,0.0441,0.193,0.892,0.0524,0.706,115.978,273636
3,0.643,0.594,2,-5.453,1,0.0318,0.0128,0,0.118,0.442,144.033,216668
3,0.677,0.744,10,-6.806,0,0.0295,0.0404,0.00016,0.074,0.631,124.08,152913
3,0.619,0.901,11,-4.173,0,0.0563,0.0975,0.0455,0.178,0.503,123.002,221693
3,0.382,0.719,10,-7.155,0,0.0474,3.39E-05,0.277,0.152,0.289,127.196,186624
3,0.687,0.792,5,-2.749,1,0.0452,0.191,0,0.167,0.671,100.015,214290
3,0.768,0.808,5,-1.818,1,0.112,0.00627,5.33E-06,0.343,0.664,119.971,166000
3,0.79,0.705,0,-4.684,0,0.0383,0.0807,4.81E-05,0.251,0.501,121.969,195561
3,0.593,0.868,1,-3.573,0,0.295,0.183,0,0.365,0.496,104.988,201257
4,0.642,0.764,7,-6.741,0,0.0457,0.1,0.32,0.0731,0.704,104.885,224041
4,0.731,0.743,11,-11.783,0,0.0506,0.0696,0.0045,0.0796,0.97,88.049,210483
4,0.684,0.882,8,-9.353,1,0.118,0.152,0.0225,0.313,0.758,90.149,305760
4,0.782,0.922,11,-4.028,0,0.0497,0.00655,0.0118,0.0728,0.761,104.016,255228
4,0.745,0.84,0,-6.623,1,0.0692,0.0654,0.104,0.0446,0.9,123.983,224368
4,0.687,0.958,9,-4.498,1,0.118,0.0561,0.138,0.0886,0.797,158.276,186349
4,0.61,0.752,10,-5.062,0,0.0389,0.294,0.0755,0.116,0.832,89.995,196867
4,0.55,0.776,0,-4.796,1,0.236,0.0893,0.000182,0.176,0.932,204.745,215587
4,0.658,0.895,7,-6.84,0,0.0704,0.0669,0.00312,0.361,0.855,123.912,199600
4,0.775,0.898,2,-7.054,1,0.0949,0.028,0.000269,0.0646,0.776,109.987,281133
4,0.771,0.807,7,-6.258,1,0.058,0.0107,0.0135,0.568,0.707,98.003,256960
4,0.849,0.781,0,-9.329,0,0.0803,0.0946,0.057,0.0681,0.817,115.009,402852
4,0.518,0.877,1,-5.648,1,0.0458,0.000214,0.072,0.297,0.812,92.902,222334
4,0.392,0.865,2,-4.766,0,0.104,0.00254,4.25E-05,0.107,0.845,188.354,216152
4,0.698,0.687,0,-6.185,1,0.0673,0.115,1.48E-06,0.0858,0.8,114.353,286433
4,0.779,0.803,2,-5.907,0,0.0393,0.361,0.000697,0.0371,0.973,112.049,295133
4,0.679,0.947,6,-3.707,1,0.0809,0.67,9.69E-06,0.199,0.864,109.849,274580
4,0.698,0.906,7,-10.688,0,0.04,0.581,0.812,0.114,0.882,108,311437
4,0.728,0.694,1,-6.368,1,0.0404,0.0556,9.29E-05,0.135,0.688,90.044,287213
4,0.629,0.734,2,-7.952,1,0.0443,0.00906,1.80E-05,0.135,0.631,150.15,234324
4,0.814,0.682,5,-6.89,0,0.0559,0.0283,0.000789,0.159,0.914,123.722,153387
4,0.777,0.908,9,-5.242,1,0.172,0.0904,0,0.224,0.674,100.938,174608
4,0.703,0.914,7,-6.455,1,0.0755,0.0439,0.00123,0.161,0.843,108.993,328480
4,0.637,0.884,5,-6.96,1,0.0664,0.0318,3.44E-06,0.0677,0.527,121.926,216800
4,0.811,0.792,7,-8.477,1,0.0537,0.0363,0.0517,0.342,0.94,107.255,239621
4,0.817,0.795,5,-6.108,0,0.0546,0.0449,0.0119,0.0195,0.855,107.971,245413
4,0.606,0.957,11,-5.646,0,0.18,0.113,0.0704,0.0418,0.554,99.042,261185
4,0.73,0.674,5,-11.049,1,0.0526,0.00442,1.48E-06,0.0885,0.847,107.253,272722
4,0.888,0.531,9,-8.178,0,0.317,0.267,0.000334,0.00535,0.856,150.052,215603
4,0.874,0.445,5,-9.846,0,0.067,0.0496,0.00203,0.118,0.616,110.122,289349
4,0.697,0.818,11,-9.73,0,0.0467,0.0045,0.85,0.16,0.739,132.187,164021
4,0.829,0.861,0,-5.672,1,0.0797,0.134,0.00566,0.0908,0.727,124.201,291160
4,0.687,0.868,6,-6.798,0,0.0888,0.0627,0.00113,0.0833,0.801,102.121,199893
4,0.742,0.848,4,-6.336,0,0.0404,0.115,0,0.328,0.622,109.487,265872
4,0.748,0.646,10,-7.601,0,0.045,0.0608,0.0221,0.313,0.771,91.972,212027
4,0.603,0.887,1,-5.343,1,0.0664,0.44,0.496,0.0836,0.803,92.982,246413
4,0.837,0.899,7,-4.078,0,0.047,0.589,2.54E-06,0.0886,0.897,110.07,332206
4,0.75,0.457,8,-10.245,0,0.0665,0.093,0.118,0.054,0.613,76.005,276469
4,0.504,0.681,4,-8.776,0,0.113,0.138,0.000374,0.0966,0.632,116.552,256204
4,0.651,0.721,7,-6.229,0,0.0655,0.0294,0.0117,0.131,0.44,118.039,290261
4,0.58,0.816,11,-8.574,0,0.217,0.333,0.00933,0.132,0.765,202.324,178933
4,0.639,0.667,8,-3.725,1,0.046,0.0807,9.41E-05,0.0571,0.514,100.851,239720
4,0.724,0.695,11,-5.756,0,0.065,0.00602,0.0735,0.387,0.721,114.998,347237
4,0.822,0.803,11,-7.491,0,0.0617,0.000559,0.541,0.314,0.921,109.989,292000
4,0.668,0.82,2,-6.258,1,0.0351,0.00676,0.0141,0.0447,0.87,132.934,240173
4,0.787,0.823,5,-6.548,0,0.0662,0.106,2.14E-05,0.224,0.786,119.987,268000
4,0.695,0.937,6,-3.642,0,0.0733,0.00999,0.234,0.136,0.884,104.721,199560
4,0.649,0.874,5,-6.93,1,0.0793,0.0394,0.552,0.0936,0.776,169.905,350972
4,0.653,0.466,11,-9.789,1,0.0569,0.00362,1.27E-05,0.0806,0.844,120.688,230002
4,0.725,0.957,10,-5.931,1,0.0472,0.0126,0.0822,0.102,0.618,119.994,226345
4,0.828,0.785,10,-4.501,0,0.0329,0.194,0.0005,0.0501,0.841,122.037,209875
4,0.814,0.852,9,-5.941,0,0.0557,0.225,0.161,0.325,0.923,112.032,290040
4,0.912,0.683,6,-2.995,0,0.0577,0.219,0.00333,0.0585,0.897,117.982,192747
4,0.717,0.665,9,-9.503,1,0.0523,0.0659,0,0.326,0.774,105.693,348067
4,0.822,0.653,1,-5.495,1,0.112,0.21,0.000712,0.0433,0.687,88.957,210160
4,0.912,0.683,6,-2.995,0,0.0577,0.219,0.00333,0.0585,0.897,117.982,192747
4,0.746,0.525,0,-8.7,1,0.186,0.311,0.00867,0.0818,0.835,95.116,251293
4,0.767,0.737,5,-6.481,0,0.0557,0.0233,0.000184,0.278,0.874,114.062,365200
4,0.674,0.909,10,-3.369,0,0.0464,0.469,0.0131,0.105,0.969,103.942,243760
4,0.831,0.782,4,-10.48,0,0.0595,0.0731,0.0171,0.032,0.631,107.877,208893
4,0.562,0.736,1,-5.367,1,0.14,0.0883,0.0401,0.0874,0.749,202.06,288046
4,0.797,0.731,9,-6.852,1,0.038,0.265,0.00245,0.067,0.893,104.193,305307
4,0.733,0.908,2,-4.31,1,0.0737,0.0354,6.06E-06,0.278,0.72,95.012,328359
4,0.748,0.812,1,-5.776,1,0.0624,0.0482,0,0.116,0.692,117.031,168334
4,0.669,0.825,5,-8.351,0,0.0432,0.0584,6.81E-05,0.0341,0.867,105.888,272347
4,0.542,0.869,0,-6.18,1,0.0954,0.225,0.891,0.0453,0.962,190.509,252000
4,0.666,0.733,9,-5.884,1,0.0563,0.138,0.000349,0.0892,0.597,101.858,304733
4,0.841,0.77,2,-5.482,1,0.139,0.0481,0.000191,0.158,0.709,130.023,231964
4,0.761,0.653,8,-5.611,0,0.0678,0.241,0.000549,0.0523,0.843,111.077,214266
4,0.581,0.827,10,-5.459,0,0.144,0.0174,0.00152,0.342,0.839,204.637,288253
4,0.732,0.81,10,-6.942,0,0.0426,0.0247,7.17E-05,0.0803,0.957,122.022,222957
4,0.814,0.672,9,-12.068,1,0.0619,0.0435,0,0.061,0.933,109.394,300000
4,0.776,0.457,1,-6.187,1,0.0759,0.0407,0.00378,0.0208,0.731,101.391,230493
4,0.376,0.67,10,-9.273,1,0.0854,0.0727,2.52E-06,0.0718,0.837,185.503,169293
4,0.707,0.827,11,-7.262,0,0.0784,0.229,4.69E-05,0.405,0.894,97.976,264957
4,0.688,0.788,7,-5.661,1,0.0352,0.172,0.511,0.0819,0.85,96.784,257107
4,0.689,0.878,2,-5.615,1,0.0496,0.00301,0.000758,0.07,0.874,100.019,271839
4,0.71,0.914,9,-3.592,1,0.0749,0.0602,0.00377,0.165,0.742,125.039,244840
4,0.798,0.85,10,-7.568,0,0.0446,0.256,0.768,0.0518,0.912,97.9,308547
4,0.782,0.825,11,-8.605,0,0.0436,0.0428,0.378,0.1,0.917,98.273,177792
4,0.696,0.91,2,-5.221,1,0.171,0.119,0.00835,0.213,0.607,114.562,229133
4,0.678,0.857,2,-4.187,1,0.0323,0.241,0.000657,0.0725,0.863,102.785,271160
4,0.794,0.662,8,-6.991,1,0.04,0.0038,7.87E-05,0.174,0.908,110.052,305480
4,0.894,0.707,9,-4.966,0,0.0592,0.153,2.52E-06,0.286,0.969,104.056,211988
4,0.94,0.675,7,-5.269,0,0.0429,0.0294,3.62E-05,0.145,0.884,122.886,279867
4,0.411,0.919,5,-5.643,0,0.185,0.00154,3.55E-06,0.504,0.72,171.643,238173
4,0.641,0.993,9,-3.262,1,0.0504,0.302,0.744,0.41,0.505,105.966,191160
4,0.813,0.717,0,-10.042,1,0.233,0.0153,0.00216,0.125,0.903,121.763,389390
4,0.808,0.85,5,-8.772,1,0.0868,0.115,0.000109,0.316,0.717,106.855,186533
4,0.789,0.602,7,-10.192,0,0.198,0.3,0.00549,0.0737,0.804,109.923,251400
4,0.67,0.663,2,-5.544,1,0.0489,0.202,0.00118,0.0413,0.597,173.953,297387
4,0.918,0.584,1,-8.37,1,0.0735,0.0537,0.00142,0.306,0.83,123.218,274667
4,0.843,0.48,11,-11.574,0,0.0492,0.28,0.000782,0.108,0.762,101.993,180493
4,0.782,0.967,1,-4.406,1,0.113,0.0255,0.000945,0.0321,0.902,119.322,308213
4,0.6,0.823,11,-10.531,1,0.0618,0.00926,0.893,0.547,0.874,105.849,137289
4,0.6,0.862,2,-6.061,1,0.0619,0.0114,0.425,0.187,0.745,126.686,185147
4,0.716,0.917,3,-4.449,1,0.0927,0.333,1.98E-05,0.0727,0.893,110.473,230067
4,0.819,0.498,2,-9.982,1,0.087,0.225,3.91E-05,0.149,0.493,106.003,252736
4,0.879,0.626,7,-6.344,1,0.0604,0.205,6.07E-05,0.056,0.968,110.864,212907
4,0.8,0.767,6,-6.04,1,0.0754,0.00423,0,0.0608,0.94,116.016,250267
5,0.359,0.362,7,-7.414,1,0.0276,0.815,0,0.313,0.382,92.18,390387
5,0.745,0.677,1,-5.355,1,0.215,0.181,0,0.0895,0.72,97.092,251258
5,0.666,0.601,1,-9.292,1,0.0625,0.34,0,0.0721,0.715,87.054,311063
5,0.557,0.746,8,-6.783,1,0.0306,0.0144,0,0.252,0.327,103.492,441547
5,0.329,0.557,6,-6.952,1,0.0433,0.0453,1.25E-05,0.166,0.218,90.022,366320
5,0.671,0.423,0,-9.992,0,0.0749,0.185,0.000255,0.0987,0.409,155.941,275583
5,0.629,0.624,9,-4.975,0,0.0745,0.12,0,0.203,0.73,140.042,209062
5,0.263,0.587,6,-5.446,1,0.0588,0.134,0,0.0989,0.157,173.81,365191
5,0.258,0.238,9,-18.088,1,0.0394,0.995,0.74,0.12,0.188,93.538,131893
5,0.496,0.0181,10,-29.83,1,0.0594,0.993,0.91,0.11,0.239,125.987,223842
5,0.818,0.721,0,-6.981,0,0.0606,0.125,0,0.367,0.858,109.978,236340
5,0.699,0.85,9,-5.207,1,0.0279,0.0763,0,0.424,0.963,119.988,237893
5,0.475,0.525,8,-6.652,1,0.0421,0.46,0,0.13,0.343,119.863,265173
5,0.54,0.871,10,-5.268,1,0.0469,0.0111,6.63E-06,0.361,0.301,103.012,379563
5,0.248,0.729,1,-4.707,0,0.0665,0.214,0,0.7,0.144,171.924,585080
5,0.654,0.871,7,-5.956,0,0.1,0.184,0,0.0937,0.533,94.972,299013
5,0.627,0.331,9,-12.206,1,0.0365,0.734,0,0.0944,0.28,114.998,215215
5,0.325,0.583,3,-7.099,1,0.0371,0.446,8.19E-06,0.403,0.155,140.056,344019
5,0.454,0.597,5,-6.908,1,0.0798,0.686,0,0.216,0.382,113.019,242893
5,0.655,0.954,1,-3.813,1,0.0888,0.0601,0,0.326,0.612,127.988,384013
5,0.522,0.625,2,-6.738,0,0.0322,0.0853,0,0.0786,0.199,103.075,220850
5,0.436,0.636,8,-5.065,1,0.0394,0.00914,0,0.137,0.272,93.594,506200
5,0.436,0.703,6,-6.403,1,0.0416,0.044,6.57E-06,0.195,0.263,125.992,458498
5,0.214,0.487,1,-8.455,1,0.0479,0.451,1.62E-05,0.393,0.194,81.36,423107
5,0.63,0.9,2,-5.548,1,0.232,0.106,0,0.331,0.769,165.923,257093
5,0.641,0.689,1,-5.938,0,0.155,0.268,0,0.185,0.806,91.805,246107
5,0.332,0.612,7,-4.897,0,0.126,0.127,0,0.169,0.171,192.174,292790
5,0.328,0.871,8,-4.596,1,0.123,0.0185,2.42E-06,0.922,0.271,167.021,434547
5,0.313,0.843,5,-4.868,1,0.302,0.0208,0,0.465,0.351,160.275,306427
5,0.573,0.898,0,-3.583,1,0.133,0.0427,0,0.15,0.539,125.745,223667
5,0.486,0.563,0,-6.492,1,0.0334,0.135,0,0.332,0.323,105.371,318187
5,0.5,0.602,9,-5.03,1,0.0286,0.081,0,0.34,0.24,116.136,383553
5,0.485,0.867,10,-4.937,0,0.224,0.0539,0.000208,0.127,0.845,85.55,175813
5,0.642,0.97,0,-2.253,1,0.0678,0.00915,0,0.476,0.516,104.975,384093
5,0.646,0.302,7,-8.825,1,0.0298,0.711,1.01E-05,0.166,0.402,118.009,227335
5,0.357,0.804,0,-4.313,1,0.0805,0.0808,0,0.33,0.322,84.807,259907
5,0.763,0.526,10,-7.201,0,0.0466,0.229,1.01E-05,0.0645,0.333,129.044,255787
5,0.447,0.635,0,-6.033,0,0.0445,0.514,0,0.684,0.237,119.285,376360
5,0.45,0.709,1,-6.451,1,0.0651,0.101,1.60E-05,0.432,0.419,155.821,323878
5,0.72,0.722,2,-4.462,0,0.192,0.182,0,0.254,0.293,102.132,320955
5,0.343,0.316,8,-10.43,1,0.0311,0.53,0,0.0784,0.0947,128.475,507893
5,0.344,0.822,6,-4.915,1,0.243,0.0249,0,0.117,0.413,89.409,295213
5,0.265,0.487,10,-5.495,1,0.0349,0.697,0,0.14,0.371,171.214,243613
5,0.556,0.843,1,-7.324,1,0.0555,0.0146,1.53E-05,0.784,0.403,112.935,408814
5,0.617,0.93,1,-4.565,0,0.151,0.0222,1.09E-05,0.295,0.329,124.083,273357
5,0.28,0.581,2,-4.831,1,0.0387,0.608,0,0.232,0.327,148.274,287674
5,0.484,0.73,5,-5.854,1,0.0997,0.0265,0,0.362,0.387,84.86,275581
5,0.906,0.798,8,-6.615,1,0.0716,0.0431,0.000847,0.0474,0.741,94.011,153853
5,0.286,0.761,5,-4.793,1,0.108,0.308,0,0.355,0.329,159.16,282827
5,0.584,0.927,10,-4.563,1,0.139,0.0161,0.00047,0.447,0.642,95.408,297653
5,0.385,0.698,1,-6.893,1,0.0857,0.0686,2.93E-06,0.65,0.357,79.285,469631
5,0.55,0.537,7,-9.271,1,0.138,0.254,0,0.112,0.219,90.151,290213
5,0.643,0.811,6,-5.718,0,0.115,0.126,0,0.882,0.747,92.327,225400
5,0.655,0.491,8,-6.982,1,0.21,0.603,0,0.49,0.835,178.062,345625
5,0.334,0.704,11,-5.991,1,0.0857,0.151,0,0.109,0.2,83.999,260120
5,0.363,0.833,7,-3.81,1,0.167,0.181,0,0.361,0.567,78.364,254120
5,0.48,0.731,8,-5.918,1,0.0965,0.362,0.000309,0.201,0.432,140.028,283587
5,0.529,0.9,1,-3.503,1,0.418,0.000248,1.21E-05,0.0426,0.434,180.291,104591
5,0.611,0.476,7,-5.411,1,0.0435,0.0299,0,0.482,0.401,87.971,238807
5,0.293,0.46,7,-6.992,1,0.0335,0.14,0,0.0779,0.191,97.635,480547
5,0.57,0.67,7,-5.226,1,0.142,0.241,0,0.173,0.482,166.088,175673
5,0.612,0.644,11,-5.552,1,0.0436,0.306,0,0.184,0.385,143.969,257541
5,0.461,0.413,6,-6.914,1,0.0327,0.197,2.25E-06,0.312,0.351,115.568,287573
5,0.627,0.579,10,-6.538,1,0.0261,0.147,0,0.109,0.214,99.029,287582
5,0.377,0.481,6,-8.371,1,0.0341,0.288,0,0.14,0.346,99.989,312255
5,0.135,0.372,4,-8.236,1,0.0363,0.0553,3.67E-06,0.0927,0.0393,80.906,305385
5,0.241,0.445,8,-10.443,1,0.0386,0.694,0,0.0842,0.205,78.448,306533
5,0.332,0.361,7,-10.706,1,0.0588,0.506,0,0.126,0.284,159.199,238416
5,0.352,0.79,8,-4.27,1,0.0702,0.133,0,0.119,0.223,126.603,402844
5,0.386,0.454,7,-7.676,1,0.0336,0.0742,0,0.114,0.0439,166.049,330361
5,0.894,0.416,9,-6.823,0,0.0538,0.312,0,0.146,0.463,116.96,116560
5,0.745,0.753,1,-2.408,1,0.164,0.223,0,0.705,0.589,144.057,307973
5,0.279,0.557,2,-6.452,1,0.0466,0.141,0.000382,0.23,0.254,70.529,213304
5,0.77,0.837,4,-5.397,0,0.0353,0.0806,0,0.0932,0.663,113.01,244376
5,0.752,0.516,4,-6.215,0,0.0433,0.136,0,0.0901,0.466,139.948,196199
5,0.57,0.66,1,-6.861,1,0.0537,0.000394,0.0688,0.111,0.401,188.08,188879
5,0.334,0.483,2,-7.812,1,0.0449,0.222,0,0.358,0.164,130.133,255974
5,0.599,0.49,7,-9.1,1,0.336,0.471,0.000272,0.0921,0.448,90.363,269253
5,0.671,0.423,0,-9.992,0,0.0749,0.185,0.000255,0.0987,0.409,155.941,275583
5,0.46,0.51,0,-7.814,1,0.0571,0.487,0,0.318,0.235,185.765,236769
5,0.826,0.524,8,-5.559,0,0.109,0.282,0,0.098,0.284,110.041,214973
5,0.387,0.44,4,-9.004,1,0.0527,0.552,0,0.424,0.251,58.609,248898
5,0.539,0.471,11,-6.998,1,0.0288,0.0446,4.73E-06,0.0798,0.15,112.071,245002
5,0.5,0.583,6,-7.152,0,0.113,0.291,0,0.836,0.297,63.452,314787
5,0.3,0.652,5,-5.265,1,0.0647,0.0387,0,0.309,0.413,181.52,223305
5,0.516,0.824,8,-4.926,1,0.234,0.429,0,0.302,0.519,171.936,328693
5,0.804,0.649,1,-4.429,1,0.0857,0.0859,0,0.112,0.906,91.067,378200
5,0.424,0.679,2,-7.565,1,0.111,0.0355,0.00154,0.0848,0.362,179.641,300947
5,0.402,0.404,1,-8.596,1,0.0279,0.66,0,0.477,0.354,96.074,133932
5,0.264,0.779,6,-6.427,1,0.0786,0.0491,0,0.275,0.518,139.657,243914
5,0.44,0.566,9,-9.447,1,0.198,0.713,0,0.149,0.176,104.062,204000
5,0.732,0.351,8,-8.916,1,0.0429,0.28,0,0.5,0.415,115.877,297960
5,0.566,0.63,0,-10.907,1,0.0521,0.292,0.0067,0.073,0.0385,95.047,183361
5,0.584,0.639,1,-6.435,1,0.0416,0.0407,0,0.116,0.192,100.979,233773
5,0.617,0.232,0,-9.379,0,0.0335,0.723,0,0.272,0.237,95.016,158858
5,0.304,0.389,7,-7.066,1,0.031,0.895,0.000114,0.161,0.171,144.77,288000
5,0.737,0.553,9,-6.311,1,0.0435,0.0871,1.08E-06,0.0618,0.624,140.022,213550
5,0.694,0.797,6,-5.227,0,0.0552,0.102,0,0.315,0.589,143.994,191191
5,0.531,0.644,0,-6.676,1,0.0586,0.111,0,0.268,0.499,91.986,331596
5,0.304,0.454,7,-8.535,1,0.0688,0.648,0,0.109,0.325,80.972,330360
6,0.823,0.586,6,-6.606,0,0.2,0.114,0,0.193,0.347,125.971,190476
6,0.825,0.458,0,-7.47,1,0.0577,0.114,0,0.102,0.161,145.115,197760
6,0.904,0.723,11,-5.224,0,0.26,0.0631,0,0.185,0.835,145.013,227478
6,0.752,0.673,10,-5.792,0,0.153,0.0538,0,0.133,0.35,164.009,163902
6,0.658,0.922,7,-1.864,1,0.101,0.0704,0,0.362,0.527,136.04,248137
6,0.816,0.579,1,-6.097,1,0.0867,0.203,0,0.127,0.43,120.078,226314
6,0.735,0.449,10,-7.507,1,0.347,0.629,0,0.113,0.0397,122.947,220488
6,0.835,0.564,1,-5.39,1,0.065,0.168,0,0.103,0.228,140.02,222929
6,0.615,0.731,4,-3.127,0,0.0829,0.586,0,0.0984,0.402,170.009,125103
6,0.926,0.542,1,-5.064,1,0.293,0.135,0,0.0877,0.564,135.14,181929
6,0.712,0.815,8,-5.68,0,0.138,0.478,0.000561,0.112,0.685,100.059,129930
6,0.358,0.913,2,-3.477,1,0.218,0.0881,0.392,0.287,0.577,75.01,206400
6,0.786,0.733,6,-4.961,0,0.127,0.0257,0,0.143,0.358,101.046,202653
6,0.907,0.7,8,-6.578,1,0.255,0.205,0,0.106,0.554,91.971,149126
6,0.764,0.502,0,-8.276,0,0.144,0.748,7.07E-06,0.0894,0.346,127.031,151379
6,0.722,0.596,2,-9.249,1,0.235,0.263,0,0.0823,0.33,74.928,192271
6,0.598,0.427,7,-8.764,0,0.0317,0.0546,5.83E-06,0.21,0.0605,76.469,175721
6,0.813,0.433,10,-10.249,0,0.736,0.0809,1.37E-06,0.0506,0.177,179.997,181394
6,0.769,0.787,11,-3.909,1,0.367,0.189,0,0.129,0.836,126.77,159715
6,0.855,0.651,0,-8.044,0,0.235,0.063,0,0.0772,0.559,111.997,193027
6,0.747,0.452,5,-10.564,1,0.173,0.118,0,0.0753,0.469,92.015,188000
6,0.81,0.71,7,-8.436,1,0.193,0.000812,0.0857,0.357,0.743,166.987,197400
6,0.864,0.695,2,-5.653,1,0.0694,0.00896,0,0.0685,0.215,110.029,150545
6,0.287,0.595,4,-9.34,0,0.0352,0.0332,0.00159,0.147,0.0384,74.979,137204
6,0.886,0.479,4,-8.054,0,0.334,0.077,0,0.135,0.408,130.029,158692
6,0.508,0.476,6,-13.277,0,0.124,0.181,2.65E-06,0.0849,0.283,149.88,243748
6,0.838,0.771,1,-3.791,1,0.244,0.0117,0,0.0853,0.405,175.957,245387
6,0.682,0.273,9,-17.094,0,0.0571,0.447,0.0342,0.208,0.215,135.004,171500
6,0.867,0.772,8,-5.941,1,0.169,0.0149,0,0.108,0.586,94.984,176842
6,0.714,0.609,0,-7.811,1,0.0599,0.00518,0.018,0.116,0.247,167.89,162773
6,0.753,0.437,5,-14.538,1,0.11,0.0294,0,0.136,0.16,112.047,164180
6,0.567,0.641,5,-5.719,1,0.0902,0.122,0,0.185,0.406,169.809,146823
6,0.805,0.764,10,-4.176,0,0.0664,0.035,0.00666,0.0489,0.124,144.077,230000
6,0.657,0.661,10,-5.297,0,0.111,0.419,0,0.0833,0.421,79.057,142785
6,0.809,0.741,5,-8.45,1,0.186,0.448,2.38E-06,0.147,0.866,160.038,198118
6,0.641,0.781,2,-3.73,0,0.221,0.46,0,0.392,0.847,84.958,174353
6,0.787,0.713,7,-5.252,1,0.401,0.0849,0,0.717,0.761,175.046,148759
6,0.699,0.651,5,-8.35,1,0.105,0.343,0.000635,0.115,0.347,96.041,194928
6,0.814,0.329,1,-9.119,1,0.155,0.0943,3.92E-05,0.113,0.428,99.742,181653
6,0.474,0.631,5,-5.884,0,0.343,0.0687,0,0.132,0.425,180.051,189323
6,0.743,0.448,2,-10.288,0,0.0405,0.478,0,0.247,0.525,100.029,177590
6,0.753,0.652,10,-5.943,0,0.0753,0.444,0,0.117,0.745,139.962,123560
6,0.876,0.733,10,-4.478,0,0.333,0.0208,0,0.0999,0.962,154.904,148630
6,0.974,0.596,6,-8.888,1,0.184,0.0976,0,0.151,0.892,111.959,149040
6,0.768,0.652,1,-2.708,0,0.307,0.113,0,0.107,0.777,154.187,144935
6,0.817,0.873,1,-4.221,1,0.121,0.0325,7.72E-06,0.129,0.76,116.016,234052
6,0.902,0.608,11,-6.238,1,0.27,0.000456,0,0.0621,0.836,84.001,160742
6,0.816,0.582,8,-4.141,1,0.341,0.0794,5.84E-06,0.0916,0.542,160.004,136366
6,0.84,0.227,2,-15.351,1,0.0742,0.763,2.62E-05,0.0911,0.409,119.989,211984
6,0.664,0.678,1,-5.906,0,0.232,0.206,7.51E-06,0.171,0.517,134.141,173784
6,0.717,0.598,5,-5.613,0,0.0809,0.22,0,0.122,0.496,153.905,151040
6,0.83,0.564,1,-7.822,1,0.235,0.177,0,0.128,0.107,85.042,129882
6,0.831,0.502,10,-4.045,0,0.046,0.101,0,0.122,0.101,100.541,205427
6,0.873,0.591,2,-5.928,1,0.226,0.168,0,0.117,0.277,100.515,143333
6,0.956,0.668,1,-5.365,1,0.362,0.00975,0,0.113,0.481,127.927,211677
6,0.772,0.847,10,-3.789,0,0.0929,0.00718,0,0.156,0.704,100.013,163390
6,0.852,0.839,1,-4.653,1,0.206,0.0335,0,0.176,0.484,100.016,123200
6,0.827,0.56,4,-8.024,0,0.112,0.0108,0,0.114,0.176,129.891,192105
6,0.902,0.472,1,-6.802,1,0.469,0.0153,0,0.0539,0.65,140.046,191975
6,0.542,0.674,6,-4.169,1,0.21,0.0588,0,0.0955,0.667,76.388,196760
6,0.741,0.522,0,-8.63,0,0.133,0.317,1.31E-05,0.174,0.324,84.987,161455
6,0.753,0.597,8,-8.469,1,0.292,0.0477,0,0.197,0.616,76.997,175170
6,0.796,0.586,4,-6.946,0,0.147,0.0247,0,0.132,0.179,97.981,200107
6,0.711,0.584,5,-7.648,1,0.0707,0.421,0,0.178,0.722,97.972,181455
6,0.683,0.667,2,-6.436,0,0.276,0.0105,0,0.076,0.373,180.005,171227
6,0.698,0.454,1,-6.756,0,0.151,0.123,0,0.155,0.137,92.932,260640
6,0.811,0.512,8,-7.455,1,0.316,0.354,0,0.102,0.752,139.918,260875
6,0.816,0.775,11,-3.323,1,0.234,0.16,0.00031,0.0543,0.527,93.431,270587
6,0.763,0.786,10,-6.472,0,0.229,0.0146,0.0114,0.0817,0.504,93.857,325507
6,0.889,0.816,9,-4.67,1,0.247,0.472,0,0.204,0.777,96.056,302693
6,0.479,0.549,11,-10.551,0,0.373,0.57,0.0239,0.127,0.576,180.985,252187
6,0.922,0.909,10,-2.429,0,0.27,0.0281,0,0.0856,0.309,95.295,161507
6,0.778,0.578,9,-7.22,0,0.274,0.432,0,0.138,0.758,84.487,252747
6,0.798,0.744,7,-5.328,0,0.136,0.33,0.000106,0.292,0.794,82.356,260000
6,0.801,0.908,2,-6.554,1,0.221,0.00253,0.000655,0.0698,0.805,87.279,278387
6,0.849,0.521,11,-12.999,0,0.216,0.304,1.65E-06,0.115,0.763,95.265,248867
6,0.897,0.612,11,-10.489,1,0.211,0.0297,0.186,0.0894,0.767,102.305,208267
6,0.875,0.745,1,-5.878,1,0.269,0.0227,2.37E-06,0.287,0.749,95.201,217440
6,0.813,0.703,11,-5.077,0,0.268,0.125,1.26E-06,0.237,0.241,94.828,224533
6,0.834,0.878,8,-9.484,1,0.15,0.0461,0,0.334,0.418,102.848,258688
6,0.665,0.91,6,-4.682,0,0.223,0.0394,0,0.227,0.887,84.099,293973
6,0.549,0.853,7,-4.293,1,0.188,0.0285,0.000296,0.618,0.346,94.695,211493
6,0.901,0.697,9,-3.439,1,0.28,0.145,0,0.287,0.67,93.941,229827
6,0.873,0.719,1,-5.948,1,0.248,0.03,0,0.333,0.858,93.281,307773
6,0.924,0.74,8,-1.299,1,0.0774,0.0827,0,0.163,0.621,133.974,222293
6,0.724,0.853,11,-3.895,0,0.283,0.0164,0,0.65,0.775,170.51,332733
6,0.934,0.735,1,-6.668,1,0.251,0.031,8.60E-06,0.107,0.768,101.368,273107
6,0.859,0.75,8,-8.325,0,0.303,0.0193,0,0.0538,0.857,98.691,345717
6,0.875,0.658,0,-3.641,1,0.359,0.275,0,0.122,0.661,92.039,274093
6,0.647,0.514,8,-10.05,1,0.0593,0.0655,0,0.398,0.387,79.974,240693
6,0.826,0.566,10,-10.747,0,0.31,0.197,0,0.356,0.653,99.13,216133
6,0.785,0.479,3,-10.247,1,0.362,0.0417,3.50E-05,0.334,0.727,87.691,339893
6,0.692,0.833,7,-3.974,1,0.0492,0.000136,1.98E-05,0.515,0.692,96.814,246320
6,0.828,0.686,11,-5.689,0,0.218,0.273,0,0.524,0.617,91.713,319373
6,0.777,0.957,11,-3.201,0,0.319,0.179,0,0.296,0.543,105.756,313053
6,0.803,0.784,11,-5.97,0,0.198,0.0012,0.000161,0.0794,0.801,90.185,296907
6,0.6,0.706,10,-7.899,0,0.361,0.209,0,0.125,0.58,173.926,253533
6,0.886,0.512,10,-11.825,0,0.237,0.207,0,0.0991,0.454,93.997,308733
6,0.678,0.794,10,-6.186,0,0.14,0.274,1.68E-06,0.124,0.54,87.374,290573
6,0.894,0.698,6,-8.264,0,0.275,0.0279,3.56E-06,0.329,0.695,98.104,336917
7,0.707,0.611,7,-8.222,1,0.0304,0.631,0.884,0.0807,0.657,92.041,245387
7,0.759,0.515,10,-9.74,0,0.0314,0.696,0.76,0.0932,0.794,106.052,246547
7,0.702,0.903,1,-3.538,1,0.0301,0.0945,0.0531,0.0358,0.96,98.03,263347
7,0.782,0.921,10,-5.755,0,0.0374,0.178,0.817,0.0847,0.583,102.006,244000
7,0.769,0.752,11,-6.095,0,0.0521,0.00385,0.866,0.175,0.622,115.991,306734
7,0.576,0.663,5,-7.016,0,0.0356,0.0848,0.403,0.0587,0.554,90.943,257368
7,0.707,0.775,5,-7.839,1,0.0362,0.254,0.42,0.203,0.855,100.013,241933
7,0.53,0.718,7,-7.472,0,0.0382,0.0629,0.0391,0.0779,0.479,89.848,267914
7,0.398,0.577,7,-6.091,0,0.238,0.237,0.000145,0.0662,0.652,198.743,271189
7,0.819,0.841,5,-5.55,1,0.0291,0.133,0.805,0.045,0.653,112.024,253134
7,0.653,0.79,5,-5.759,0,0.0341,0.0163,0.0923,0.206,0.606,92.011,252757
7,0.869,0.689,11,-7.07,0,0.0417,0.194,0.937,0.0857,0.955,113.983,257853
7,0.661,0.643,8,-8.379,0,0.0254,0.19,0.105,0.323,0.664,112.039,207480
7,0.59,0.455,2,-11.335,1,0.0277,0.218,0.907,0.217,0.435,139.994,223197
7,0.659,0.695,11,-9.208,0,0.0613,0.383,0.915,0.354,0.685,74.984,303067
7,0.651,0.658,4,-9.399,0,0.0364,0.0251,0.00432,0.131,0.699,92.992,257750
7,0.76,0.462,9,-11.571,1,0.0355,0.333,0.727,0.0997,0.842,109.998,423320
7,0.339,0.617,7,-9.396,0,0.0312,0.893,0.933,0.0857,0.726,91.328,264187
7,0.466,0.485,4,-11.151,0,0.056,0.531,0.744,0.175,0.736,84.282,332000
7,0.744,0.562,5,-8.709,0,0.0336,0.0904,0.883,0.0848,0.714,113.066,261401
7,0.73,0.619,1,-7.026,1,0.0302,0.0913,0.81,0.176,0.523,104.975,243987
7,0.846,0.827,0,-6.741,1,0.0408,0.526,0.851,0.065,0.87,117.976,219693
7,0.79,0.624,0,-7.367,1,0.0294,0.45,0.381,0.0885,0.89,120.062,235507
7,0.668,0.727,2,-6.402,0,0.0261,0.0118,0.472,0.0379,0.9,116,262093
7,0.763,0.592,10,-8.987,1,0.0313,0.325,0.862,0.0815,0.675,121.065,304357
7,0.427,0.637,7,-9.346,1,0.0645,0.33,0.1,0.0917,0.488,98.451,245106
7,0.658,0.784,3,-9.396,1,0.0292,0.404,0.0569,0.119,0.645,112.062,238750
7,0.786,0.543,4,-10.096,0,0.035,0.725,0.909,0.091,0.715,112.005,238707
7,0.681,0.557,2,-7.666,1,0.0417,0.565,0.692,0.0839,0.57,87.906,341796
7,0.661,0.739,5,-7.38,0,0.0688,0.0816,0.0532,0.0932,0.485,104.175,281747
7,0.653,0.575,4,-11.413,0,0.061,0.0915,0.328,0.0935,0.499,99.995,250691
7,0.523,0.619,8,-6.097,1,0.0267,0.252,0.791,0.172,0.336,80.013,282533
7,0.652,0.809,5,-7.697,0,0.0415,0.0571,0.628,0.21,0.669,108.03,257933
7,0.794,0.674,1,-11.176,1,0.0494,0.0677,0.000199,0.0749,0.742,120.013,356000
7,0.783,0.62,5,-8.4,0,0.0318,0.444,2.85E-06,0.0909,0.419,134.054,273282
7,0.694,0.837,8,-9.309,0,0.0332,0.406,0.185,0.0567,0.836,96.005,225610
7,0.7,0.912,11,-6.592,0,0.0472,0.115,0.93,0.0947,0.807,99.998,272400
7,0.757,0.755,0,-6.807,1,0.0278,0.71,0.897,0.0991,0.859,118.056,214263
7,0.773,0.834,1,-5.045,1,0.0608,0.149,0.73,0.0959,0.96,111.025,260693
7,0.764,0.684,10,-9.697,0,0.0297,0.462,0.932,0.339,0.815,108.017,249640
7,0.767,0.705,5,-6.233,0,0.0508,0.402,0.145,0.0501,0.728,81.974,253577
7,0.633,0.405,5,-13.289,1,0.0347,0.673,0.898,0.087,0.388,81.998,311800
7,0.805,0.395,5,-9.609,0,0.0626,0.58,0.914,0.187,0.437,154.119,317413
7,0.731,0.752,2,-7.899,1,0.0356,0.0713,0.892,0.278,0.667,123.972,359302
7,0.647,0.71,5,-7.653,1,0.0485,0.477,0.401,0.221,0.535,103.06,239718
7,0.675,0.56,11,-11.853,0,0.0367,0.383,0.824,0.2,0.706,97.003,233307
7,0.798,0.486,5,-7.007,0,0.0459,0.465,0.488,0.234,0.458,93.963,226681
7,0.73,0.649,3,-9.818,0,0.0554,0.547,0.481,0.0722,0.666,103.015,285171
7,0.408,0.819,3,-5.296,0,0.16,0.321,0.8,0.0704,0.741,200.248,251451
7,0.767,0.86,5,-3.987,0,0.0424,0.492,0.874,0.086,0.765,114.938,238867
7,0.376,0.0222,11,-26.348,1,0.0563,0.995,0.936,0.124,0.229,72.772,187399
7,0.497,0.409,5,-14.42,0,0.0333,0.012,0.802,0.113,0.168,170.046,121419
7,0.597,0.304,10,-13.681,1,0.0299,0.908,0.898,0.141,0.434,139.688,175959
7,0.664,0.12,10,-16.577,1,0.0431,0.981,0.922,0.113,0.274,119.744,223000
7,0.302,0.0134,10,-27.372,1,0.0418,0.991,0.925,0.129,0.433,85.572,139052
7,0.483,0.193,1,-16.57,0,0.0344,0.933,0.95,0.101,0.205,85.137,202147
7,0.72,0.302,1,-17.8,1,0.0363,0.954,0.937,0.0995,0.535,117.881,218910
7,0.372,0.168,5,-22.966,1,0.0319,0.738,0.729,0.0917,0.195,96.074,465133
7,0.457,0.102,5,-20.175,0,0.04,0.977,0.858,0.108,0.199,114.279,243334
7,0.794,0.325,4,-12.578,0,0.0499,0.581,0.000544,0.306,0.314,100.014,243451
7,0.536,0.0572,5,-21.435,0,0.0452,0.973,0.919,0.115,0.178,137.15,240960
7,0.484,0.17,0,-15.033,0,0.0358,0.927,0.911,0.112,0.164,107.194,337986
7,0.351,0.244,9,-10.019,1,0.0318,0.977,0.0749,0.107,0.31,68.92,223908
7,0.576,0.328,5,-10.995,1,0.0367,0.95,0.795,0.106,0.231,117.239,377500
7,0.316,0.0105,6,-22.864,1,0.0385,0.992,0.864,0.09,0.176,66.492,228513
7,0.495,0.359,7,-8.175,0,0.0299,0.85,0.684,0.102,0.296,102.423,137317
7,0.747,0.476,4,-10.945,1,0.0577,0.772,0.183,0.321,0.664,149.89,149954
7,0.411,0.449,9,-15.659,0,0.0318,0.548,0.609,0.0814,0.579,144,250000
7,0.493,0.297,4,-18.663,0,0.0335,0.892,0.964,0.11,0.525,125.543,279000
7,0.373,0.183,5,-18.031,0,0.0356,0.922,0.8,0.0934,0.144,185.057,316098
7,0.646,0.237,4,-13.886,0,0.0601,0.828,0.845,0.0961,0.537,85.199,185747
7,0.386,0.106,0,-19.209,0,0.0308,0.977,0.941,0.121,0.16,101.784,301500
7,0.578,0.0801,8,-20.314,1,0.0501,0.966,0.539,0.106,0.0747,105.706,242067
7,0.397,0.287,7,-16.476,1,0.0346,0.624,0.663,0.0614,0.321,83.015,236000
7,0.812,0.358,5,-9.313,1,0.0482,0.886,0.901,0.158,0.688,120.006,219750
7,0.446,0.188,7,-17.215,0,0.0303,0.786,0.0916,0.104,0.0988,107.147,258227
7,0.485,0.0422,9,-21.347,0,0.0345,0.96,0.869,0.0954,0.246,80.473,213893
7,0.402,0.647,5,-12.533,1,0.0341,0.353,0.00124,0.284,0.792,96.064,205453
7,0.732,0.226,1,-15.145,0,0.0452,0.562,0.866,0.0752,0.181,85.289,151901
7,0.518,0.0493,9,-26.565,0,0.0346,0.9,0.879,0.349,0.16,61.908,375094
7,0.664,0.233,7,-20.362,0,0.0488,0.397,0.775,0.0801,0.876,143.914,200867
7,0.423,0.22,0,-13.499,0,0.0298,0.949,0.854,0.12,0.152,107.595,438625
7,0.431,0.174,0,-19.689,1,0.0373,0.936,0.897,0.109,0.108,107.63,301595
7,0.487,0.12,10,-20.964,1,0.04,0.892,0.853,0.0996,0.131,56.822,314763
7,0.754,0.148,5,-17.648,1,0.0554,0.922,0.328,0.107,0.412,120.895,219000
7,0.397,0.217,7,-16.94,0,0.03,0.905,0.23,0.083,0.169,61.49,343750
7,0.403,0.13,2,-14.665,1,0.0374,0.969,0.804,0.125,0.0904,137.726,365880
7,0.518,0.128,0,-17.5,1,0.0335,0.939,0.912,0.115,0.118,115.794,318879
7,0.559,0.2,0,-17.49,0,0.0372,0.945,0.505,0.121,0.305,124.408,352250
7,0.521,0.0362,0,-18.862,0,0.0597,0.995,0.959,0.14,0.105,62.649,134670
7,0.503,0.179,7,-18.691,0,0.0545,0.742,0.915,0.126,0.667,167.594,216500
7,0.542,0.101,0,-17.675,1,0.0457,0.988,0.944,0.0936,0.44,73.782,182253
7,0.553,0.332,7,-8.588,0,0.0324,0.896,0.595,0.353,0.4,119.511,190963
7,0.515,0.184,0,-16.969,1,0.0426,0.858,0.18,0.12,0.218,122.744,381051
7,0.519,0.151,5,-20.193,0,0.0412,0.977,0.952,0.0972,0.342,141.725,190598
7,0.76,0.207,8,-14.373,1,0.033,0.748,0.85,0.135,0.284,85.257,137957
7,0.445,0.144,1,-17.051,1,0.0367,0.929,0.664,0.164,0.206,138.898,304293
7,0.563,0.209,5,-17.847,1,0.0389,0.858,0.0654,0.121,0.764,137.327,202500
7,0.358,0.0482,11,-18.887,1,0.0452,0.994,0.941,0.109,0.366,74.878,170496
7,0.652,0.796,8,-9.88,1,0.0349,0.447,0.876,0.079,0.756,90.013,224627
8,0.568,0.981,2,-3.889,1,0.0887,0.00269,0.00275,0.0243,0.307,135.146,284120
8,0.543,0.836,4,-9.11,0,0.0353,0.000647,0.431,0.153,0.56,105.173,515387
8,0.43,0.704,1,-8.008,0,0.0804,0.000155,0.00221,0.0933,0.703,118.242,315120
8,0.61,0.891,4,-5.452,0,0.0587,0.000805,0.0928,0.0657,0.51,139.903,246733
8,0.354,0.982,4,-3.026,0,0.168,0.000237,0.000294,0.204,0.194,143.772,252613
8,0.415,0.908,2,-9.701,1,0.0765,0.00437,0.0345,0.082,0.437,114.816,243533
8,0.577,0.828,6,-8.691,0,0.0298,0.00213,0.0114,0.0581,0.604,123.257,331267
8,0.325,0.985,11,-3.941,1,0.151,0.00177,0.107,0.351,0.221,125.307,392600
8,0.285,0.908,4,-4.601,0,0.0705,0.0318,0.00909,0.311,0.669,159.756,252733
8,0.695,0.876,3,-4.262,0,0.0553,0.000996,6.89E-06,0.106,0.941,89.954,279213
8,0.329,0.974,3,-8.77,0,0.135,0.000852,0.000118,0.0904,0.234,140.862,166920
8,0.556,0.981,1,-2.688,0,0.128,0.00662,0,0.218,0.716,101.423,255467
8,0.435,0.987,1,-4.667,0,0.16,0.000195,0.0847,0.268,0.101,103.16,365827
8,0.291,0.974,6,-2.997,0,0.171,0.0177,5.44E-06,0.886,0.348,134.724,278600
8,0.519,0.982,7,-3.547,1,0.108,0.00203,0.00055,0.0971,0.361,97.745,319267
8,0.518,0.858,0,-6.147,1,0.0672,0.00563,0.00349,0.0598,0.249,117.897,309973
8,0.419,0.878,7,-6.352,1,0.0553,0.000594,0.559,0.139,0.666,147.385,264800
8,0.308,0.866,2,-5.671,0,0.059,0.000739,0.00141,0.232,0.227,109.825,438120
8,0.512,0.996,2,-2.1,1,0.114,5.63E-05,0.000167,0.347,0.0601,130.931,220880
8,0.429,0.631,4,-11.514,0,0.0769,7.85E-05,0.00411,0.175,0.376,162.734,168440
8,0.329,0.885,9,-10.661,1,0.0904,0.0242,0.00433,0.735,0.481,163.538,259760
8,0.64,0.922,9,-6.283,0,0.0385,0.00369,0.055,0.332,0.716,125.105,234227
8,0.362,0.961,2,-5.664,1,0.0857,0.024,9.35E-06,0.159,0.491,164.019,153840
8,0.445,0.964,9,-5.493,1,0.282,0.037,0.0132,0.0773,0.448,140.817,414720
8,0.248,0.988,2,-3.74,1,0.144,5.87E-05,0.84,0.323,0.149,115.301,311200
8,0.398,0.939,9,-2.865,0,0.0648,0.00591,0.000881,0.357,0.235,92.027,342821
8,0.409,0.89,0,-6.839,1,0.0558,0.088,0.107,0.0935,0.268,100.409,290587
8,0.274,0.726,9,-11.541,1,0.0449,0.000212,0.0113,0.0993,0.426,146.449,422933
8,0.453,0.906,9,-4.001,1,0.115,0.361,0.000569,0.26,0.473,137.575,296200
8,0.404,0.969,8,-2.938,1,0.195,8.51E-05,0.0114,0.268,0.29,173.878,245227
8,0.366,0.956,10,-3.725,0,0.108,0.000293,0.00447,0.449,0.159,104.016,230127
8,0.148,0.908,9,-7.336,1,0.117,4.66E-06,0.614,0.0723,0.0707,93.888,243360
8,0.372,0.888,2,-5.88,1,0.0943,0.000211,0.00442,0.115,0.555,141.374,305293
8,0.437,0.695,7,-9.447,1,0.0617,0.00111,0.0857,0.124,0.413,102.178,447440
8,0.249,0.943,0,-5.188,1,0.0669,0.0286,0.00401,0.162,0.458,173.671,233507
8,0.339,0.991,2,-5.028,1,0.145,0.000249,0.00327,0.261,0.185,106.767,300093
8,0.322,0.932,4,-4.252,0,0.163,8.57E-05,0.817,0.0969,0.376,138.042,244160
8,0.428,0.874,4,-6.664,0,0.128,0.000337,0.0419,0.311,0.261,119.708,212253
8,0.332,0.769,9,-11.503,1,0.0765,0.00367,0.00413,0.0372,0.525,157.378,354774
8,0.466,0.833,7,-4.215,1,0.304,0.0266,0,0.0327,0.661,88.785,313573
8,0.402,0.994,8,-7.338,0,0.0623,3.79E-05,0.0934,0.145,0.247,104.111,199867
8,0.311,0.658,6,-13.529,1,0.0406,0.0706,0.104,0.093,0.353,151.813,314720
8,0.302,0.805,6,-11.395,0,0.0967,0.000849,4.19E-06,0.151,0.578,112.766,275387
8,0.508,0.912,9,-8.049,0,0.0368,7.06E-05,0.403,0.0492,0.682,117.582,252693
8,0.475,0.953,2,-6.95,1,0.147,0.000288,0.00337,0.104,0.224,118.033,199227
8,0.547,0.963,4,-2.337,0,0.0744,0.000443,0.0251,0.353,0.441,130.061,268587
8,0.278,0.985,11,-1.934,1,0.129,0.000234,0.000235,0.104,0.342,104.803,277800
8,0.462,0.996,11,-2.973,0,0.231,5.80E-05,0.00377,0.139,0.145,122.072,215600
8,0.427,0.946,7,-2.188,1,0.0469,0.000118,0.0253,0.0604,0.237,101.305,260773
8,0.451,0.993,1,-4.143,1,0.185,0.000562,0.00479,0.152,0.14,100.827,254000
8,0.517,0.95,9,-7.177,0,0.0437,7.76E-05,0.888,0.338,0.586,132.02,284720
8,0.374,0.945,7,-4.949,1,0.0946,0.00097,0,0.0746,0.226,146.626,292747
8,0.515,0.913,1,-4.549,0,0.03,2.56E-05,0.145,0.0687,0.49,95.006,264385
8,0.508,0.613,8,-4.788,0,0.0283,0.352,1.10E-05,0.155,0.23,139.701,320467
8,0.466,0.361,2,-11.991,0,0.0308,0.0282,0,0.155,0.543,125.108,199213
8,0.301,0.813,2,-8.786,0,0.0568,0.000674,0.000631,0.197,0.236,109.25,436960
8,0.225,0.951,0,-4.654,1,0.0924,0.00837,0.000225,0.219,0.471,173.241,233947
8,0.249,0.792,4,-6.456,0,0.047,0.0261,0.0336,0.149,0.415,177.899,435453
8,0.421,0.976,4,-4.961,0,0.148,0.000694,2.12E-06,0.106,0.284,101.701,276613
8,0.183,0.752,1,-8.803,0,0.141,0.0147,0.00544,0.43,0.158,135.202,462507
8,0.416,0.938,2,-14.079,1,0.083,8.44E-05,0.32,0.339,0.123,140.089,228667
8,0.305,0.974,2,-5.079,1,0.0639,0.000937,0.0139,0.153,0.538,134.32,269467
8,0.452,0.955,4,-6.517,0,0.0637,0.000293,0.000198,0.175,0.537,94.717,359787
8,0.331,0.741,6,-8.082,0,0.0412,0.00332,0.0193,0.0829,0.347,112.758,416493
8,0.307,0.911,4,-5.193,0,0.0364,0.00168,0.136,0.393,0.343,104.905,432507
8,0.496,0.62,4,-7.458,0,0.0265,0.00386,1.47E-06,0.114,0.279,140.06,384013
8,0.224,0.956,4,-5.52,0,0.119,0.0598,2.65E-05,0.152,0.394,154.166,306160
8,0.358,0.948,2,-6.764,1,0.0785,0.0218,8.37E-06,0.113,0.504,164.001,154347
8,0.551,0.938,4,-6.61,0,0.0451,0.000335,1.90E-06,0.407,0.544,126.576,284560
8,0.273,0.848,2,-8.273,1,0.0865,3.52E-05,2.44E-06,0.125,0.285,73.676,304253
8,0.217,0.881,4,-7.751,0,0.0941,1.76E-05,0.000329,0.201,0.228,125.108,831813
8,0.441,0.909,11,-6.092,0,0.0465,0.0121,0.377,0.167,0.783,104.81,175200
8,0.26,0.956,4,-7.536,0,0.1,0.00254,1.10E-05,0.0859,0.295,160.983,273533
8,0.303,0.974,4,-6.191,0,0.0985,0.000465,0.0836,0.515,0.301,137.358,407987
8,0.176,0.726,8,-7.074,0,0.0537,0.0575,3.01E-06,0.148,0.374,185.66,234533
8,0.496,0.952,1,-4.565,1,0.0652,0.000168,0.000179,0.402,0.195,98.062,247273
8,0.484,0.941,7,-4.594,0,0.0753,0.000615,9.06E-05,0.276,0.2,122.012,306047
8,0.395,0.918,10,-5.297,1,0.0728,4.89E-05,0.179,0.126,0.21,94.155,264200
8,0.276,0.964,1,-4.764,0,0.0758,0.00021,1.24E-06,0.275,0.309,85.476,265720
8,0.342,0.918,1,-5.115,0,0.0494,0.00921,0,0.0771,0.483,115.757,222560
8,0.347,0.971,0,-4.325,1,0.0868,8.75E-06,0.383,0.356,0.0582,152.055,366000
8,0.352,0.958,9,-4.591,0,0.163,5.24E-05,0.173,0.252,0.0942,168.091,344973
8,0.369,0.943,5,-3.893,1,0.0712,5.94E-06,0.00179,0.186,0.277,92.164,306733
8,0.396,0.916,11,-4.532,1,0.0964,8.92E-05,0.00342,0.0725,0.201,107.217,302053
8,0.473,0.96,4,-3.135,0,0.148,0.00923,0,0.106,0.312,156.031,324423
8,0.363,0.905,1,-5.038,0,0.0937,0.00836,3.08E-06,0.0674,0.453,89.977,311359
8,0.602,0.75,0,-4.957,1,0.0585,0.0532,0,0.117,0.644,130.044,203486
8,0.495,0.911,4,-3.917,0,0.0543,0.000331,7.17E-06,0.198,0.464,130.982,334200
8,0.441,0.948,4,-6.241,0,0.0504,8.87E-06,0.0218,0.34,0.483,79.516,248547
8,0.288,0.974,9,-3.583,0,0.167,0.0003,0.0241,0.0816,0.117,180.019,406933
8,0.457,0.645,11,-5.97,1,0.0267,0.00388,0,0.185,0.148,98.679,392400
8,0.288,0.806,11,-6.045,1,0.0455,0.00316,0.000116,0.129,0.152,111.338,857760
8,0.42,0.93,2,-5.583,0,0.0638,0.0189,0.00675,0.264,0.344,99.641,291373
8,0.288,0.864,4,-6.762,0,0.0673,0.0172,0.0567,0.541,0.621,162.233,250947
8,0.426,0.957,9,-5.127,1,0.0664,4.00E-06,0.0763,0.138,0.172,109.988,239093
8,0.464,0.942,1,-4.471,0,0.0327,4.25E-05,4.17E-05,0.395,0.513,97.959,234693
8,0.399,0.931,10,-6.647,1,0.0912,2.58E-05,0.293,0.199,0.206,162.008,358907
8,0.491,0.789,10,-10.652,0,0.0791,0.0119,0.591,0.309,0.125,91.991,341707
8,0.534,0.929,1,-3.609,1,0.047,0.000206,5.58E-05,0.036,0.447,122.733,266240
8,0.336,0.978,7,-2.358,1,0.0846,0.000437,0.000525,0.138,0.496,129.842,315177
9,0.597,0.45,8,-6.658,1,0.0418,0.223,0,0.382,0.537,178.765,228482
9,0.715,0.827,4,-5.09,0,0.0617,0.0485,3.61E-05,0.321,0.75,117.977,185277
9,0.486,0.567,1,-6.456,1,0.0379,0.31,0,0.0949,0.154,93.68,211254
9,0.571,0.693,6,-8.234,0,0.0545,0.00536,0,0.173,0.393,168.169,232253
9,0.784,0.43,10,-8.756,0,0.0364,0.123,0,0.0887,0.236,127.087,159382
9,0.827,0.794,9,-5.445,1,0.0754,0.00696,0,0.116,0.377,113.008,180960
9,0.499,0.898,8,-4.181,0,0.124,0.124,7.20E-06,0.0832,0.618,120.04,207668
9,0.771,0.671,2,-5.617,1,0.0553,0.00929,0,0.0637,0.714,85.026,171360
9,0.806,0.546,9,-6.637,1,0.0575,0.3,0,0.102,0.874,147.986,212867
9,0.664,0.708,8,-4.154,1,0.0474,0.0337,0,0.0841,0.742,103.07,174800
9,0.676,0.506,9,-6.652,0,0.0958,0.345,0,0.118,0.497,145.842,208520
9,0.842,0.734,1,-5.065,0,0.0588,0.0427,0,0.106,0.952,137.958,181027
9,0.759,0.548,9,-6.049,0,0.029,0.0392,0,0.0828,0.749,116.967,190800
9,0.612,0.539,3,-5.071,1,0.0488,0.104,0,0.18,0.294,79.948,186480
9,0.811,0.512,2,-6.381,1,0.17,0.218,0.0262,0.0768,0.346,92.046,161188
9,0.672,0.855,9,-3.764,1,0.0397,0.021,0,0.323,0.646,123.056,182200
9,0.856,0.622,10,-5.217,0,0.0564,0.36,0,0.0875,0.778,114.976,210921
9,0.576,0.46,5,-4.173,1,0.246,0.476,0,0.107,0.625,176.185,158099
9,0.606,0.799,9,-4.452,1,0.0261,0.0128,0,0.15,0.638,103.014,232907
9,0.724,0.594,6,-7.126,0,0.102,0.393,0.00116,0.0889,0.413,136.002,194750
9,0.719,0.687,0,-7.875,1,0.0601,0.046,1.09E-06,0.12,0.627,118.018,142587
9,0.783,0.912,0,-3.713,1,0.243,0.0238,0,0.339,0.749,98.025,166898
9,0.796,0.591,5,-6.413,1,0.0608,0.193,0.0248,0.0938,0.51,102.963,156116
9,0.795,0.18,0,-11.99,1,0.0586,0.599,0,0.623,0.628,93.956,181613
9,0.488,0.343,4,-8.985,1,0.0436,0.556,0,0.21,0.0978,102.819,206459
9,0.7,0.457,7,-8.667,1,0.0621,0.369,0,0.106,0.433,144.905,194757
9,0.599,0.465,4,-4.95,1,0.0314,0.643,1.57E-06,0.149,0.0678,113.82,230880
9,0.74,0.415,0,-8.914,1,0.0707,0.242,0.000156,0.319,0.156,136.029,180161
9,0.61,0.83,0,-4.105,1,0.0571,0.033,0,0.118,0.728,182.162,193000
9,0.758,0.562,9,-6.302,1,0.0771,0.0996,0,0.0996,0.581,142.035,217493
9,0.506,0.698,7,-7.014,0,0.176,0.0108,0,0.172,0.223,180.05,213245
9,0.501,0.674,5,-6.363,1,0.0408,0.00346,3.56E-05,0.282,0.152,155.051,200838
9,0.444,0.309,8,-10.956,1,0.062,0.795,0.132,0.352,0.0875,104.745,208155
9,0.758,0.583,1,-6.361,1,0.0421,0.18,5.12E-05,0.107,0.797,97.537,177438
9,0.302,0.481,2,-7.023,0,0.0625,0.0945,5.33E-06,0.142,0.252,216.334,159810
9,0.639,0.569,0,-7.236,0,0.0487,0.0581,0.000169,0.108,0.616,142.967,226781
9,0.712,0.676,5,-5.965,1,0.184,0.076,0,0.0669,0.648,106.156,213597
9,0.789,0.711,2,-4.248,1,0.041,0.0332,0,0.0876,0.753,112.985,190306
9,0.639,0.546,1,-5.382,1,0.0407,0.0837,0,0.122,0.149,122.179,173124
9,0.73,0.729,4,-3.434,0,0.0883,0.167,1.39E-06,0.349,0.467,113.013,221820
9,0.752,0.87,9,-3.812,0,0.0623,0.0604,1.12E-05,0.489,0.784,120.006,157707
9,0.512,0.595,8,-5.131,1,0.0868,0.317,1.34E-05,0.113,0.253,156.044,204447
9,0.521,0.877,7,-5.444,1,0.0683,0.0132,0.0806,0.0929,0.199,180.007,205208
9,0.807,0.539,11,-8.193,1,0.124,0.0789,0,0.0928,0.755,127.992,206600
9,0.572,0.833,8,-5.291,0,0.0754,0.014,5.77E-05,0.129,0.588,158.104,177173
9,0.635,0.845,0,-4.816,0,0.0525,0.027,0.0128,0.135,0.463,107.013,212547
9,0.54,0.642,10,-4.423,1,0.121,0.106,0,0.11,0.483,161.917,191787
9,0.807,0.533,9,-4.899,0,0.0443,0.176,0,0.284,0.853,124.006,194347
9,0.627,0.69,10,-5.396,0,0.139,0.033,0,0.0742,0.627,122.053,208505
9,0.517,0.805,1,-4.897,0,0.0867,0.152,0,0.0714,0.753,140.128,209240
9,0.445,0.33,9,-8.121,1,0.0429,0.574,0,0.102,0.187,128.025,176250
9,0.664,0.884,3,-4.433,1,0.0885,0.304,0,0.0745,0.483,120.034,179397
9,0.663,0.77,9,-4.056,1,0.0559,0.000648,0,0.0311,0.753,104.044,192907
9,0.822,0.688,2,-4.865,0,0.082,0.0114,0.00139,0.0616,0.523,108.002,191805
9,0.564,0.561,6,-7.616,1,0.438,0.331,0,0.337,0.52,195.901,158388
9,0.445,0.677,2,-7.244,1,0.0489,0.0498,2.68E-06,0.616,0.269,80.907,201927
9,0.626,0.749,5,-5.406,1,0.0443,0.00515,0,0.215,0.6,90.033,200299
9,0.647,0.844,0,-3.756,1,0.0457,0.0137,0.000658,0.102,0.746,146.967,193829
9,0.798,0.693,11,-6.098,0,0.0984,0.000655,0.0798,0.104,0.38,114.956,154435
9,0.68,0.825,8,-4.296,1,0.0702,0.00173,0.000122,0.27,0.784,117.987,193533
9,0.726,0.623,4,-3.986,0,0.109,0.297,0,0.0642,0.844,95.986,154533
9,0.632,0.728,6,-5.759,0,0.0604,0.00308,0,0.278,0.252,117.981,233373
9,0.794,0.793,11,-4.521,0,0.0842,0.0125,0,0.0952,0.677,123.941,183290
9,0.798,0.676,6,-5.041,1,0.0442,0.0902,0,0.0894,0.843,101.956,219947
9,0.643,0.721,1,-5.248,1,0.0449,0.00268,6.51E-06,0.0898,0.317,102.914,190107
9,0.557,0.375,5,-7.491,1,0.0984,0.0115,3.17E-05,0.144,0.284,211.81,138331
9,0.795,0.698,10,-5.178,0,0.0559,0.219,0,0.215,0.691,130.072,153531
9,0.677,0.857,1,-3.777,0,0.0408,0.24,0,0.222,0.832,95.037,197855
9,0.752,0.488,6,-7.05,1,0.0705,0.297,9.11E-06,0.0936,0.533,136.041,201661
9,0.693,0.505,1,-7.773,1,0.095,0.154,0.0951,0.101,0.872,171.99,202397
9,0.738,0.661,6,-7.624,1,0.0317,0.382,4.05E-06,0.106,0.665,132.065,195423
9,0.764,0.32,11,-7.209,1,0.0546,0.837,0,0.0822,0.575,91.019,189486
9,0.617,0.64,8,-5.601,1,0.042,0.283,1.02E-06,0.164,0.346,156.98,186497
9,0.674,0.881,9,-2.853,1,0.147,0.296,3.01E-06,0.0793,0.234,98.994,178480
9,0.741,0.52,8,-7.513,1,0.0656,0.45,1.97E-06,0.222,0.347,102.998,171030
9,0.601,0.794,7,-5.844,0,0.0671,0.00987,1.36E-06,0.418,0.244,114.066,217099
9,0.719,0.704,1,-4.724,1,0.0476,0.0691,0,0.166,0.628,133.002,187436
9,0.806,0.558,9,-6.46,1,0.0683,0.482,0,0.0618,0.678,95.016,198973
9,0.53,0.538,5,-6.672,1,0.0335,0.17,2.83E-06,0.248,0.288,148.051,233654
9,0.605,0.664,8,-7.162,1,0.0316,0.00548,3.00E-06,0.204,0.164,103.997,176417
9,0.749,0.461,10,-2.961,0,0.0416,0.0516,6.24E-06,0.0738,0.42,139.02,204887
9,0.654,0.63,10,-4.644,1,0.0259,0.153,0,0.111,0.43,89.991,167693
9,0.681,0.865,1,-4.132,0,0.0594,0.00464,0.00169,0.149,0.528,91.017,219080
9,0.735,0.352,4,-8.351,0,0.0408,0.0694,0.00689,0.111,0.348,135,232000
9,0.637,0.612,5,-6.22,0,0.058,0.0229,0,0.353,0.508,103.104,168937
9,0.629,0.828,2,-4.766,1,0.173,0.0249,0.000221,0.206,0.512,120.018,191809
9,0.648,0.58,8,-5.462,1,0.0532,0.0357,0,0.0909,0.773,82.093,142347
9,0.688,0.716,7,-5.702,1,0.0385,0.0969,0,0.0989,0.373,116.912,284480
9,0.723,0.628,6,-7.41,1,0.0553,0.00902,0.00131,0.0812,0.364,106.017,211115
9,0.653,0.869,9,-3.907,0,0.0583,0.0372,8.73E-05,0.158,0.83,122.047,159045
9,0.682,0.783,8,-4.997,1,0.18,0.0262,0,0.206,0.323,106.899,216084
9,0.686,0.693,0,-6.245,0,0.131,0.329,0,0.136,0.699,124.206,197876
9,0.648,0.641,7,-5.521,1,0.0389,0.00565,3.63E-06,0.109,0.505,184.021,180348
9,0.629,0.692,5,-8.045,1,0.0376,0.00981,0.331,0.603,0.453,162.948,167916
9,0.729,0.619,5,-6.155,0,0.0346,0.0451,0,0.0953,0.623,123.061,166688
9,0.722,0.856,1,-6.392,0,0.0338,0.0305,0.0597,0.231,0.826,121.989,162295
9,0.768,0.819,9,-5.756,0,0.0535,0.00543,0,0.217,0.542,125.071,161280
9,0.646,0.814,7,-5.263,0,0.0437,0.000415,0.0305,0.0882,0.117,121.043,214959
9,0.744,0.79,8,-4.617,0,0.0562,0.0547,0.000802,0.32,0.847,125.002,188640
9,0.66,0.667,11,-6.87,1,0.0474,0.141,5.26E-05,0.107,0.452,114.901,194235
10,0.729,0.5,9,-6.327,1,0.0321,0.39,0,0.0843,0.279,90,152000
10,0.841,0.504,9,-7.867,1,0.0432,0.461,0.000112,0.101,0.571,100.954,157016
10,0.714,0.636,4,-9.227,0,0.102,0.237,4.77E-06,0.0923,0.649,124.073,171250
10,0.611,0.289,9,-12.225,0,0.0418,0.7,0.000141,0.0914,0.154,178.973,175642
10,0.635,0.735,4,-4.529,0,0.045,0.117,0,0.219,0.462,159.996,144920
10,0.596,0.32,8,-10.204,1,0.0674,0.726,0,0.0907,0.507,81.711,167442
10,0.709,0.562,11,-10.326,1,0.116,0.048,0,0.207,0.265,88.027,169763
10,0.885,0.474,6,-5.846,0,0.0444,0.0735,1.89E-06,0.463,0.538,107.041,139363
10,0.535,0.387,1,-9.65,0,0.0638,0.2,1.05E-06,0.114,0.14,145.046,191984
10,0.76,0.515,6,-6.951,0,0.175,0.0823,0,0.102,0.243,86.993,133995
10,0.739,0.616,7,-6.963,0,0.0338,0.252,1.93E-06,0.101,0.654,91.071,158466
10,0.689,0.614,8,-11.455,0,0.0444,0.102,0.00254,0.111,0.166,101.054,223399
10,0.744,0.325,3,-9.503,0,0.0642,0.358,1.00E-06,0.102,0.128,110.063,157021
10,0.632,0.495,7,-8.335,1,0.143,0.333,0,0.0941,0.233,77.083,213933
10,0.559,0.501,0,-7.049,1,0.315,0.78,4.10E-05,0.107,0.341,191.54,185911
10,0.619,0.719,0,-4.111,1,0.157,0.0227,0,0.0839,0.351,86.036,194576
10,0.43,0.703,2,-3.684,1,0.229,0.521,0,0.132,0.435,45.78,165009
10,0.548,0.457,4,-7.626,1,0.0691,0.224,8.32E-05,0.11,0.494,175.659,197727
10,0.564,0.509,5,-8.672,0,0.0391,0.15,7.60E-06,0.529,0.291,84.788,262588
10,0.854,0.478,10,-6.577,0,0.0641,0.148,0,0.0872,0.174,123.992,178973
10,0.566,0.521,9,-5.453,1,0.0455,0.00612,0,0.0809,0.073,131.853,136333
10,0.401,0.485,6,-10.787,0,0.216,0.831,0.000292,0.0907,0.54,169.949,196000
10,0.836,0.662,10,-5.063,0,0.0623,0.0284,0.00744,0.0781,0.606,111.519,178622
10,0.719,0.542,4,-5.925,0,0.0432,0.145,0.000524,0.0987,0.519,75.013,168947
10,0.471,0.664,7,-7.535,1,0.0895,0.0367,0.000132,0.343,0.522,180.127,160000
10,0.811,0.53,6,-7.769,1,0.199,0.337,5.00E-06,0.343,0.801,101.025,209109
10,0.73,0.55,0,-9.479,0,0.0617,0.356,7.34E-06,0.078,0.51,79.993,206109
10,0.747,0.416,0,-8.917,0,0.0706,0.659,1.33E-05,0.0991,0.165,104.053,221538
10,0.812,0.628,10,-6.128,0,0.0327,0.0467,1.65E-06,0.226,0.506,121.99,182139
10,0.491,0.464,5,-7.188,0,0.0875,0.145,1.57E-06,0.107,0.183,124.352,245674
10,0.64,0.355,10,-7.757,0,0.065,0.76,7.01E-05,0.114,0.437,119.513,260776
10,0.607,0.42,5,-9.307,0,0.0595,0.216,0,0.129,0.643,140.639,231489
10,0.74,0.533,5,-4.297,1,0.07,0.154,0,0.107,0.571,95.902,157493
10,0.6,0.326,2,-12.937,1,0.0811,0.206,4.54E-05,0.0967,0.082,94.183,194064
10,0.384,0.58,9,-6.132,1,0.0858,0.102,0,0.0987,0.198,76.247,233038
10,0.439,0.296,1,-12.145,0,0.131,0.521,0,0.0638,0.479,77.699,162000
10,0.7,0.654,11,-6.423,0,0.201,0.319,0,0.225,0.477,159.909,183000
10,0.497,0.351,4,-9.671,1,0.0512,0.742,0.00033,0.0733,0.152,85.055,210558
10,0.649,0.676,1,-9.177,1,0.376,0.613,0.0189,0.653,0.504,81.987,178537
10,0.759,0.283,1,-14.612,0,0.0511,0.734,0.0109,0.105,0.414,124.994,190980
10,0.578,0.505,0,-9.227,1,0.0578,0.818,0.000504,0.222,0.255,85.076,176147
10,0.733,0.381,7,-10.258,1,0.0809,0.309,0,0.0739,0.476,92.026,202907
10,0.683,0.663,6,-6.058,1,0.178,0.00219,4.19E-05,0.328,0.369,89.97,160333
10,0.751,0.655,9,-7.428,0,0.0649,0.0173,7.96E-05,0.186,0.646,99.955,205257
10,0.684,0.426,10,-9.605,0,0.0662,0.127,0.00201,0.147,0.608,126.931,172281
10,0.677,0.343,0,-5.588,0,0.142,0.554,1.56E-06,0.119,0.368,140.02,207429
10,0.69,0.368,7,-10.796,0,0.126,0.678,5.68E-06,0.118,0.586,88.037,183297
10,0.719,0.454,8,-9.08,0,0.0485,0.199,0.00112,0.126,0.426,115.972,190603
10,0.528,0.176,2,-17.442,1,0.244,0.862,0.00127,0.0927,0.312,140.014,199053
10,0.792,0.853,11,-4.754,1,0.0898,0.0479,0.0172,0.256,0.673,106.067,194717
10,0.612,0.295,7,-12.053,0,0.0555,0.724,0,0.0344,0.322,119.762,207829
10,0.805,0.406,1,-11.211,0,0.201,0.64,0,0.11,0.737,120.135,194500
10,0.53,0.663,1,-3.957,1,0.0681,0.24,0,0.312,0.56,148.111,171892
10,0.618,0.477,3,-9.285,0,0.137,0.659,0.00364,0.115,0.19,172.058,184121
10,0.407,0.492,11,-7.417,0,0.0831,0.316,0,0.112,0.149,77.766,229091
10,0.718,0.77,2,-5.184,1,0.25,0.0964,0,0.209,0.372,91.056,204692
10,0.786,0.537,0,-6.872,0,0.0849,0.0988,0.191,0.0907,0.542,83.483,198323
10,0.416,0.479,1,-7.154,0,0.0409,0.92,2.91E-06,0.11,0.339,135.113,231241
10,0.72,0.777,0,-7.026,1,0.284,0.145,8.29E-06,0.305,0.906,161.932,189625
10,0.614,0.528,11,-9.411,1,0.166,0.546,0.00474,0.143,0.767,78.061,238750
10,0.778,0.627,6,-7.137,0,0.095,0.307,0.00037,0.153,0.699,77.493,199787
10,0.73,0.668,0,-7.879,1,0.0406,0.492,0.0023,0.128,0.419,140.867,246926
10,0.607,0.536,8,-8.434,1,0.056,0.158,0,0.131,0.463,80.054,226500
10,0.733,0.744,7,-3.505,1,0.0309,0.161,0,0.0389,0.667,93.979,194541
10,0.864,0.477,10,-5.786,1,0.224,0.201,0,0.182,0.5,86.46,192932
10,0.597,0.45,8,-6.658,1,0.0418,0.223,0,0.382,0.537,178.765,228482
10,0.65,0.462,11,-6.589,0,0.0891,0.366,0,0.159,0.65,89.887,165333
10,0.877,0.529,0,-6.235,0,0.0461,0.479,0.00159,0.094,0.422,104.984,281120
10,0.724,0.564,1,-4.627,0,0.0591,0.498,0,0.107,0.541,113.943,183019
10,0.765,0.405,10,-10.587,0,0.0993,0.671,4.92E-06,0.27,0.661,139.95,132000
10,0.779,0.637,5,-5.244,0,0.05,0.558,0,0.0689,0.61,92.014,134043
10,0.638,0.602,8,-4.607,1,0.0254,0.566,0,0.217,0.376,109.967,168507
10,0.771,0.513,8,-7.156,0,0.0778,0.434,1.21E-05,0.0985,0.51,142.049,122813
10,0.43,0.7,6,-5.35,1,0.264,0.0902,0,0.216,0.731,158.373,183219
10,0.66,0.382,5,-9.927,0,0.0604,0.254,0,0.211,0.659,133.861,133642
10,0.822,0.521,1,-6.347,0,0.102,0.0795,0.000105,0.0945,0.216,76.013,219667
10,0.639,0.703,5,-5.438,0,0.0634,0.399,2.49E-06,0.0972,0.438,130.052,207920
10,0.594,0.253,1,-13.862,1,0.092,0.3,0,0.11,0.297,120.996,157477
10,0.773,0.191,6,-12.717,1,0.0663,0.242,2.38E-06,0.0949,0.284,96.973,215258
10,0.755,0.578,0,-8.932,0,0.145,0.316,0,0.25,0.581,94.148,176960
10,0.914,0.512,11,-10.532,0,0.19,0.0783,0.00321,0.179,0.444,114.98,266120
10,0.561,0.604,8,-6.234,1,0.254,0.148,0,0.737,0.703,106.735,246045
10,0.619,0.348,1,-13.144,0,0.0532,0.832,0.0534,0.0991,0.139,105.079,133445
10,0.785,0.476,4,-9.095,0,0.15,0.183,2.34E-05,0.356,0.234,103.467,194969
10,0.822,0.415,0,-7.044,1,0.176,0.263,0.000271,0.0793,0.387,104.009,165919
10,0.65,0.171,0,-15.916,0,0.0388,0.835,0,0.099,0.778,172.74,112334
10,0.698,0.414,7,-8.556,0,0.0462,0.0863,1.72E-06,0.0924,0.219,128.021,183769
10,0.829,0.467,9,-9.134,1,0.104,0.0299,0,0.105,0.483,132.984,203040
10,0.727,0.496,5,-10.386,0,0.178,0.0893,0.00011,0.0987,0.504,130.061,210462
10,0.782,0.284,0,-13.372,0,0.105,0.844,0,0.111,0.566,103.213,167706
10,0.487,0.439,0,-11.316,1,0.392,0.742,0,0.091,0.369,91.582,231067
10,0.43,0.509,11,-6.033,1,0.279,0.212,0,0.0969,0.648,204.852,161307
10,0.757,0.673,7,-7.022,1,0.12,0.0499,0,0.241,0.449,101.987,173870
10,0.856,0.721,6,-6.813,0,0.0779,0.178,2.14E-05,0.0913,0.902,100.98,230151
10,0.518,0.55,7,-8.705,0,0.476,0.0453,0,0.137,0.224,84.369,175892
10,0.814,0.698,6,-4.646,0,0.0444,0.196,1.53E-06,0.12,0.514,102,191460
10,0.648,0.695,4,-7.932,0,0.414,0.783,0.000242,0.0829,0.338,137.965,194625
10,0.778,0.691,9,-6.098,1,0.351,0.648,1.94E-05,0.124,0.41,123.905,186110
10,0.694,0.744,0,-5.334,0,0.297,0.144,0,0.0905,0.425,99.941,233546
10,0.722,0.683,1,-7.187,1,0.0333,0.00439,0.000642,0.125,0.522,101.034,215840
11,0.916,0.72,0,-8.548,1,0.1,0.36,0.00016,0.0958,0.76,103.312,237000
11,0.929,0.463,9,-8.651,1,0.308,0.142,5.26E-06,0.0634,0.757,124.084,255840
11,0.934,0.467,11,-10.99,0,0.307,0.102,3.98E-05,0.109,0.73,123.583,211000
11,0.814,0.482,9,-10.493,1,0.0588,0.0111,1.57E-06,0.0476,0.615,148.404,180267
11,0.776,0.559,6,-8.375,0,0.103,0.11,0,0.0671,0.758,122.242,232200
11,0.807,0.487,9,-10.456,1,0.0758,0.0102,1.98E-06,0.0501,0.651,148.491,180267
11,0.775,0.563,6,-8.225,0,0.0815,0.119,0,0.155,0.786,122.269,230800
11,0.719,0.515,10,-9.72,1,0.348,0.0912,0,0.0791,0.927,76.518,172933
11,0.774,0.531,11,-7.176,0,0.0446,0.0595,0,0.0409,0.966,142.001,242333
11,0.932,0.611,9,-8.278,1,0.0853,0.0901,0.00156,0.0467,0.77,125.238,231267
11,0.671,0.256,7,-10.743,1,0.0387,0.608,0,0.0737,0.694,115.871,233560
11,0.713,0.643,6,-6.837,0,0.0325,0.0101,0.00117,0.262,0.801,142.378,192707
11,0.898,0.365,0,-10.452,1,0.0462,0.159,9.28E-06,0.132,0.563,98.53,226240
11,0.876,0.314,7,-11.498,1,0.316,0.0486,2.39E-05,0.108,0.823,131.252,206640
11,0.751,0.463,9,-10.96,1,0.104,0.642,0.208,0.0314,0.926,150.191,330760
11,0.825,0.546,6,-9.518,0,0.386,0.321,5.13E-05,0.068,0.866,148.246,221933
11,0.83,0.463,8,-11.644,1,0.335,0.0292,1.58E-05,0.0589,0.779,78.876,256240
11,0.655,0.675,1,-9.352,1,0.0599,0.272,0.0236,0.727,0.587,77.589,427800
11,0.675,0.166,11,-22.602,1,0.171,0.88,7.14E-05,0.0461,0.747,68.837,294400
11,0.869,0.75,7,-8.6,1,0.048,0.0311,0.0049,0.163,0.961,132.844,460227
11,0.779,0.418,7,-9.207,1,0.188,0.00333,0.000138,0.252,0.425,127.942,271000
11,0.836,0.661,7,-6.502,0,0.338,0.0208,0,0.449,0.753,76.71,213200
11,0.865,0.562,10,-6.811,0,0.251,0.0318,0,0.246,0.81,85.02,222467
11,0.917,0.745,7,-4.424,0,0.186,0.258,2.39E-05,0.382,0.935,142.001,339267
11,0.724,0.696,1,-6.326,1,0.201,0.123,0,0.106,0.433,93.607,317333
11,0.88,0.564,1,-6.431,1,0.0498,0.0796,0,0.0565,0.83,99.019,225600
11,0.807,0.458,9,-9.594,0,0.0361,0.211,9.01E-06,0.0839,0.874,100.959,220413
11,0.911,0.565,9,-6.209,0,0.0718,0.429,0,0.0802,0.751,96.012,185312
11,0.803,0.47,1,-9.098,1,0.345,0.505,0,0.0887,0.793,88.065,180024
11,0.788,0.762,9,-4.911,0,0.193,0.0515,0,0.274,0.792,90.956,233533
11,0.77,0.787,11,-5.489,0,0.278,0.23,0.000199,0.198,0.588,82.029,277653
11,0.869,0.642,0,-5.332,1,0.0372,0.0157,0,0.312,0.843,109.969,261893
11,0.738,0.755,5,-6.054,0,0.279,0.0779,0,0.193,0.692,87.818,249120
11,0.422,0.304,0,-10.407,0,0.0569,0.995,0.00571,0.256,0.638,164.725,118555
11,0.379,0.656,7,-4.105,0,0.0495,0.239,0.00518,0.625,0.656,174.174,272840
11,0.577,0.811,0,-4.868,0,0.0835,0.318,0,0.165,0.542,155.992,310760
11,0.755,0.612,7,-7.632,1,0.0483,0.185,0,0.377,0.389,96.009,214920
11,0.626,0.445,10,-10.023,0,0.14,0.267,0.000282,0.156,0.75,126.102,245973
11,0.739,0.84,9,-5.076,0,0.132,0.346,0,0.135,0.612,119.02,319707
11,0.667,0.709,11,-4.941,0,0.288,0.0805,0.000104,0.111,0.527,171.93,289760
11,0.761,0.829,5,-5.294,1,0.0793,0.129,0,0.217,0.895,113.014,213453
11,0.727,0.7,8,-5.378,1,0.192,0.183,0,0.311,0.788,102.048,198251
11,0.694,0.597,8,-5.854,0,0.0473,0.23,0.00313,0.0987,0.822,77.007,252200
11,0.769,0.664,4,-7.01,0,0.036,0.523,1.08E-05,0.0992,0.572,135.976,205213
11,0.735,0.71,2,-6.17,1,0.163,0.217,0,0.273,0.605,92.441,249080
11,0.595,0.685,7,-9.316,1,0.282,0.191,0,0.104,0.436,117.247,245413
11,0.78,0.871,7,-5.767,0,0.0868,0.159,0,0.143,0.62,127.994,239680
11,0.606,0.31,5,-11.529,1,0.0319,0.845,2.11E-05,0.192,0.136,118.76,215147
11,0.446,0.584,7,-8.619,1,0.375,0.481,4.56E-06,0.11,0.245,172.175,217263
11,0.598,0.806,0,-6.431,0,0.081,0.185,0,0.183,0.927,83.03,243464
11,0.769,0.664,4,-7.01,0,0.036,0.523,1.08E-05,0.0992,0.572,135.976,205213
11,0.864,0.596,9,-5.603,0,0.251,0.0273,0,0.181,0.72,122.139,225333
11,0.582,0.663,4,-6.547,0,0.0828,0.161,0,0.198,0.695,170.82,217200
11,0.831,0.587,6,-6.997,0,0.354,0.0392,0,0.164,0.787,83.154,224840
11,0.587,0.816,9,-4.27,0,0.263,0.0565,0,0.362,0.731,79.159,234837
11,0.704,0.79,8,-5.756,1,0.0432,0.101,0.00657,0.0769,0.933,167.816,257667
11,0.581,0.56,6,-12.147,0,0.0327,0.0775,0,0.135,0.706,94.467,195832
11,0.604,0.847,7,-7.516,1,0.0428,0.16,6.65E-06,0.781,0.919,77.991,196493
11,0.767,0.639,5,-7.466,1,0.0507,0.0704,0.0033,0.066,0.929,174.042,239613
11,0.752,0.499,4,-6.637,1,0.031,0.0685,1.98E-05,0.179,0.585,135.096,289177
11,0.92,0.56,8,-9.53,1,0.0576,0.0551,4.09E-05,0.097,0.625,140.004,273996
11,0.879,0.322,6,-16.194,0,0.106,0.00736,0.000854,0.066,0.343,73.696,230040
11,0.66,0.75,9,-11.316,0,0.0996,0.0271,5.29E-05,0.571,0.437,156.912,222521
11,0.883,0.733,11,-9.153,0,0.128,0.161,0.00026,0.334,0.947,95.103,245000
11,0.642,0.722,2,-13.031,1,0.0375,0.0444,0.00388,0.122,0.836,172.406,207440
11,0.805,0.418,7,-14.374,1,0.0979,0.459,0,0.288,0.966,149.724,205427
11,0.73,0.892,9,-5.298,1,0.17,0.0801,0,0.323,0.952,170.594,208230
11,0.811,0.428,7,-10.728,1,0.221,0.0122,0.317,0.344,0.653,80.962,277893
11,0.794,0.57,7,-7.753,1,0.0645,0.0197,0.014,0.104,0.575,143.977,267360
11,0.749,0.296,4,-17.927,1,0.356,0.0713,0.00458,0.0879,0.475,164.707,388227
11,0.81,0.618,7,-10.581,1,0.0382,0.0139,0.000254,0.0296,0.804,120.063,194723
11,0.866,0.538,2,-16.183,1,0.36,0.242,1.67E-05,0.316,0.78,158.323,249933
11,0.756,0.61,5,-13.002,1,0.0709,0.0806,7.89E-05,0.114,0.863,173.818,189093
11,0.707,0.887,7,-5.428,1,0.104,0.521,0,0.368,0.913,151.977,185938
11,0.755,0.55,8,-7.402,0,0.0265,0.427,0,0.697,0.757,91.96,214613
11,0.73,0.642,9,-5.146,0,0.0824,0.274,0,0.368,0.863,126.47,235933
11,0.614,0.576,9,-7.245,0,0.0761,0.144,1.07E-05,0.957,0.739,134.131,267519
11,0.751,0.678,6,-7.682,0,0.0534,0.296,0.00117,0.108,0.691,95.002,193097
11,0.79,0.584,2,-9.751,0,0.069,0.197,0,0.205,0.805,150.144,182410
11,0.749,0.686,9,-5.527,0,0.0526,0.109,1.01E-06,0.176,0.884,125.016,301965
11,0.697,0.732,1,-7.633,0,0.046,0.0633,0,0.139,0.956,161.983,167163
11,0.769,0.657,5,-9.084,1,0.0496,0.371,1.79E-05,0.122,0.583,92.982,289032
11,0.731,0.617,1,-6.975,0,0.0428,0.0355,0.000102,0.147,0.417,139.983,247987
11,0.366,0.408,2,-10.67,0,0.035,0.422,0,0.466,0.307,127.279,293632
11,0.773,0.522,7,-10.747,1,0.0921,0.0893,0.127,0.0616,0.427,98.396,333107
11,0.604,0.779,11,-6.459,1,0.0318,0.00383,0,0.37,0.875,158.062,228733
11,0.718,0.625,7,-8.212,0,0.04,0.182,0.00041,0.212,0.607,74.997,256163
11,0.655,0.664,0,-4.506,0,0.179,0.0207,0,0.0771,0.934,172.005,174382
11,0.684,0.706,1,-5.869,0,0.0389,0.107,0,0.184,0.735,105.04,176179
11,0.685,0.806,2,-6.106,1,0.0374,0.136,0,0.116,0.735,143.034,182246
11,0.67,0.753,1,-5.058,0,0.0383,0.0208,2.71E-06,0.147,0.555,90.385,183160
11,0.781,0.722,7,-8.376,1,0.0667,0.236,0.000398,0.077,0.533,87.858,229375
11,0.69,0.621,8,-3.583,1,0.06,0.321,2.81E-05,0.0884,0.497,66.858,233253
11,0.722,0.605,5,-6.07,1,0.153,0.825,0.0178,0.248,0.709,165.998,196507
11,0.572,0.728,7,-5.534,1,0.0275,0.203,0.00263,0.231,0.535,75.179,145560
11,0.786,0.642,8,-9.324,1,0.184,0.329,2.30E-05,0.09,0.708,96.886,281027
11,0.86,0.408,6,-8.841,0,0.0532,0.203,0,0.103,0.53,116.831,256733
11,0.835,0.609,9,-5.636,1,0.0336,0.0201,1.28E-06,0.107,0.781,130.154,236093
11,0.837,0.478,6,-5.861,0,0.0627,0.0571,0.00129,0.0569,0.81,78.746,254800
11,0.68,0.878,8,-3.923,0,0.0554,0.0744,0,0.137,0.769,169.987,225395
12,0.49,0.833,6,-5.899,1,0.0487,0.0116,0.000504,0.15,0.39,89.981,187347
12,0.455,0.764,2,-5.633,1,0.0327,0.00446,0,0.105,0.359,74.021,260507
12,0.531,0.969,6,-3.578,1,0.0491,0.000108,0.0013,0.121,0.449,130.015,218587
12,0.548,0.924,11,-4.48,0,0.0689,0.00033,1.42E-05,0.162,0.242,124.031,244538
12,0.354,0.942,7,-3.245,1,0.237,0.00039,6.36E-06,0.431,0.242,119.992,207987
12,0.437,0.907,4,-4.284,0,0.245,0.000277,6.00E-06,0.0994,0.477,124.033,172826
12,0.553,0.853,8,-3.668,1,0.0339,0.000684,0,0.126,0.506,122.023,231400
12,0.5,0.899,4,-4.066,1,0.0736,4.84E-05,0.000198,0.0794,0.566,130.06,229107
12,0.501,0.971,6,-3.051,1,0.189,1.94E-05,0.0464,0.23,0.659,143.052,231963
12,0.487,0.9,5,-4.54,1,0.0529,0.00204,6.42E-06,0.11,0.377,149.959,248373
12,0.554,0.932,5,-3.424,0,0.0485,0.00154,0.000142,0.425,0.478,112.49,242280
12,0.623,0.93,5,-5.285,1,0.0324,0.0141,1.64E-06,0.138,0.287,120.119,205613
12,0.496,0.863,9,-4.153,1,0.0381,0.0046,0,0.639,0.243,110.018,185587
12,0.459,0.903,5,-4.649,0,0.0673,0.00877,0,0.168,0.364,76.185,223655
12,0.376,0.95,9,-4.067,1,0.0641,0.00021,0,0.0377,0.438,178.018,179160
12,0.547,0.944,4,-3.304,0,0.0507,4.81E-05,0.0451,0.195,0.364,93.966,203274
12,0.447,0.948,1,-3.834,0,0.0456,0.000699,0,0.362,0.414,139.981,185400
12,0.485,0.898,4,-3.75,1,0.0568,0.000776,0.00244,0.642,0.494,99.983,198680
12,0.45,0.872,7,-4.91,1,0.0353,0.0018,1.61E-05,0.0833,0.396,156.059,274615
12,0.331,0.945,0,-4.54,1,0.347,0.000231,0.0113,0.0435,0.151,174.005,274280
12,0.626,0.838,2,-3.489,1,0.0349,0.000164,0.0184,0.0432,0.654,124.976,204598
12,0.459,0.965,0,-6.792,1,0.09,0.000365,1.11E-06,0.0598,0.389,174.947,201547
12,0.556,0.957,5,-3.64,1,0.0972,0.000557,0.0131,0.0677,0.412,142.068,242080
12,0.495,0.993,7,-3.014,1,0.145,0.000151,0,0.368,0.29,149.912,202250
12,0.544,0.895,1,-6.207,1,0.0522,0.000132,0.107,0.147,0.875,98.128,176947
12,0.568,0.844,9,-5.875,1,0.0505,0.000189,0,0.0607,0.766,116.046,207093
12,0.561,0.936,5,-5.409,1,0.0613,0.00185,0,0.102,0.594,103.055,276773
12,0.445,0.966,4,-3.637,0,0.0656,8.66E-06,0.238,0.13,0.486,160.018,225133
12,0.5,0.847,11,-4.222,1,0.0417,0.00125,0,0.0875,0.716,125.964,243493
12,0.603,0.886,5,-3.777,0,0.0837,0.00045,0,0.26,0.395,126.025,229933
12,0.356,0.94,7,-5.582,1,0.0587,0.0012,0.000919,0.0915,0.216,174.92,277173
12,0.362,0.915,5,-3.244,0,0.181,0.000181,0,0.166,0.603,162.226,177048
12,0.556,0.864,3,-5.87,0,0.0584,0.00958,0,0.209,0.4,105.143,216880
12,0.386,0.86,1,-6.757,0,0.0543,0.00146,2.32E-06,0.0643,0.261,97.576,256320
12,0.589,0.797,9,-5.464,1,0.15,0.0289,4.35E-06,0.383,0.232,102.489,291813
12,0.425,0.882,8,-3.71,1,0.0918,0.000673,0,0.28,0.399,144.117,190920
12,0.296,0.912,5,-3.433,1,0.0645,3.45E-05,0.00264,0.389,0.276,171.931,239293
12,0.295,0.679,1,-6.182,1,0.15,0.000551,5.44E-05,0.165,0.381,197.964,280152
12,0.354,0.982,4,-3.026,0,0.168,0.000237,0.000294,0.204,0.194,143.772,252613
12,0.483,0.941,2,-3.598,0,0.0575,0.000526,3.50E-06,0.31,0.503,156.033,232067
12,0.322,0.896,6,-5.299,1,0.0721,0.00109,0.00124,0.197,0.221,177.727,308667
12,0.549,0.891,6,-4.044,1,0.0351,0.0141,0.00331,0.0661,0.508,111.996,197107
12,0.545,0.978,9,-3.421,0,0.0441,1.74E-05,8.13E-05,0.272,0.475,117.062,216760
12,0.363,0.896,4,-6.407,1,0.1,0.00145,0.000214,0.101,0.347,157.867,229973
12,0.534,0.621,2,-5.205,1,0.0449,0.00124,1.39E-05,0.0596,0.186,91.845,278656
12,0.489,0.748,2,-5.488,1,0.0311,0.033,0,0.144,0.385,147.998,262627
12,0.641,0.732,5,-7.57,1,0.0795,0.0139,2.61E-06,0.062,0.763,92.057,262107
12,0.404,0.946,5,-3.318,0,0.174,0.000842,0,0.355,0.787,169.082,184547
12,0.765,0.837,1,-3.113,0,0.032,0.00107,1.06E-05,0.0801,0.721,122.028,195973
12,0.639,0.71,1,-7.445,1,0.0275,0.0133,0,0.118,0.378,119.989,233173
12,0.512,0.864,7,-4.146,1,0.0338,0.000821,0,0.0982,0.527,138.018,222827
12,0.361,0.983,3,-3.373,0,0.0931,0.000129,4.41E-06,0.0228,0.385,167.951,247613
12,0.498,0.83,6,-5.157,0,0.0421,0.00461,0,0.139,0.453,89.342,231480
12,0.312,0.955,10,-3.496,0,0.314,0.00166,1.40E-06,0.0588,0.575,178.446,200448
12,0.438,0.926,1,-3.051,0,0.0477,0.00127,0,0.491,0.565,76.487,198427
12,0.545,0.753,3,-4.618,0,0.036,0.0417,0,0.389,0.434,105.754,282947
12,0.451,0.815,2,-5.55,0,0.0368,6.06E-05,0,0.27,0.618,147.974,194227
12,0.506,0.85,1,-4.039,1,0.0346,0.0208,0,0.244,0.462,125.867,190400
12,0.229,0.671,8,-5.567,1,0.0437,0.0787,0,0.1,0.412,69.922,367440
12,0.466,0.936,6,-5.875,1,0.0438,0.00128,4.39E-06,0.0898,0.29,88.025,330587
12,0.468,0.943,5,-5.045,0,0.0768,1.55E-05,0.0405,0.291,0.35,142.019,263908
12,0.55,0.952,8,-4.664,1,0.0924,0.000193,0.000666,0.0614,0.391,127.804,207213
12,0.52,0.948,6,-3.951,0,0.0515,4.36E-05,1.41E-05,0.0525,0.471,92.091,226540
12,0.433,0.905,8,-5.749,1,0.0602,1.93E-05,0.0378,0.16,0.663,100.032,287973
12,0.529,0.934,0,-4.808,1,0.0602,0.00153,5.16E-06,0.118,0.282,127.962,241960
12,0.395,0.959,10,-4.409,0,0.0632,6.20E-05,0.0447,0.102,0.319,167.093,200549
12,0.546,0.911,6,-4.801,1,0.062,0.0008,7.73E-05,0.131,0.757,76.008,216515
12,0.347,0.875,2,-7.997,1,0.0454,0.000374,5.08E-06,0.315,0.48,168.039,280904
12,0.563,0.932,1,-4.306,1,0.0408,7.69E-05,0.462,0.0156,0.745,131.984,233293
12,0.527,0.973,3,-2.948,0,0.153,0.00121,0,0.335,0.663,144.046,172250
12,0.542,0.965,6,-3.257,1,0.118,0.00246,0.000863,0.284,0.47,133.048,216067
12,0.315,0.963,3,-4.907,0,0.111,1.44E-06,0.185,0.0504,0.53,173.98,231035
12,0.173,0.893,6,-5.53,0,0.163,0.000211,0.0214,0.102,0.36,84.985,242000
12,0.446,0.81,1,-7.528,0,0.0336,0.000315,0.000449,0.125,0.404,152.558,235907
12,0.428,0.963,3,-3.297,1,0.123,0.0503,0.672,0.143,0.498,144.744,203137
12,0.579,0.893,2,-2.331,1,0.0487,0.00121,0,0.186,0.488,95.995,211250
12,0.482,0.902,8,-6.752,1,0.0347,7.73E-05,0.398,0.385,0.67,140.02,277153
12,0.567,0.954,5,-3.859,0,0.11,3.22E-05,0.000741,0.29,0.684,126.97,220670
12,0.478,0.856,5,-4.698,0,0.0303,0.000114,4.40E-06,0.06,0.303,98.943,173671
12,0.509,0.766,9,-4.177,0,0.0373,0.00142,0,0.297,0.707,102.86,204271
12,0.473,0.911,9,-3.843,0,0.0748,0.000105,0.145,0.0704,0.386,131.995,261000
12,0.457,0.945,1,-4.722,0,0.0746,2.77E-05,0,0.231,0.483,135.946,200411
12,0.57,0.894,10,-5.179,0,0.0448,0.00292,0.000299,0.109,0.288,120.035,336453
12,0.523,0.909,2,-5.176,1,0.0441,0.000459,0.00185,0.381,0.669,120.015,200400
12,0.421,0.914,11,-4.657,1,0.0848,0.00108,4.64E-05,0.256,0.773,164.885,159759
12,0.243,0.865,8,-6.172,1,0.0584,6.42E-06,0.88,0.408,0.327,101.282,351961
12,0.502,0.952,2,-5.527,1,0.0997,0.000272,3.72E-06,0.521,0.351,136.091,204874
12,0.514,0.905,2,-5.315,0,0.0384,2.26E-05,0.654,0.272,0.37,127.028,208736
12,0.387,0.844,1,-4.063,1,0.0486,6.06E-05,0.00833,0.374,0.443,146.988,250612
12,0.413,0.927,4,-4.713,0,0.0423,1.29E-05,0.0074,0.123,0.43,138.089,261112
12,0.259,0.919,8,-4.649,1,0.0717,3.41E-05,0.364,0.339,0.3,162.229,219725
12,0.653,0.879,9,-3.165,1,0.0669,0.002,0.0126,0.0741,0.692,127.92,210987
12,0.431,0.85,6,-4.803,1,0.0643,0.000107,0.000128,0.181,0.585,141.979,268813
12,0.5,0.817,0,-3.501,1,0.0459,0.00054,0,0.152,0.599,90.01,233129
12,0.423,0.935,7,-3.136,1,0.0811,0.000683,0,0.0948,0.341,160.149,232333
12,0.426,0.934,7,-4.063,0,0.0685,2.97E-05,0.0089,0.113,0.285,160.077,262013
12,0.598,0.872,6,-4.567,0,0.0328,0.0196,0,0.326,0.609,107.009,217425
12,0.499,0.728,7,-6.744,0,0.055,0.0154,0.0982,0.246,0.239,92.449,352375
12,0.615,0.858,0,-3.3,1,0.0396,0.00393,0,0.0789,0.323,97.038,227265
12,0.431,0.914,0,-4.243,0,0.0616,0.000243,0.0096,0.502,0.534,147.108,261560
13,0.538,0.969,11,-5.626,0,0.0906,0.417,0.00154,0.119,0.928,138.652,165790
13,0.769,0.367,2,-11.226,1,0.0312,0.684,1.62E-05,0.081,0.535,103.621,163756
13,0.805,0.558,0,-5.226,1,0.041,0.164,2.20E-05,0.0546,0.965,114.95,147600
13,0.265,0.824,1,-5.654,0,0.0991,0.0991,0,0.359,0.811,203.206,232600
13,0.815,0.36,10,-15.524,0,0.11,0.47,0.0185,0.0403,0.895,121.462,417093
13,0.611,0.578,1,-14.171,1,0.0676,0.0598,0.0219,0.0983,0.884,100.625,266133
13,0.756,0.397,7,-10.701,0,0.0522,0.57,0.0115,0.0542,0.507,101.985,199396
13,0.729,0.324,8,-13.017,0,0.0393,0.195,0,0.101,0.679,116.855,195267
13,0.805,0.601,0,-9.7,0,0.0579,0.119,0.000129,0.0581,0.746,94.382,238600
13,0.668,0.828,7,-6.517,1,0.0616,0.249,7.21E-06,0.162,0.755,129.285,147267
13,0.65,0.323,0,-8.698,1,0.0283,0.213,0,0.187,0.276,110.962,166973
13,0.867,0.746,7,-7.445,1,0.0475,0.0453,0,0.123,0.933,118.616,327573
13,0.494,0.723,0,-14.49,1,0.0451,0.245,1.16E-05,0.212,0.857,120.872,276037
13,0.212,0.383,10,-10.071,1,0.0347,0.723,0,0.299,0.452,173.79,191160
13,0.657,0.501,1,-13.206,0,0.0647,0.155,8.66E-06,0.0549,0.739,165.9,162947
13,0.539,0.24,3,-16.632,0,0.0426,0.687,5.12E-05,0.133,0.567,80.816,167373
13,0.469,0.538,8,-13.559,1,0.0571,0.305,0.00012,0.37,0.886,196.605,176333
13,0.634,0.677,2,-7.19,1,0.0448,0.318,0,0.0902,0.939,95.792,179120
13,0.63,0.711,10,-9.34,1,0.0472,0.299,0,0.0813,0.659,96.912,167933
13,0.594,0.38,10,-12.059,0,0.0455,0.273,2.87E-05,0.1,0.446,92.004,279333
13,0.524,0.519,6,-11.903,1,0.043,0.195,0,0.523,0.847,110.121,169800
13,0.696,0.547,5,-5.954,0,0.169,0.792,0,0.155,0.623,73.203,155507
13,0.59,0.659,5,-9.669,1,0.0697,0.104,6.56E-06,0.356,0.965,80.201,141067
13,0.471,0.585,1,-6.105,1,0.0822,0.786,0,0.811,0.655,150.719,169747
13,0.632,0.59,5,-10.206,1,0.0305,0.346,0,0.24,0.953,130.287,172733
13,0.595,0.643,5,-9.275,1,0.0365,0.76,0,0.538,0.73,135.633,158040
13,0.499,0.246,9,-12.806,1,0.0325,0.7,0.00227,0.0965,0.152,148.468,181667
13,0.613,0.487,7,-8.781,1,0.0935,0.412,1.02E-05,0.286,0.699,143.332,165800
13,0.678,0.544,4,-9.468,0,0.0326,0.668,9.62E-06,0.103,0.963,122.735,171027
13,0.376,0.67,10,-9.273,1,0.0854,0.0727,2.52E-06,0.0718,0.837,185.503,169293
13,0.785,0.776,2,-5.259,1,0.0312,0.729,0,0.181,0.967,121.505,148040
13,0.59,0.737,7,-5.867,1,0.0384,0.404,0,0.108,0.877,132.966,164160
13,0.502,0.333,7,-10.914,1,0.0264,0.699,0,0.222,0.729,96.982,174360
13,0.667,0.599,0,-8.894,1,0.0291,0.245,0,0.107,0.971,127.935,160280
13,0.676,0.245,0,-14.27,1,0.0299,0.677,0,0.319,0.532,86.338,173893
13,0.733,0.624,4,-9.849,1,0.0374,0.623,0,0.407,0.912,114.584,154907
13,0.703,0.724,7,-10.818,1,0.0467,0.73,0,0.518,0.963,131.821,155173
13,0.744,0.568,0,-9.629,1,0.0494,0.186,1.18E-05,0.163,0.687,122.657,178400
13,0.404,0.43,4,-12.327,1,0.224,0.538,0,0.0802,0.641,180.061,148053
13,0.692,0.651,0,-7.466,1,0.0296,0.203,0,0.114,0.966,126.815,165920
13,0.604,0.548,0,-5.607,1,0.0703,0.536,0,0.594,0.577,105.003,178120
13,0.469,0.618,8,-9.904,1,0.131,0.815,0,0.0787,0.588,108.76,188333
13,0.708,0.437,7,-9.669,0,0.0307,0.19,0,0.346,0.436,98.819,173040
13,0.458,0.301,2,-11.959,0,0.0796,0.685,9.39E-05,0.0995,0.178,68.526,360600
13,0.556,0.57,2,-9.472,1,0.0393,0.0118,0.000526,0.198,0.304,126.01,165227
13,0.691,0.581,10,-7.85,1,0.065,0.557,4.62E-05,0.147,0.91,126.615,174440
13,0.559,0.537,10,-6.914,0,0.033,0.257,0,0.124,0.592,89.229,279627
13,0.257,0.338,4,-12.902,1,0.0357,0.736,0,0.252,0.544,207.356,162493
13,0.617,0.879,0,-7.564,0,0.0455,0.127,5.71E-05,0.339,0.746,114.453,247413
13,0.773,0.418,7,-7.645,1,0.0423,0.503,8.55E-05,0.0893,0.715,98.324,163160
13,0.674,0.552,7,-9.408,1,0.032,0.685,2.63E-05,0.102,0.963,122.753,171027
13,0.646,0.35,8,-11.539,0,0.0486,0.665,0.000122,0.0472,0.552,80.882,167067
13,0.612,0.444,0,-12.752,1,0.0293,0.531,0,0.126,0.503,114.961,172907
13,0.633,0.634,8,-12.115,1,0.0725,0.038,0.0064,0.0385,0.872,100.499,245493
13,0.774,0.811,5,-6.526,1,0.0355,0.65,0,0.0736,0.963,123.351,155400
13,0.66,0.512,0,-7.183,1,0.0294,0.313,0,0.283,0.852,133.607,177533
13,0.791,0.734,5,-5.464,1,0.0629,0.522,0.00165,0.167,0.962,105.854,244920
13,0.759,0.586,11,-13.461,0,0.056,0.0333,0.00312,0.0743,0.948,154.624,228327
13,0.74,0.301,8,-11.975,1,0.0467,0.428,0,0.0782,0.669,113.61,177000
13,0.296,0.528,8,-10.011,1,0.0465,0.234,0,0.147,0.453,200.62,284907
13,0.786,0.418,9,-11.115,1,0.0432,0.218,0.000158,0.134,0.94,119.101,225373
13,0.421,0.285,2,-9.43,0,0.0293,0.829,1.55E-06,0.233,0.402,85.861,196133
13,0.607,0.426,5,-14.322,1,0.0329,0.577,0.0162,0.155,0.554,113.26,173267
13,0.803,0.488,1,-9.303,1,0.0803,0.576,0.0609,0.0763,0.624,95.771,237106
13,0.619,0.608,2,-3.585,0,0.0284,0.308,0,0.0994,0.622,69.546,189093
13,0.751,0.714,10,-11.614,1,0.0374,0.317,0,0.639,0.935,124.379,186093
13,0.524,0.478,7,-8.894,1,0.118,0.406,0,0.74,0.843,137.133,166213
13,0.371,0.184,7,-13.646,1,0.0362,0.689,0.000117,0.113,0.293,120.341,263573
13,0.555,0.643,11,-7.794,0,0.0296,0.176,0,0.321,0.407,78.028,251507
13,0.538,0.969,11,-5.626,0,0.0906,0.417,0.00154,0.119,0.928,138.652,165790
13,0.552,0.608,1,-9.786,0,0.0345,0.352,0,0.0533,0.637,112.367,162373
13,0.606,0.815,2,-9.377,0,0.0485,0.104,0.00566,0.0515,0.877,129.34,181640
13,0.566,0.49,0,-10.867,1,0.0414,0.791,1.42E-05,0.0919,0.847,134.934,153333
13,0.589,0.384,10,-15.075,0,0.0332,0.112,2.80E-05,0.0596,0.354,132.909,256427
13,0.682,0.612,8,-7.004,0,0.0381,0.284,0,0.0783,0.845,127.647,163280
13,0.676,0.784,5,-6.599,1,0.0334,0.212,0.00288,0.258,0.937,119.812,144000
13,0.539,0.406,0,-6.225,1,0.0261,0.351,5.10E-06,0.161,0.376,135.923,162960
13,0.376,0.246,10,-9.803,1,0.0286,0.862,0,0.155,0.282,80.167,168093
13,0.599,0.427,4,-11.072,1,0.0372,0.85,0,0.283,0.556,96.925,195467
13,0.401,0.381,2,-7.458,1,0.0274,0.7,0,0.122,0.229,75.454,276800
13,0.661,0.311,4,-9.549,0,0.0701,0.458,0,0.233,0.702,132.008,145800
13,0.656,0.813,5,-7.324,1,0.033,0.349,0,0.114,0.96,132.313,158493
13,0.295,0.0826,1,-19.569,1,0.0367,0.984,0.000358,0.156,0.169,128.6,199000
13,0.622,0.648,1,-8.825,1,0.0308,0.811,0.000212,0.146,0.808,114.055,148600
13,0.576,0.716,8,-7.377,1,0.0465,0.147,6.65E-06,0.131,0.881,135.034,154573
13,0.498,0.636,4,-5.327,1,0.0406,0.0714,0.000383,0.139,0.38,77.974,225213
13,0.386,0.607,2,-8.805,0,0.0437,0.201,0.000264,0.116,0.528,183.912,207333
13,0.41,0.427,2,-9.695,1,0.0374,0.618,2.08E-06,0.067,0.557,95.193,197440
13,0.304,0.33,2,-11.776,0,0.0315,0.77,1.19E-06,0.163,0.306,87.95,155840
13,0.45,0.494,8,-5.368,1,0.0389,0.533,1.30E-06,0.0517,0.354,143.988,173627
13,0.79,0.56,6,-13.9,0,0.0384,0.0908,0.147,0.0459,0.963,107.625,299507
13,0.691,0.507,11,-10.23,1,0.0343,0.627,0,0.457,0.885,128.518,125440
13,0.373,0.301,9,-11.843,1,0.0314,0.769,0,0.0816,0.436,65.488,158680
13,0.523,0.402,0,-8.233,1,0.0305,0.778,0,0.432,0.675,70.863,162533
13,0.701,0.689,1,-6.841,0,0.0433,0.208,0.00277,0.0415,0.838,111.411,148333
13,0.318,0.334,7,-9.267,0,0.0487,0.854,0,0.188,0.541,78.508,174000
13,0.539,0.398,9,-6.513,1,0.0253,0.661,0.000519,0.191,0.588,81.579,156667
13,0.583,0.751,7,-6.317,1,0.0407,0.37,0.0737,0.213,0.893,174.698,160547
13,0.401,0.498,4,-10.682,1,0.0757,0.394,0,0.13,0.816,181.701,149160
13,0.886,0.491,8,-12.589,1,0.171,0.29,2.46E-06,0.229,0.971,93.236,164560
