no,genre,playlist,danceability,energy,key,loudness,mode,speechiness,acousticness,instrumentalness,liveness,valence,tempo,duration_ms
1,Blues,0,0.598,0.735,2,-10.882,1,0.0973,0.44,0.000215,0.681,0.615,111.129,321133
2,Blues,0,0.692,0.493,9,-9.662,0,0.0325,0.0934,0.00166,0.128,0.28,86.644,301133
3,Blues,0,0.821,0.376,0,-13.622,1,0.0487,0.669,1.39E-05,0.106,0.824,119.039,170000
4,Blues,0,0.661,0.342,9,-16.361,0,0.043,0.844,0.000128,0.26,0.588,146.118,188400
5,Blues,0,0.542,0.588,2,-9.268,1,0.0665,0.67,0.158,0.241,0.881,113.948,238533
6,Blues,0,0.745,0.436,5,-9.617,0,0.043,0.597,0.0213,0.61,0.771,114.216,188200
7,Blues,0,0.294,0.736,7,-7.961,0,0.151,0.282,0.0418,0.102,0.753,208.576,314880
8,Blues,0,0.541,0.283,0,-13.659,1,0.0527,0.805,0.0367,0.0736,0.564,76.828,228627
9,Blues,0,0.596,0.545,11,-8.913,0,0.064,0.456,5.53E-05,0.329,0.718,146.953,179733
10,Blues,0,0.353,0.921,2,-5.64,1,0.0758,0.0488,0.065,0.314,0.526,145.589,271653
11,Blues,0,0.513,0.546,0,-15.672,1,0.0391,0.333,0,0.17,0.834,85.527,164547
12,Blues,0,0.565,0.526,0,-11.352,1,0.0365,0.0339,0.000119,0.11,0.637,167.936,204333
13,Blues,0,0.676,0.334,5,-10.572,1,0.0508,0.862,0,0.32,0.867,158,162040
14,Blues,0,0.675,0.311,9,-11.959,1,0.0525,0.93,0.000261,0.102,0.638,97.159,149560
15,Blues,0,0.629,0.0192,4,-19.952,1,0.0833,0.989,4.30E-05,0.106,0.335,169.254,188160
16,Blues,0,0.256,0.423,6,-11.994,1,0.035,0.000788,0.402,0.25,0.441,173.27,320907
17,Blues,0,0.606,0.301,0,-11.402,1,0.0423,0.545,0.00194,0.0419,0.457,100.979,183027
18,Blues,0,0.613,0.934,0,-3.711,1,0.0342,0.0406,0.000313,0.0882,0.776,107.273,283267
19,Blues,0,0.582,0.302,9,-11.624,1,0.0353,0.947,0.0107,0.0931,0.642,94.288,144427
20,Blues,0,0.678,0.612,4,-9.764,1,0.0339,0.101,0.318,0.164,0.857,118.381,216627
21,Blues,0,0.797,0.431,0,-16.457,1,0.0625,0.414,0.0359,0.138,0.809,109.893,366733
22,Blues,0,0.633,0.625,0,-10.951,1,0.0436,0.492,0.000418,0.204,0.841,103.355,147800
23,Blues,0,0.678,0.551,1,-7.332,1,0.0261,0.266,0.00322,0.254,0.767,97.767,280453
24,Blues,0,0.393,0.358,5,-9.598,0,0.0471,0.33,0.0313,0.12,0.598,180.075,383760
25,Blues,0,0.803,0.288,7,-15.418,0,0.0629,0.865,0.0593,0.0833,0.865,115.685,259160
26,Blues,0,0.673,0.481,9,-9.88,1,0.0488,0.0764,4.00E-05,0.127,0.767,117.087,178973
27,Blues,0,0.277,0.479,5,-8.483,0,0.0495,0.585,0.0224,0.16,0.483,53.905,230360
28,Blues,0,0.433,0.7,11,-8.197,1,0.163,0.843,0.324,0.102,0.8,80.623,176186
29,Blues,0,0.656,0.551,2,-14.141,1,0.0889,0.171,0.000155,0.0676,0.773,125.659,247507
30,Blues,0,0.462,0.796,9,-6.202,1,0.0322,0.384,0,0.296,0.824,204.028,264240
31,Blues,0,0.425,0.781,2,-4.124,1,0.0645,0.622,0.000648,0.154,0.862,198.018,155211
32,Blues,0,0.633,0.553,5,-8.485,1,0.0603,0.871,0.00266,0.0555,0.846,159.12,147478
33,Blues,0,0.469,0.236,7,-16.981,1,0.0364,0.407,0.0434,0.215,0.415,82.232,399173
34,Blues,0,0.517,0.607,2,-3.952,1,0.0363,0.97,0.0324,0.264,0.556,87.218,219000
35,Blues,0,0.697,0.637,11,-11.672,0,0.0376,0.482,5.13E-05,0.257,0.807,102.514,245840
36,Blues,0,0.73,0.235,0,-15.276,1,0.0355,0.527,0.0112,0.0663,0.624,87.226,247373
37,Blues,0,0.746,0.56,5,-14.789,1,0.0565,0.494,0,0.316,0.854,124.68,184960
38,Blues,0,0.333,0.603,0,-8.339,1,0.176,0.331,0.0268,0.982,0.525,207.8,292373
39,Blues,0,0.705,0.483,1,-12.209,1,0.0542,0.15,0.0265,0.202,0.713,122.863,181786
40,Blues,0,0.657,0.642,7,-12.98,1,0.085,0.926,0.0165,0.12,0.737,110.543,163027
41,Blues,0,0.642,0.599,11,-14.734,0,0.277,0.0146,0.00238,0.164,0.889,155.9,228533
42,Blues,0,0.321,0.625,2,-5.219,0,0.0302,0.491,5.08E-05,0.345,0.777,107.338,212600
43,Blues,0,0.6,0.496,3,-9.537,1,0.062,0.759,0,0.0564,0.621,114.451,616560
44,Blues,0,0.57,0.241,4,-12.138,1,0.0473,0.948,0.0224,0.111,0.543,115.352,181893
45,Blues,0,0.477,0.433,11,-6.473,0,0.0247,0.689,0.000195,0.151,0.611,82.52,156653
46,Blues,0,0.444,0.331,11,-15.307,0,0.225,0.931,0.00253,0.0695,0.876,81.155,143673
47,Blues,0,0.775,0.499,4,-7.181,1,0.0415,0.496,0.0219,0.114,0.862,121.056,232707
48,Blues,0,0.64,0.496,2,-11.124,1,0.0413,0.616,4.63E-05,0.183,0.954,116.632,253333
49,Blues,0,0.629,0.275,4,-17.572,1,0.0606,0.889,0.00747,0.107,0.666,81.98,201733
50,Blues,0,0.542,0.941,7,-2.225,1,0.0621,0.052,0.000191,0.056,0.445,82.371,243160
51,Classical,1,0.148,0.0441,4,-24.975,0,0.0418,0.971,0.878,0.0672,0.0883,75.515,856187
52,Classical,1,0.197,0.133,10,-24.248,1,0.0484,0.863,0.812,0.156,0.0389,125.682,836973
53,Classical,1,0.233,0.0252,2,-24.824,1,0.0346,0.975,0.601,0.143,0.0936,94.736,707173
54,Classical,1,0.255,0.108,4,-22.921,0,0.0473,0.845,0.0121,0.152,0.108,103.282,681267
55,Classical,1,0.386,0.325,7,-14.183,0,0.0427,0.923,0.904,0.105,0.224,155.594,644920
56,Classical,1,0.0903,0.083,11,-21.241,0,0.0387,0.958,0.863,0.0883,0.032,85.443,642827
57,Classical,1,0.156,0.0335,0,-25.684,0,0.0411,0.939,0.789,0.124,0.0359,67.197,623369
58,Classical,1,0.368,0.0224,7,-31.261,1,0.0364,0.994,0.918,0.129,0.247,98.118,620293
59,Classical,1,0.087,0.0507,2,-30.065,1,0.0432,0.21,0.419,0.106,0.0393,84.323,576920
60,Classical,1,0.165,0.0519,11,-25.473,1,0.0512,0.981,5.10E-05,0.103,0.0398,76.891,551907
61,Classical,1,0.0698,0.00405,3,-38.919,0,0.0383,0.851,0.418,0.153,0.0356,74.584,542760
62,Classical,1,0.226,0.0701,2,-20.668,1,0.0361,0.929,0.782,0.123,0.15,176.342,527400
63,Classical,1,0.491,0.464,7,-12.974,1,0.0505,0.766,0.925,0.309,0.187,81.582,516253
64,Classical,1,0.343,0.0209,8,-27.015,1,0.0398,0.987,0.922,0.126,0.0393,125.242,497773
65,Classical,1,0.208,0.0728,0,-21.736,1,0.0385,0.921,0.783,0.182,0.0466,82.973,490147
66,Classical,1,0.396,0.126,2,-23.011,1,0.0465,0.945,0.46,0.158,0.11,97.813,483240
67,Classical,1,0.149,0.0511,4,-25.398,0,0.0442,0.959,0.784,0.125,0.0537,81.422,471760
68,Classical,1,0.39,0.0432,6,-24.344,1,0.0506,0.723,0.000303,0.108,0.326,147.436,468133
69,Classical,1,0.441,0.319,3,-13.99,1,0.0392,0.829,0,0.0765,0.671,99.419,453507
70,Classical,1,0.248,0.298,0,-15.661,0,0.0395,0.957,0.9,0.0943,0.157,97.853,442000
71,Classical,1,0.18,0.0951,11,-24.228,0,0.048,0.97,0.911,0.11,0.0527,75.667,435787
72,Classical,1,0,0.0842,9,-19.397,1,0,0.755,0.889,0.262,0,0,432533
73,Classical,1,0.442,0.181,7,-20.419,0,0.0443,0.906,0.656,0.0598,0.172,115.884,432133
74,Classical,1,0.19,0.0266,0,-25.947,0,0.0428,0.992,0.868,0.062,0.0574,122.353,425933
75,Classical,1,0.15,0.128,2,-20.46,1,0.0459,0.944,0.93,0.0703,0.113,46.771,415813
76,Classical,1,0.281,0.113,4,-16.608,1,0.0586,0.99,1.90E-06,0.101,0.232,81.682,405387
77,Classical,1,0.0802,0.00652,3,-35.334,1,0.0446,0.976,0.166,0.12,0.0377,82.109,403720
78,Classical,1,0.333,0.125,0,-19.339,1,0.0337,0.72,0.456,0.0902,0.203,113.221,399040
79,Classical,1,0.278,0.373,0,-16.175,1,0.0446,0.748,0.251,0.19,0.284,80.788,394307
80,Classical,1,0.296,0.252,7,-18.558,0,0.0451,0.906,0.886,0.106,0.3,89.935,380688
81,Classical,1,0.138,0.111,5,-18.272,1,0.0451,0.976,0.59,0.0862,0.0388,80.465,370000
82,Classical,1,0.14,0.0347,1,-24.935,0,0.0414,0.848,0.175,0.0888,0.0378,83.087,369720
83,Classical,1,0.388,0.276,5,-15.012,0,0.0277,0.933,0.334,0.111,0.427,97.34,351653
84,Classical,1,0.368,0.242,0,-17.463,0,0.0382,0.96,0.804,0.109,0.177,87.959,343093
85,Classical,1,0.209,0.101,0,-19.383,1,0.0403,0.927,0.9,0.0776,0.153,85.851,341693
86,Classical,1,0.266,0.181,11,-21.682,0,0.0418,0.98,0.837,0.135,0.0753,135.86,332293
87,Classical,1,0.5,0.0104,2,-26.764,1,0.0622,0.996,0.949,0.0573,0.133,114.76,327080
88,Classical,1,0.251,0.219,7,-16.781,1,0.0323,0.929,0.933,0.0824,0.0965,89.997,325000
89,Classical,1,0.184,0.00527,1,-37.264,0,0.0432,0.995,0.887,0.173,0.151,170.612,315427
90,Classical,1,0.205,0.00644,1,-38.382,0,0.0604,0.995,0.872,0.115,0.147,163.137,315200
91,Classical,1,0.199,0.0677,0,-20.879,1,0.039,0.786,0.738,0.225,0.145,78.866,307827
92,Classical,1,0.225,0.0392,9,-32.237,1,0.0413,0.921,0.2,0.127,0.0705,86.238,307373
93,Classical,1,0.427,0.0067,3,-34.741,1,0.0587,0.996,0.931,0.0748,0.0397,83.576,306067
94,Classical,1,0.137,0.078,8,-26.417,1,0.0407,0.992,0.0039,0.0864,0.0441,99.966,303520
95,Classical,1,0.128,0.132,2,-17.67,1,0.0353,0.744,0.942,0.107,0.0988,85.314,301587
96,Classical,1,0.522,0.0308,5,-26.86,1,0.0641,0.995,0.915,0.0805,0.313,72.551,284000
97,Classical,1,0.343,0.0252,1,-27.013,1,0.0488,0.993,0.932,0.0454,0.0395,67.207,279160
98,Classical,1,0.308,0.00605,4,-35.164,1,0.0486,0.995,0.929,0.0869,0.0739,66.122,274747
99,Classical,1,0.575,0.634,7,-16.967,1,0.0487,0.941,0.849,0.0919,0.904,191.992,271800
100,Classical,1,0.4,0.312,0,-17.376,1,0.157,0.973,0.28,0.25,0.44,76.211,271973
101,Country,2,0.529,0.813,5,-5.517,1,0.0327,0.00823,0,0.359,0.79,154.068,219920
102,Country,2,0.582,0.86,7,-4.092,1,0.0389,0.048,0,0.169,0.79,148.31,210480
103,Country,2,0.45,0.9,2,-2.684,1,0.0894,0.0317,0,0.203,0.567,180.035,185191
104,Country,2,0.486,0.443,4,-6.791,1,0.034,0.611,2.46E-06,0.0981,0.215,125.159,226438
105,Country,2,0.484,0.903,8,-3.9,0,0.0882,0.0649,0,0.151,0.716,169.948,186988
106,Country,2,0.433,0.928,4,-5.117,0,0.0512,0.0135,2.01E-06,0.32,0.552,155.938,197160
107,Country,2,0.588,0.813,5,-5.779,1,0.0391,0.141,0,0.116,0.648,81.051,188886
108,Country,2,0.585,0.55,11,-7.342,1,0.0255,0.408,3.97E-05,0.115,0.839,78.176,218280
109,Country,2,0.565,0.805,0,-4.457,1,0.0489,0.0808,0,0.173,0.869,76.04,181933
110,Country,2,0.649,0.368,2,-10.372,1,0.109,0.478,0.0002,0.257,0.191,73.542,258267
111,Country,2,0.465,0.8,0,-5.876,1,0.037,0.0132,0,0.0975,0.773,94.796,201453
112,Country,2,0.543,0.744,8,-5.41,1,0.0273,0.0124,0,0.315,0.38,93.029,201213
113,Country,2,0.562,0.683,7,-4.427,1,0.0296,0.00531,0,0.107,0.385,132.003,244798
114,Country,2,0.475,0.507,5,-5.666,1,0.0403,0.173,0.000523,0.0723,0.303,143.804,236396
115,Country,2,0.673,0.827,7,-3.162,0,0.0389,0.00661,0,0.18,0.947,126.073,187453
116,Country,2,0.499,0.643,11,-5.416,1,0.0354,0.307,0,0.106,0.469,93.805,201480
117,Country,2,0.569,0.389,7,-6.435,1,0.0283,0.532,9.65E-06,0.137,0.197,127.484,179867
118,Country,2,0.653,0.861,0,-5.283,1,0.0388,0.0734,0,0.114,0.354,101.951,184535
119,Country,2,0.621,0.791,9,-3.343,1,0.0265,0.0361,0,0.143,0.734,95.075,209110
120,Country,2,0.669,0.559,5,-5.003,1,0.0251,0.0805,0,0.0703,0.491,95.001,199413
121,Country,2,0.736,0.423,7,-6.934,1,0.0428,0.398,0,0.108,0.346,94.919,186450
122,Country,2,0.503,0.536,4,-7.229,1,0.0259,0.642,0.00143,0.111,0.21,90.966,241467
123,Country,2,0.739,0.682,2,-3.728,1,0.205,0.129,0,0.328,0.634,131.983,199382
124,Country,2,0.615,0.755,6,-4.274,1,0.0398,0.0261,0,0.076,0.853,165.051,195600
125,Country,2,0.593,0.745,7,-4.37,1,0.0574,0.19,0,0.227,0.849,169.951,175067
126,Country,2,0.711,0.774,7,-4.068,1,0.0308,0.0317,0,0.124,0.939,111.016,209733
127,Country,2,0.539,0.597,8,-5.25,1,0.0269,0.307,4.19E-06,0.112,0.245,169.896,161124
128,Country,2,0.726,0.856,8,-2.807,1,0.035,0.0342,4.60E-06,0.302,0.962,114.022,182498
129,Country,2,0.66,0.83,5,-5.099,1,0.029,0.292,0,0.141,0.856,122.079,194840
130,Country,2,0.662,0.596,1,-6.733,1,0.0385,0.217,0,0.147,0.625,101.016,189173
131,Country,2,0.467,0.854,2,-3.53,1,0.0392,0.0137,0,0.203,0.466,166.115,195432
132,Country,2,0.634,0.808,3,-4.12,1,0.0517,0.192,0,0.0898,0.937,82.016,186867
133,Country,2,0.496,0.506,0,-8.725,1,0.0284,0.00315,1.93E-05,0.277,0.347,141.874,208293
134,Country,2,0.612,0.57,11,-6.642,0,0.0347,0.279,0,0.0963,0.335,77.004,197293
135,Country,2,0.676,0.79,11,-6.817,0,0.0296,0.024,0.031,0.186,0.897,121.693,149720
136,Country,2,0.442,0.335,5,-17.789,0,0.0979,0.907,0.132,0.273,0.394,177.372,240027
137,Country,2,0.561,0.636,1,-6.943,1,0.0268,0.0345,0.00253,0.111,0.325,81.989,205964
138,Country,2,0.609,0.68,9,-6.316,1,0.0348,0.0886,0,0.108,0.561,140.013,211547
139,Country,2,0.75,0.835,5,-4.848,1,0.0311,0.397,0,0.0414,0.924,140.029,189973
140,Country,2,0.602,0.805,7,-6.079,1,0.0473,0.0997,0,0.172,0.322,92.401,199627
141,Country,2,0.492,0.594,4,-7.138,1,0.0449,0.00709,0,0.116,0.314,147.882,196493
142,Country,2,0.707,0.632,10,-7.031,1,0.0789,0.103,1.09E-05,0.0841,0.372,97.04,278893
143,Country,2,0.554,0.641,9,-7.443,1,0.0246,0.083,1.54E-06,0.133,0.541,149.982,222306
144,Country,2,0.621,0.477,0,-5.284,1,0.0334,0.202,0,0.215,0.481,81.976,253084
145,Country,2,0.491,0.907,7,-3.594,1,0.0481,0.0491,0,0.242,0.631,199.943,182667
146,Country,2,0.447,0.429,1,-7.36,1,0.028,0.718,0.0163,0.105,0.074,116.521,216280
147,Country,2,0.712,0.649,2,-6.438,1,0.0302,0.0214,0.00241,0.11,0.457,104.003,220627
148,Country,2,0.683,0.796,11,-4.179,1,0.0285,0.111,0,0.197,0.531,90.031,201893
149,Country,2,0.618,0.881,2,-4.78,1,0.0419,0.0874,8.91E-06,0.0899,0.89,124.976,221453
150,Country,2,0.51,0.947,0,-1.746,1,0.0445,0.0108,0,0.153,0.749,159.995,235242
151,Edm,3,0.687,0.792,5,-2.749,1,0.0452,0.191,0,0.167,0.671,100.015,214290
152,Edm,3,0.784,0.951,7,-7.92,1,0.052,0.00403,0.852,0.0324,0.808,123.99,220645
153,Edm,3,0.563,0.741,2,-5.151,1,0.0419,0.0927,0,0.142,0.438,128.002,209077
154,Edm,3,0.715,0.635,7,-6.591,1,0.0791,0.127,0,0.0862,0.39,112.887,198635
155,Edm,3,0.547,0.672,0,-5.094,1,0.0436,0.306,0,0.068,0.564,99.946,237933
156,Edm,3,0.592,0.873,9,-5.65,1,0.0275,0.0715,0.00982,0.142,0.516,122.011,277262
157,Edm,3,0.68,0.84,10,-5.329,0,0.0421,0.0525,0.00194,0.161,0.39,126.023,172381
158,Edm,3,0.448,0.911,1,-3.095,1,0.0408,0.0214,0,0.059,0.255,127.127,234012
159,Edm,3,0.582,0.757,0,-3.965,1,0.0399,0.16,0,0.187,0.516,104.105,205787
160,Edm,3,0.533,0.807,2,-3.597,1,0.0457,0.097,0,0.0608,0.369,125.025,253440
161,Edm,3,0.529,0.612,10,-8.794,1,0.052,0.253,0,0.246,0.434,119.272,193847
162,Edm,3,0.7,0.904,2,-4.03,1,0.0431,0.0531,8.03E-06,0.105,0.347,103.039,181102
163,Edm,3,0.466,0.612,8,-4.855,0,0.0307,0.0655,4.07E-06,0.132,0.236,128.114,239067
164,Edm,3,0.633,0.918,11,-8.208,0,0.0454,0.0334,0.867,0.364,0.786,129.99,194926
165,Edm,3,0.566,0.909,8,-7.281,0,0.054,0.004,0.0932,0.156,0.382,127.037,240384
166,Edm,3,0.651,0.693,4,-4.722,1,0.0375,0.458,0,0.335,0.392,118.97,236765
167,Edm,3,0.562,0.882,11,-4.356,0,0.0604,0.0034,0.123,0.55,0.694,125.985,240000
168,Edm,3,0.937,0.632,11,-8.216,0,0.3,0.0349,0.000742,0.108,0.57,128.021,210703
169,Edm,3,0.693,0.678,8,-7.159,1,0.0324,0.0154,6.05E-06,0.101,0.404,103.952,228267
170,Edm,3,0.498,0.494,0,-12.42,1,0.0343,0.0118,0.00108,0.166,0.12,134.983,209938
171,Edm,3,0.637,0.812,5,-4.314,0,0.0553,0.00927,0,0.463,0.593,123.026,196814
172,Edm,3,0.654,0.795,0,-4.419,1,0.0536,0.178,0,0.19,0.465,120.019,185750
173,Edm,3,0.722,0.856,1,-6.392,0,0.0338,0.0305,0.0597,0.231,0.826,121.989,162295
174,Edm,3,0.58,0.804,9,-4.618,1,0.0279,0.0304,0.00359,0.105,0.137,126.005,215388
175,Edm,3,0.72,0.842,11,-6.748,0,0.143,0.0503,0.0342,0.406,0.425,125.998,251413
176,Edm,3,0.683,0.785,7,-4.879,1,0.037,0.0643,1.34E-05,0.177,0.581,122.997,184564
177,Edm,3,0.926,0.951,6,-5.531,0,0.0924,0.00232,0.452,0.313,0.918,123.987,206588
178,Edm,3,0.595,0.954,4,-7.786,0,0.0473,0.00164,0.744,0.426,0.171,123.016,282927
179,Edm,3,0.47,0.905,7,-2.832,0,0.0645,0.0125,2.01E-06,0.514,0.0549,127.077,228661
180,Edm,3,0.624,0.758,8,-6.039,1,0.0413,0.153,1.61E-05,0.104,0.413,122.019,186213
181,Edm,3,0.294,0.505,3,-8.106,1,0.042,0.12,0,0.0977,0.357,85.332,209893
182,Edm,3,0.503,0.754,7,-3.634,1,0.0424,0.264,5.85E-05,0.297,0.597,116.524,186750
183,Edm,3,0.818,0.823,11,-3.563,0,0.2,0.0663,1.17E-05,0.133,0.52,128.136,160794
184,Edm,3,0.497,0.792,2,-6.539,1,0.0291,0.0555,0.506,0.0946,0.224,125.067,172222
185,Edm,3,0.438,0.767,3,-4.335,1,0.0422,0.0173,0,0.116,0.244,127.96,191719
186,Edm,3,0.81,0.788,10,-3.663,1,0.0447,0.267,0.000172,0.196,0.845,135.991,174761
187,Edm,3,0.565,0.674,8,-6.098,0,0.0463,0.0248,8.68E-06,0.105,0.254,127.046,170079
188,Edm,3,0.624,0.767,8,-3.824,1,0.0417,0.00763,0.000506,0.215,0.235,127.967,170791
189,Edm,3,0.531,0.733,9,-7.178,1,0.0357,0.00679,0,0.0862,0.417,122.048,198694
190,Edm,3,0.641,0.782,6,-7.28,0,0.0623,0.382,0.000558,0.126,0.596,124.009,230323
191,Edm,3,0.743,0.864,9,-4.043,0,0.0539,0.101,0.000285,0.111,0.528,124.01,184686
192,Edm,3,0.849,0.756,11,-7.226,1,0.0985,0.513,0,0.259,0.701,104.981,161167
193,Edm,3,0.596,0.962,11,-2.502,1,0.0571,0.0147,0.103,0.247,0.325,126.091,162840
194,Edm,3,0.629,0.539,7,-7.006,0,0.063,0.166,0,0.189,0.316,109.885,193747
195,Edm,3,0.812,0.635,11,-11.051,1,0.0753,1.81E-05,0.936,0.126,0.811,121.983,222295
196,Edm,3,0.764,0.868,5,-8.034,0,0.136,0.00725,0.000682,0.0946,0.337,126.034,195429
197,Edm,3,0.54,0.961,11,-3.587,0,0.0645,0.0123,0.796,0.0913,0.648,121.664,188732
198,Edm,3,0.355,0.746,11,-5.342,0,0.0479,0.0387,0.055,0.0552,0.361,150.227,169125
199,Edm,3,0.726,0.747,1,-11.173,1,0.0383,0.0301,0.756,0.339,0.495,125.986,230476
200,Edm,3,0.587,0.648,11,-6.927,0,0.0439,0.0561,0,0.115,0.281,144.028,220141
201,Funk,4,0.642,0.764,7,-6.741,0,0.0457,0.1,0.32,0.0731,0.704,104.885,224041
202,Funk,4,0.731,0.743,11,-11.783,0,0.0506,0.0696,0.0045,0.0796,0.97,88.049,210483
203,Funk,4,0.684,0.882,8,-9.353,1,0.118,0.152,0.0225,0.313,0.758,90.149,305760
204,Funk,4,0.782,0.922,11,-4.028,0,0.0497,0.00655,0.0118,0.0728,0.761,104.016,255228
205,Funk,4,0.745,0.84,0,-6.623,1,0.0692,0.0654,0.104,0.0446,0.9,123.983,224368
206,Funk,4,0.687,0.958,9,-4.498,1,0.118,0.0561,0.138,0.0886,0.797,158.276,186349
207,Funk,4,0.61,0.752,10,-5.062,0,0.0389,0.294,0.0755,0.116,0.832,89.995,196867
208,Funk,4,0.55,0.776,0,-4.796,1,0.236,0.0893,0.000182,0.176,0.932,204.745,215587
209,Funk,4,0.658,0.895,7,-6.84,0,0.0704,0.0669,0.00312,0.361,0.855,123.912,199600
210,Funk,4,0.775,0.898,2,-7.054,1,0.0949,0.028,0.000269,0.0646,0.776,109.987,281133
211,Funk,4,0.771,0.807,7,-6.258,1,0.058,0.0107,0.0135,0.568,0.707,98.003,256960
212,Funk,4,0.849,0.781,0,-9.329,0,0.0803,0.0946,0.057,0.0681,0.817,115.009,402852
213,Funk,4,0.518,0.877,1,-5.648,1,0.0458,0.000214,0.072,0.297,0.812,92.902,222334
214,Funk,4,0.392,0.865,2,-4.766,0,0.104,0.00254,4.25E-05,0.107,0.845,188.354,216152
215,Funk,4,0.698,0.687,0,-6.185,1,0.0673,0.115,1.48E-06,0.0858,0.8,114.353,286433
216,Funk,4,0.779,0.803,2,-5.907,0,0.0393,0.361,0.000697,0.0371,0.973,112.049,295133
217,Funk,4,0.679,0.947,6,-3.707,1,0.0809,0.67,9.69E-06,0.199,0.864,109.849,274580
218,Funk,4,0.698,0.906,7,-10.688,0,0.04,0.581,0.812,0.114,0.882,108,311437
219,Funk,4,0.728,0.694,1,-6.368,1,0.0404,0.0556,9.29E-05,0.135,0.688,90.044,287213
220,Funk,4,0.629,0.734,2,-7.952,1,0.0443,0.00906,1.80E-05,0.135,0.631,150.15,234324
221,Funk,4,0.814,0.682,5,-6.89,0,0.0559,0.0283,0.000789,0.159,0.914,123.722,153387
222,Funk,4,0.777,0.908,9,-5.242,1,0.172,0.0904,0,0.224,0.674,100.938,174608
223,Funk,4,0.703,0.914,7,-6.455,1,0.0755,0.0439,0.00123,0.161,0.843,108.993,328480
224,Funk,4,0.637,0.884,5,-6.96,1,0.0664,0.0318,3.44E-06,0.0677,0.527,121.926,216800
225,Funk,4,0.811,0.792,7,-8.477,1,0.0537,0.0363,0.0517,0.342,0.94,107.255,239621
226,Funk,4,0.817,0.795,5,-6.108,0,0.0546,0.0449,0.0119,0.0195,0.855,107.971,245413
227,Funk,4,0.606,0.957,11,-5.646,0,0.18,0.113,0.0704,0.0418,0.554,99.042,261185
228,Funk,4,0.73,0.674,5,-11.049,1,0.0526,0.00442,1.48E-06,0.0885,0.847,107.253,272722
229,Funk,4,0.888,0.531,9,-8.178,0,0.317,0.267,0.000334,0.00535,0.856,150.052,215603
230,Funk,4,0.874,0.445,5,-9.846,0,0.067,0.0496,0.00203,0.118,0.616,110.122,289349
231,Funk,4,0.697,0.818,11,-9.73,0,0.0467,0.0045,0.85,0.16,0.739,132.187,164021
232,Funk,4,0.829,0.861,0,-5.672,1,0.0797,0.134,0.00566,0.0908,0.727,124.201,291160
233,Funk,4,0.687,0.868,6,-6.798,0,0.0888,0.0627,0.00113,0.0833,0.801,102.121,199893
234,Funk,4,0.742,0.848,4,-6.336,0,0.0404,0.115,0,0.328,0.622,109.487,265872
235,Funk,4,0.748,0.646,10,-7.601,0,0.045,0.0608,0.0221,0.313,0.771,91.972,212027
236,Funk,4,0.603,0.887,1,-5.343,1,0.0664,0.44,0.496,0.0836,0.803,92.982,246413
237,Funk,4,0.837,0.899,7,-4.078,0,0.047,0.589,2.54E-06,0.0886,0.897,110.07,332206
238,Funk,4,0.75,0.457,8,-10.245,0,0.0665,0.093,0.118,0.054,0.613,76.005,276469
239,Funk,4,0.504,0.681,4,-8.776,0,0.113,0.138,0.000374,0.0966,0.632,116.552,256204
240,Funk,4,0.651,0.721,7,-6.229,0,0.0655,0.0294,0.0117,0.131,0.44,118.039,290261
241,Funk,4,0.58,0.816,11,-8.574,0,0.217,0.333,0.00933,0.132,0.765,202.324,178933
242,Funk,4,0.639,0.667,8,-3.725,1,0.046,0.0807,9.41E-05,0.0571,0.514,100.851,239720
243,Funk,4,0.724,0.695,11,-5.756,0,0.065,0.00602,0.0735,0.387,0.721,114.998,347237
244,Funk,4,0.822,0.803,11,-7.491,0,0.0617,0.000559,0.541,0.314,0.921,109.989,292000
245,Funk,4,0.668,0.82,2,-6.258,1,0.0351,0.00676,0.0141,0.0447,0.87,132.934,240173
246,Funk,4,0.787,0.823,5,-6.548,0,0.0662,0.106,2.14E-05,0.224,0.786,119.987,268000
247,Funk,4,0.695,0.937,6,-3.642,0,0.0733,0.00999,0.234,0.136,0.884,104.721,199560
248,Funk,4,0.649,0.874,5,-6.93,1,0.0793,0.0394,0.552,0.0936,0.776,169.905,350972
249,Funk,4,0.653,0.466,11,-9.789,1,0.0569,0.00362,1.27E-05,0.0806,0.844,120.688,230002
250,Funk,4,0.725,0.957,10,-5.931,1,0.0472,0.0126,0.0822,0.102,0.618,119.994,226345
251,Gospel,5,0.248,0.729,1,-4.707,0,0.0665,0.214,0,0.7,0.144,171.924,585080
252,Gospel,5,0.343,0.316,8,-10.43,1,0.0311,0.53,0,0.0784,0.0947,128.475,507893
253,Gospel,5,0.436,0.636,8,-5.065,1,0.0394,0.00914,0,0.137,0.272,93.594,506200
254,Gospel,5,0.293,0.46,7,-6.992,1,0.0335,0.14,0,0.0779,0.191,97.635,480547
255,Gospel,5,0.385,0.698,1,-6.893,1,0.0857,0.0686,2.93E-06,0.65,0.357,79.285,469631
256,Gospel,5,0.436,0.703,6,-6.403,1,0.0416,0.044,6.57E-06,0.195,0.263,125.992,458498
257,Gospel,5,0.557,0.746,8,-6.783,1,0.0306,0.0144,0,0.252,0.327,103.492,441547
258,Gospel,5,0.328,0.871,8,-4.596,1,0.123,0.0185,2.42E-06,0.922,0.271,167.021,434547
259,Gospel,5,0.214,0.487,1,-8.455,1,0.0479,0.451,1.62E-05,0.393,0.194,81.36,423107
260,Gospel,5,0.556,0.843,1,-7.324,1,0.0555,0.0146,1.53E-05,0.784,0.403,112.935,408814
261,Gospel,5,0.352,0.79,8,-4.27,1,0.0702,0.133,0,0.119,0.223,126.603,402844
262,Gospel,5,0.359,0.362,7,-7.414,1,0.0276,0.815,0,0.313,0.382,92.18,390387
263,Gospel,5,0.655,0.954,1,-3.813,1,0.0888,0.0601,0,0.326,0.612,127.988,384013
264,Gospel,5,0.5,0.602,9,-5.03,1,0.0286,0.081,0,0.34,0.24,116.136,383553
265,Gospel,5,0.642,0.97,0,-2.253,1,0.0678,0.00915,0,0.476,0.516,104.975,384093
266,Gospel,5,0.54,0.871,10,-5.268,1,0.0469,0.0111,6.63E-06,0.361,0.301,103.012,379563
267,Gospel,5,0.804,0.649,1,-4.429,1,0.0857,0.0859,0,0.112,0.906,91.067,378200
268,Gospel,5,0.447,0.635,0,-6.033,0,0.0445,0.514,0,0.684,0.237,119.285,376360
269,Gospel,5,0.329,0.557,6,-6.952,1,0.0433,0.0453,1.25E-05,0.166,0.218,90.022,366320
270,Gospel,5,0.263,0.587,6,-5.446,1,0.0588,0.134,0,0.0989,0.157,173.81,365191
271,Gospel,5,0.655,0.491,8,-6.982,1,0.21,0.603,0,0.49,0.835,178.062,345625
272,Gospel,5,0.325,0.583,3,-7.099,1,0.0371,0.446,8.19E-06,0.403,0.155,140.056,344019
273,Gospel,5,0.531,0.644,0,-6.676,1,0.0586,0.111,0,0.268,0.499,91.986,331596
274,Gospel,5,0.304,0.454,7,-8.535,1,0.0688,0.648,0,0.109,0.325,80.972,330360
275,Gospel,5,0.386,0.454,7,-7.676,1,0.0336,0.0742,0,0.114,0.0439,166.049,330361
276,Gospel,5,0.516,0.824,8,-4.926,1,0.234,0.429,0,0.302,0.519,171.936,328693
277,Gospel,5,0.45,0.709,1,-6.451,1,0.0651,0.101,1.60E-05,0.432,0.419,155.821,323878
278,Gospel,5,0.72,0.722,2,-4.462,0,0.192,0.182,0,0.254,0.293,102.132,320955
279,Gospel,5,0.486,0.563,0,-6.492,1,0.0334,0.135,0,0.332,0.323,105.371,318187
280,Gospel,5,0.5,0.583,6,-7.152,0,0.113,0.291,0,0.836,0.297,63.452,314787
281,Gospel,5,0.377,0.481,6,-8.371,1,0.0341,0.288,0,0.14,0.346,99.989,312255
282,Gospel,5,0.666,0.601,1,-9.292,1,0.0625,0.34,0,0.0721,0.715,87.054,311063
283,Gospel,5,0.745,0.753,1,-2.408,1,0.164,0.223,0,0.705,0.589,144.057,307973
284,Gospel,5,0.241,0.445,8,-10.443,1,0.0386,0.694,0,0.0842,0.205,78.448,306533
285,Gospel,5,0.313,0.843,5,-4.868,1,0.302,0.0208,0,0.465,0.351,160.275,306427
286,Gospel,5,0.135,0.372,4,-8.236,1,0.0363,0.0553,3.67E-06,0.0927,0.0393,80.906,305385
287,Gospel,5,0.424,0.679,2,-7.565,1,0.111,0.0355,0.00154,0.0848,0.362,179.641,300947
288,Gospel,5,0.654,0.871,7,-5.956,0,0.1,0.184,0,0.0937,0.533,94.972,299013
289,Gospel,5,0.584,0.927,10,-4.563,1,0.139,0.0161,0.00047,0.447,0.642,95.408,297653
290,Gospel,5,0.732,0.351,8,-8.916,1,0.0429,0.28,0,0.5,0.415,115.877,297960
291,Gospel,5,0.344,0.822,6,-4.915,1,0.243,0.0249,0,0.117,0.413,89.409,295213
292,Gospel,5,0.332,0.612,7,-4.897,0,0.126,0.127,0,0.169,0.171,192.174,292790
293,Gospel,5,0.55,0.537,7,-9.271,1,0.138,0.254,0,0.112,0.219,90.151,290213
294,Gospel,5,0.461,0.413,6,-6.914,1,0.0327,0.197,2.25E-06,0.312,0.351,115.568,287573
295,Gospel,5,0.627,0.579,10,-6.538,1,0.0261,0.147,0,0.109,0.214,99.029,287582
296,Gospel,5,0.28,0.581,2,-4.831,1,0.0387,0.608,0,0.232,0.327,148.274,287674
297,Gospel,5,0.304,0.389,7,-7.066,1,0.031,0.895,0.000114,0.161,0.171,144.77,288000
298,Gospel,5,0.48,0.731,8,-5.918,1,0.0965,0.362,0.000309,0.201,0.432,140.028,283587
299,Gospel,5,0.286,0.761,5,-4.793,1,0.108,0.308,0,0.355,0.329,159.16,282827
300,Gospel,5,0.671,0.423,0,-9.992,0,0.0749,0.185,0.000255,0.0987,0.409,155.941,275583
301,Hip Hop,6,0.859,0.75,8,-8.325,0,0.303,0.0193,0,0.0538,0.857,98.691,345717
302,Hip Hop,6,0.785,0.479,3,-10.247,1,0.362,0.0417,3.50E-05,0.334,0.727,87.691,339893
303,Hip Hop,6,0.894,0.698,6,-8.264,0,0.275,0.0279,3.56E-06,0.329,0.695,98.104,336917
304,Hip Hop,6,0.724,0.853,11,-3.895,0,0.283,0.0164,0,0.65,0.775,170.51,332733
305,Hip Hop,6,0.763,0.786,10,-6.472,0,0.229,0.0146,0.0114,0.0817,0.504,93.857,325507
306,Hip Hop,6,0.777,0.957,11,-3.201,0,0.319,0.179,0,0.296,0.543,105.756,313053
307,Hip Hop,6,0.886,0.512,10,-11.825,0,0.237,0.207,0,0.0991,0.454,93.997,308733
308,Hip Hop,6,0.873,0.719,1,-5.948,1,0.248,0.03,0,0.333,0.858,93.281,307773
309,Hip Hop,6,0.803,0.784,11,-5.97,0,0.198,0.0012,0.000161,0.0794,0.801,90.185,296907
310,Hip Hop,6,0.665,0.91,6,-4.682,0,0.223,0.0394,0,0.227,0.887,84.099,293973
311,Hip Hop,6,0.678,0.794,10,-6.186,0,0.14,0.274,1.68E-06,0.124,0.54,87.374,290573
312,Hip Hop,6,0.801,0.908,2,-6.554,1,0.221,0.00253,0.000655,0.0698,0.805,87.279,278387
313,Hip Hop,6,0.875,0.658,0,-3.641,1,0.359,0.275,0,0.122,0.661,92.039,274093
314,Hip Hop,6,0.816,0.775,11,-3.323,1,0.234,0.16,0.00031,0.0543,0.527,93.431,270587
315,Hip Hop,6,0.698,0.454,1,-6.756,0,0.151,0.123,0,0.155,0.137,92.932,260640
316,Hip Hop,6,0.811,0.512,8,-7.455,1,0.316,0.354,0,0.102,0.752,139.918,260875
317,Hip Hop,6,0.798,0.744,7,-5.328,0,0.136,0.33,0.000106,0.292,0.794,82.356,260000
318,Hip Hop,6,0.834,0.878,8,-9.484,1,0.15,0.0461,0,0.334,0.418,102.848,258688
319,Hip Hop,6,0.6,0.706,10,-7.899,0,0.361,0.209,0,0.125,0.58,173.926,253533
320,Hip Hop,6,0.479,0.549,11,-10.551,0,0.373,0.57,0.0239,0.127,0.576,180.985,252187
321,Hip Hop,6,0.849,0.521,11,-12.999,0,0.216,0.304,1.65E-06,0.115,0.763,95.265,248867
322,Hip Hop,6,0.658,0.922,7,-1.864,1,0.101,0.0704,0,0.362,0.527,136.04,248137
323,Hip Hop,6,0.692,0.833,7,-3.974,1,0.0492,0.000136,1.98E-05,0.515,0.692,96.814,246320
324,Hip Hop,6,0.838,0.771,1,-3.791,1,0.244,0.0117,0,0.0853,0.405,175.957,245387
325,Hip Hop,6,0.508,0.476,6,-13.277,0,0.124,0.181,2.65E-06,0.0849,0.283,149.88,243748
326,Hip Hop,6,0.647,0.514,8,-10.05,1,0.0593,0.0655,0,0.398,0.387,79.974,240693
327,Hip Hop,6,0.817,0.873,1,-4.221,1,0.121,0.0325,7.72E-06,0.129,0.76,116.016,234052
328,Hip Hop,6,0.805,0.764,10,-4.176,0,0.0664,0.035,0.00666,0.0489,0.124,144.077,230000
329,Hip Hop,6,0.904,0.723,11,-5.224,0,0.26,0.0631,0,0.185,0.835,145.013,227478
330,Hip Hop,6,0.816,0.579,1,-6.097,1,0.0867,0.203,0,0.127,0.43,120.078,226314
331,Hip Hop,6,0.813,0.703,11,-5.077,0,0.268,0.125,1.26E-06,0.237,0.241,94.828,224533
332,Hip Hop,6,0.835,0.564,1,-5.39,1,0.065,0.168,0,0.103,0.228,140.02,222929
333,Hip Hop,6,0.924,0.74,8,-1.299,1,0.0774,0.0827,0,0.163,0.621,133.974,222293
334,Hip Hop,6,0.735,0.449,10,-7.507,1,0.347,0.629,0,0.113,0.0397,122.947,220488
335,Hip Hop,6,0.875,0.745,1,-5.878,1,0.269,0.0227,2.37E-06,0.287,0.749,95.201,217440
336,Hip Hop,6,0.826,0.566,10,-10.747,0,0.31,0.197,0,0.356,0.653,99.13,216133
337,Hip Hop,6,0.956,0.668,1,-5.365,1,0.362,0.00975,0,0.113,0.481,127.927,211677
338,Hip Hop,6,0.84,0.227,2,-15.351,1,0.0742,0.763,2.62E-05,0.0911,0.409,119.989,211984
339,Hip Hop,6,0.549,0.853,7,-4.293,1,0.188,0.0285,0.000296,0.618,0.346,94.695,211493
340,Hip Hop,6,0.897,0.612,11,-10.489,1,0.211,0.0297,0.186,0.0894,0.767,102.305,208267
341,Hip Hop,6,0.358,0.913,2,-3.477,1,0.218,0.0881,0.392,0.287,0.577,75.01,206400
342,Hip Hop,6,0.831,0.502,10,-4.045,0,0.046,0.101,0,0.122,0.101,100.541,205427
343,Hip Hop,6,0.786,0.733,6,-4.961,0,0.127,0.0257,0,0.143,0.358,101.046,202653
344,Hip Hop,6,0.796,0.586,4,-6.946,0,0.147,0.0247,0,0.132,0.179,97.981,200107
345,Hip Hop,6,0.825,0.458,0,-7.47,1,0.0577,0.114,0,0.102,0.161,145.115,197760
346,Hip Hop,6,0.809,0.741,5,-8.45,1,0.186,0.448,2.38E-06,0.147,0.866,160.038,198118
347,Hip Hop,6,0.81,0.71,7,-8.436,1,0.193,0.000812,0.0857,0.357,0.743,166.987,197400
348,Hip Hop,6,0.542,0.674,6,-4.169,1,0.21,0.0588,0,0.0955,0.667,76.388,196760
349,Hip Hop,6,0.699,0.651,5,-8.35,1,0.105,0.343,0.000635,0.115,0.347,96.041,194928
350,Hip Hop,6,0.855,0.651,0,-8.044,0,0.235,0.063,0,0.0772,0.559,111.997,193027
351,Jazz,7,0.372,0.168,5,-22.966,1,0.0319,0.738,0.729,0.0917,0.195,96.074,465133
352,Jazz,7,0.423,0.22,0,-13.499,0,0.0298,0.949,0.854,0.12,0.152,107.595,438625
353,Jazz,7,0.76,0.462,9,-11.571,1,0.0355,0.333,0.727,0.0997,0.842,109.998,423320
354,Jazz,7,0.515,0.184,0,-16.969,1,0.0426,0.858,0.18,0.12,0.218,122.744,381051
355,Jazz,7,0.576,0.328,5,-10.995,1,0.0367,0.95,0.795,0.106,0.231,117.239,377500
356,Jazz,7,0.518,0.0493,9,-26.565,0,0.0346,0.9,0.879,0.349,0.16,61.908,375094
357,Jazz,7,0.403,0.13,2,-14.665,1,0.0374,0.969,0.804,0.125,0.0904,137.726,365880
358,Jazz,7,0.731,0.752,2,-7.899,1,0.0356,0.0713,0.892,0.278,0.667,123.972,359302
359,Jazz,7,0.794,0.674,1,-11.176,1,0.0494,0.0677,0.000199,0.0749,0.742,120.013,356000
360,Jazz,7,0.559,0.2,0,-17.49,0,0.0372,0.945,0.505,0.121,0.305,124.408,352250
361,Jazz,7,0.397,0.217,7,-16.94,0,0.03,0.905,0.23,0.083,0.169,61.49,343750
362,Jazz,7,0.681,0.557,2,-7.666,1,0.0417,0.565,0.692,0.0839,0.57,87.906,341796
363,Jazz,7,0.484,0.17,0,-15.033,0,0.0358,0.927,0.911,0.112,0.164,107.194,337986
364,Jazz,7,0.466,0.485,4,-11.151,0,0.056,0.531,0.744,0.175,0.736,84.282,332000
365,Jazz,7,0.518,0.128,0,-17.5,1,0.0335,0.939,0.912,0.115,0.118,115.794,318879
366,Jazz,7,0.805,0.395,5,-9.609,0,0.0626,0.58,0.914,0.187,0.437,154.119,317413
367,Jazz,7,0.373,0.183,5,-18.031,0,0.0356,0.922,0.8,0.0934,0.144,185.057,316098
368,Jazz,7,0.487,0.12,10,-20.964,1,0.04,0.892,0.853,0.0996,0.131,56.822,314763
369,Jazz,7,0.633,0.405,5,-13.289,1,0.0347,0.673,0.898,0.087,0.388,81.998,311800
370,Jazz,7,0.769,0.752,11,-6.095,0,0.0521,0.00385,0.866,0.175,0.622,115.991,306734
371,Jazz,7,0.763,0.592,10,-8.987,1,0.0313,0.325,0.862,0.0815,0.675,121.065,304357
372,Jazz,7,0.445,0.144,1,-17.051,1,0.0367,0.929,0.664,0.164,0.206,138.898,304293
373,Jazz,7,0.659,0.695,11,-9.208,0,0.0613,0.383,0.915,0.354,0.685,74.984,303067
374,Jazz,7,0.386,0.106,0,-19.209,0,0.0308,0.977,0.941,0.121,0.16,101.784,301500
375,Jazz,7,0.431,0.174,0,-19.689,1,0.0373,0.936,0.897,0.109,0.108,107.63,301595
376,Jazz,7,0.73,0.649,3,-9.818,0,0.0554,0.547,0.481,0.0722,0.666,103.015,285171
377,Jazz,7,0.523,0.619,8,-6.097,1,0.0267,0.252,0.791,0.172,0.336,80.013,282533
378,Jazz,7,0.661,0.739,5,-7.38,0,0.0688,0.0816,0.0532,0.0932,0.485,104.175,281747
379,Jazz,7,0.493,0.297,4,-18.663,0,0.0335,0.892,0.964,0.11,0.525,125.543,279000
380,Jazz,7,0.783,0.62,5,-8.4,0,0.0318,0.444,2.85E-06,0.0909,0.419,134.054,273282
381,Jazz,7,0.7,0.912,11,-6.592,0,0.0472,0.115,0.93,0.0947,0.807,99.998,272400
382,Jazz,7,0.398,0.577,7,-6.091,0,0.238,0.237,0.000145,0.0662,0.652,198.743,271189
383,Jazz,7,0.53,0.718,7,-7.472,0,0.0382,0.0629,0.0391,0.0779,0.479,89.848,267914
384,Jazz,7,0.339,0.617,7,-9.396,0,0.0312,0.893,0.933,0.0857,0.726,91.328,264187
385,Jazz,7,0.702,0.903,1,-3.538,1,0.0301,0.0945,0.0531,0.0358,0.96,98.03,263347
386,Jazz,7,0.668,0.727,2,-6.402,0,0.0261,0.0118,0.472,0.0379,0.9,116,262093
387,Jazz,7,0.744,0.562,5,-8.709,0,0.0336,0.0904,0.883,0.0848,0.714,113.066,261401
388,Jazz,7,0.773,0.834,1,-5.045,1,0.0608,0.149,0.73,0.0959,0.96,111.025,260693
389,Jazz,7,0.651,0.658,4,-9.399,0,0.0364,0.0251,0.00432,0.131,0.699,92.992,257750
390,Jazz,7,0.652,0.809,5,-7.697,0,0.0415,0.0571,0.628,0.21,0.669,108.03,257933
391,Jazz,7,0.446,0.188,7,-17.215,0,0.0303,0.786,0.0916,0.104,0.0988,107.147,258227
392,Jazz,7,0.869,0.689,11,-7.07,0,0.0417,0.194,0.937,0.0857,0.955,113.983,257853
393,Jazz,7,0.576,0.663,5,-7.016,0,0.0356,0.0848,0.403,0.0587,0.554,90.943,257368
394,Jazz,7,0.767,0.705,5,-6.233,0,0.0508,0.402,0.145,0.0501,0.728,81.974,253577
395,Jazz,7,0.653,0.79,5,-5.759,0,0.0341,0.0163,0.0923,0.206,0.606,92.011,252757
396,Jazz,7,0.819,0.841,5,-5.55,1,0.0291,0.133,0.805,0.045,0.653,112.024,253134
397,Jazz,7,0.653,0.575,4,-11.413,0,0.061,0.0915,0.328,0.0935,0.499,99.995,250691
398,Jazz,7,0.408,0.819,3,-5.296,0,0.16,0.321,0.8,0.0704,0.741,200.248,251451
399,Jazz,7,0.764,0.684,10,-9.697,0,0.0297,0.462,0.932,0.339,0.815,108.017,249640
400,Jazz,7,0.411,0.449,9,-15.659,0,0.0318,0.548,0.609,0.0814,0.579,144,250000
401,Metal,8,0.568,0.981,2,-3.889,1,0.0887,0.00269,0.00275,0.0243,0.307,135.146,284120
402,Metal,8,0.543,0.836,4,-9.11,0,0.0353,0.000647,0.431,0.153,0.56,105.173,515387
403,Metal,8,0.43,0.704,1,-8.008,0,0.0804,0.000155,0.00221,0.0933,0.703,118.242,315120
404,Metal,8,0.61,0.891,4,-5.452,0,0.0587,0.000805,0.0928,0.0657,0.51,139.903,246733
405,Metal,8,0.354,0.982,4,-3.026,0,0.168,0.000237,0.000294,0.204,0.194,143.772,252613
406,Metal,8,0.415,0.908,2,-9.701,1,0.0765,0.00437,0.0345,0.082,0.437,114.816,243533
407,Metal,8,0.577,0.828,6,-8.691,0,0.0298,0.00213,0.0114,0.0581,0.604,123.257,331267
408,Metal,8,0.695,0.876,3,-4.262,0,0.0553,0.000996,6.89E-06,0.106,0.941,89.954,279213
409,Metal,8,0.329,0.974,3,-8.77,0,0.135,0.000852,0.000118,0.0904,0.234,140.862,166920
410,Metal,8,0.556,0.981,1,-2.688,0,0.128,0.00662,0,0.218,0.716,101.423,255467
411,Metal,8,0.435,0.987,1,-4.667,0,0.16,0.000195,0.0847,0.268,0.101,103.16,365827
412,Metal,8,0.291,0.974,6,-2.997,0,0.171,0.0177,5.44E-06,0.886,0.348,134.724,278600
413,Metal,8,0.419,0.878,7,-6.352,1,0.0553,0.000594,0.559,0.139,0.666,147.385,264800
414,Metal,8,0.398,0.939,9,-2.865,0,0.0648,0.00591,0.000881,0.357,0.235,92.027,342821
415,Metal,8,0.274,0.726,9,-11.541,1,0.0449,0.000212,0.0113,0.0993,0.426,146.449,422933
416,Metal,8,0.453,0.906,9,-4.001,1,0.115,0.361,0.000569,0.26,0.473,137.575,296200
417,Metal,8,0.404,0.969,8,-2.938,1,0.195,8.51E-05,0.0114,0.268,0.29,173.878,245227
418,Metal,8,0.366,0.956,10,-3.725,0,0.108,0.000293,0.00447,0.449,0.159,104.016,230127
419,Metal,8,0.148,0.908,9,-7.336,1,0.117,4.66E-06,0.614,0.0723,0.0707,93.888,243360
420,Metal,8,0.372,0.888,2,-5.88,1,0.0943,0.000211,0.00442,0.115,0.555,141.374,305293
421,Metal,8,0.437,0.695,7,-9.447,1,0.0617,0.00111,0.0857,0.124,0.413,102.178,447440
422,Metal,8,0.339,0.991,2,-5.028,1,0.145,0.000249,0.00327,0.261,0.185,106.767,300093
423,Metal,8,0.322,0.932,4,-4.252,0,0.163,8.57E-05,0.817,0.0969,0.376,138.042,244160
424,Metal,8,0.428,0.874,4,-6.664,0,0.128,0.000337,0.0419,0.311,0.261,119.708,212253
425,Metal,8,0.332,0.769,9,-11.503,1,0.0765,0.00367,0.00413,0.0372,0.525,157.378,354774
426,Metal,8,0.466,0.833,7,-4.215,1,0.304,0.0266,0,0.0327,0.661,88.785,313573
427,Metal,8,0.402,0.994,8,-7.338,0,0.0623,3.79E-05,0.0934,0.145,0.247,104.111,199867
428,Metal,8,0.311,0.658,6,-13.529,1,0.0406,0.0706,0.104,0.093,0.353,151.813,314720
429,Metal,8,0.302,0.805,6,-11.395,0,0.0967,0.000849,4.19E-06,0.151,0.578,112.766,275387
430,Metal,8,0.508,0.912,9,-8.049,0,0.0368,7.06E-05,0.403,0.0492,0.682,117.582,252693
431,Metal,8,0.475,0.953,2,-6.95,1,0.147,0.000288,0.00337,0.104,0.224,118.033,199227
432,Metal,8,0.547,0.963,4,-2.337,0,0.0744,0.000443,0.0251,0.353,0.441,130.061,268587
433,Metal,8,0.278,0.985,11,-1.934,1,0.129,0.000234,0.000235,0.104,0.342,104.803,277800
434,Metal,8,0.462,0.996,11,-2.973,0,0.231,5.80E-05,0.00377,0.139,0.145,122.072,215600
435,Metal,8,0.427,0.946,7,-2.188,1,0.0469,0.000118,0.0253,0.0604,0.237,101.305,260773
436,Metal,8,0.451,0.993,1,-4.143,1,0.185,0.000562,0.00479,0.152,0.14,100.827,254000
437,Metal,8,0.517,0.95,9,-7.177,0,0.0437,7.76E-05,0.888,0.338,0.586,132.02,284720
438,Metal,8,0.374,0.945,7,-4.949,1,0.0946,0.00097,0,0.0746,0.226,146.626,292747
439,Metal,8,0.515,0.913,1,-4.549,0,0.03,2.56E-05,0.145,0.0687,0.49,95.006,264385
440,Metal,8,0.508,0.613,8,-4.788,0,0.0283,0.352,1.10E-05,0.155,0.23,139.701,320467
441,Metal,8,0.466,0.361,2,-11.991,0,0.0308,0.0282,0,0.155,0.543,125.108,199213
442,Metal,8,0.249,0.792,4,-6.456,0,0.047,0.0261,0.0336,0.149,0.415,177.899,435453
443,Metal,8,0.421,0.976,4,-4.961,0,0.148,0.000694,2.12E-06,0.106,0.284,101.701,276613
444,Metal,8,0.183,0.752,1,-8.803,0,0.141,0.0147,0.00544,0.43,0.158,135.202,462507
445,Metal,8,0.416,0.938,2,-14.079,1,0.083,8.44E-05,0.32,0.339,0.123,140.089,228667
446,Metal,8,0.496,0.62,4,-7.458,0,0.0265,0.00386,1.47E-06,0.114,0.279,140.06,384013
447,Metal,8,0.484,0.941,7,-4.594,0,0.0753,0.000615,9.06E-05,0.276,0.2,122.012,306047
448,Metal,8,0.534,0.929,1,-3.609,1,0.047,0.000206,5.58E-05,0.036,0.447,122.733,266240
449,Metal,8,0.336,0.978,7,-2.358,1,0.0846,0.000437,0.000525,0.138,0.496,129.842,315177
450,Metal,8,0.288,0.974,9,-3.583,0,0.167,0.0003,0.0241,0.0816,0.117,180.019,406933
451,Pop,9,0.597,0.45,8,-6.658,1,0.0418,0.223,0,0.382,0.537,178.765,228482
452,Pop,9,0.715,0.827,4,-5.09,0,0.0617,0.0485,3.61E-05,0.321,0.75,117.977,185277
453,Pop,9,0.486,0.567,1,-6.456,1,0.0379,0.31,0,0.0949,0.154,93.68,211254
454,Pop,9,0.571,0.693,6,-8.234,0,0.0545,0.00536,0,0.173,0.393,168.169,232253
455,Pop,9,0.784,0.43,10,-8.756,0,0.0364,0.123,0,0.0887,0.236,127.087,159382
456,Pop,9,0.827,0.794,9,-5.445,1,0.0754,0.00696,0,0.116,0.377,113.008,180960
457,Pop,9,0.499,0.898,8,-4.181,0,0.124,0.124,7.20E-06,0.0832,0.618,120.04,207668
458,Pop,9,0.771,0.671,2,-5.617,1,0.0553,0.00929,0,0.0637,0.714,85.026,171360
459,Pop,9,0.806,0.546,9,-6.637,1,0.0575,0.3,0,0.102,0.874,147.986,212867
460,Pop,9,0.664,0.708,8,-4.154,1,0.0474,0.0337,0,0.0841,0.742,103.07,174800
461,Pop,9,0.676,0.506,9,-6.652,0,0.0958,0.345,0,0.118,0.497,145.842,208520
462,Pop,9,0.842,0.734,1,-5.065,0,0.0588,0.0427,0,0.106,0.952,137.958,181027
463,Pop,9,0.759,0.548,9,-6.049,0,0.029,0.0392,0,0.0828,0.749,116.967,190800
464,Pop,9,0.612,0.539,3,-5.071,1,0.0488,0.104,0,0.18,0.294,79.948,186480
465,Pop,9,0.811,0.512,2,-6.381,1,0.17,0.218,0.0262,0.0768,0.346,92.046,161188
466,Pop,9,0.672,0.855,9,-3.764,1,0.0397,0.021,0,0.323,0.646,123.056,182200
467,Pop,9,0.856,0.622,10,-5.217,0,0.0564,0.36,0,0.0875,0.778,114.976,210921
468,Pop,9,0.576,0.46,5,-4.173,1,0.246,0.476,0,0.107,0.625,176.185,158099
469,Pop,9,0.606,0.799,9,-4.452,1,0.0261,0.0128,0,0.15,0.638,103.014,232907
470,Pop,9,0.724,0.594,6,-7.126,0,0.102,0.393,0.00116,0.0889,0.413,136.002,194750
471,Pop,9,0.719,0.687,0,-7.875,1,0.0601,0.046,1.09E-06,0.12,0.627,118.018,142587
472,Pop,9,0.783,0.912,0,-3.713,1,0.243,0.0238,0,0.339,0.749,98.025,166898
473,Pop,9,0.796,0.591,5,-6.413,1,0.0608,0.193,0.0248,0.0938,0.51,102.963,156116
474,Pop,9,0.795,0.18,0,-11.99,1,0.0586,0.599,0,0.623,0.628,93.956,181613
475,Pop,9,0.488,0.343,4,-8.985,1,0.0436,0.556,0,0.21,0.0978,102.819,206459
476,Pop,9,0.7,0.457,7,-8.667,1,0.0621,0.369,0,0.106,0.433,144.905,194757
477,Pop,9,0.599,0.465,4,-4.95,1,0.0314,0.643,1.57E-06,0.149,0.0678,113.82,230880
478,Pop,9,0.74,0.415,0,-8.914,1,0.0707,0.242,0.000156,0.319,0.156,136.029,180161
479,Pop,9,0.61,0.83,0,-4.105,1,0.0571,0.033,0,0.118,0.728,182.162,193000
480,Pop,9,0.758,0.562,9,-6.302,1,0.0771,0.0996,0,0.0996,0.581,142.035,217493
481,Pop,9,0.506,0.698,7,-7.014,0,0.176,0.0108,0,0.172,0.223,180.05,213245
482,Pop,9,0.501,0.674,5,-6.363,1,0.0408,0.00346,3.56E-05,0.282,0.152,155.051,200838
483,Pop,9,0.444,0.309,8,-10.956,1,0.062,0.795,0.132,0.352,0.0875,104.745,208155
484,Pop,9,0.758,0.583,1,-6.361,1,0.0421,0.18,5.12E-05,0.107,0.797,97.537,177438
485,Pop,9,0.302,0.481,2,-7.023,0,0.0625,0.0945,5.33E-06,0.142,0.252,216.334,159810
486,Pop,9,0.639,0.569,0,-7.236,0,0.0487,0.0581,0.000169,0.108,0.616,142.967,226781
487,Pop,9,0.712,0.676,5,-5.965,1,0.184,0.076,0,0.0669,0.648,106.156,213597
488,Pop,9,0.789,0.711,2,-4.248,1,0.041,0.0332,0,0.0876,0.753,112.985,190306
489,Pop,9,0.639,0.546,1,-5.382,1,0.0407,0.0837,0,0.122,0.149,122.179,173124
490,Pop,9,0.73,0.729,4,-3.434,0,0.0883,0.167,1.39E-06,0.349,0.467,113.013,221820
491,Pop,9,0.752,0.87,9,-3.812,0,0.0623,0.0604,1.12E-05,0.489,0.784,120.006,157707
492,Pop,9,0.525,0.649,8,-4.802,1,0.0655,0.241,0,0.129,0.286,155.995,194758
493,Pop,9,0.521,0.877,7,-5.444,1,0.0683,0.0132,0.0806,0.0929,0.199,180.007,205208
494,Pop,9,0.807,0.539,11,-8.193,1,0.124,0.0789,0,0.0928,0.755,127.992,206600
495,Pop,9,0.572,0.833,8,-5.291,0,0.0754,0.014,5.77E-05,0.129,0.588,158.104,177173
496,Pop,9,0.635,0.845,0,-4.816,0,0.0525,0.027,0.0128,0.135,0.463,107.013,212547
497,Pop,9,0.54,0.642,10,-4.423,1,0.121,0.106,0,0.11,0.483,161.917,191787
498,Pop,9,0.807,0.533,9,-4.899,0,0.0443,0.176,0,0.284,0.853,124.006,194347
499,Pop,9,0.627,0.69,10,-5.396,0,0.139,0.033,0,0.0742,0.627,122.053,208505
500,Pop,9,0.517,0.805,1,-4.897,0,0.0867,0.152,0,0.0714,0.753,140.128,209240
501,R&B,10,0.763,0.842,7,-7.676,0,0.0586,0.0155,2.37E-05,0.137,0.967,140.121,174857
502,R&B,10,0.625,0.725,9,-7.907,0,0.0878,0.249,0.000138,0.108,0.549,84.864,158118
503,R&B,10,0.563,0.383,8,-13.698,0,0.107,0.452,1.16E-05,0.108,0.284,130.045,192444
504,R&B,10,0.656,0.559,4,-8.39,0,0.0371,0.0519,0.000909,0.175,0.219,158.081,189165
505,R&B,10,0.727,0.552,0,-8.531,0,0.0494,0.0556,9.64E-06,0.324,0.726,98.911,136053
506,R&B,10,0.749,0.373,10,-10.908,1,0.609,0.0599,0,0.0577,0.615,119.92,152280
507,R&B,10,0.514,0.73,1,-5.934,1,0.0598,0.00146,9.54E-05,0.0897,0.334,171.005,200040
508,R&B,10,0.382,0.686,6,-6.643,1,0.0638,0.469,6.77E-05,0.126,0.343,89.999,211882
509,R&B,10,0.774,0.391,5,-6.753,1,0.165,0.646,0.00165,0.0751,0.42,134.057,222090
510,R&B,10,0.776,0.343,5,-13.188,0,0.135,0.0704,8.32E-05,0.12,0.254,115.057,183652
511,R&B,10,0.71,0.617,1,-7.283,0,0.0394,0.128,1.08E-05,0.0977,0.224,89.985,226000
512,R&B,10,0.4,0.512,3,-13.134,0,0.127,0.3,0,0.149,0.585,151.848,240039
513,R&B,10,0.651,0.477,2,-6.775,1,0.0443,0.0796,0,0.1,0.217,112.668,191587
514,R&B,10,0.647,0.542,9,-10.184,0,0.047,0.455,0.00375,0.108,0.463,114.017,229904
515,R&B,10,0.733,0.413,6,-7.797,0,0.167,0.275,4.85E-05,0.0833,0.576,76.062,206773
516,R&B,10,0.622,0.446,9,-9.647,0,0.22,0.318,0.0135,0.0904,0.168,68.85,215045
517,R&B,10,0.627,0.55,6,-9.52,1,0.0242,0.273,7.87E-06,0.262,0.5,111.003,342667
518,R&B,10,0.665,0.695,0,-5.763,1,0.0532,0.347,0,0.106,0.707,90.119,227387
519,R&B,10,0.662,0.507,5,-8.238,1,0.118,0.257,0,0.0465,0.676,86.412,223440
520,R&B,10,0.686,0.588,7,-8.343,0,0.0554,0.178,0,0.0954,0.617,94.519,249120
521,R&B,10,0.743,0.675,8,-4.267,0,0.0953,0.0251,0.000717,0.0685,0.59,92.909,214400
522,R&B,10,0.684,0.455,5,-8.216,1,0.0307,0.215,1.08E-06,0.263,0.487,97.956,216893
523,R&B,10,0.839,0.706,5,-6.104,0,0.199,0.208,0,0.242,0.839,96.673,245133
524,R&B,10,0.755,0.578,0,-8.932,0,0.145,0.316,0,0.25,0.581,94.148,176960
525,R&B,10,0.673,0.368,8,-11.398,1,0.0414,0.24,0.00133,0.0811,0.409,74.938,416027
526,R&B,10,0.641,0.504,7,-12.486,1,0.031,0.197,9.01E-05,0.288,0.276,130.786,288827
527,R&B,10,0.594,0.521,0,-11.033,1,0.0417,0.161,0.00556,0.0382,0.789,167.569,328240
528,R&B,10,0.609,0.551,6,-7.93,1,0.0291,0.0233,0,0.234,0.512,127.956,256040
529,R&B,10,0.633,0.424,6,-5.965,1,0.0346,0.472,0,0.114,0.257,113.911,332200
530,R&B,10,0.469,0.594,7,-8.209,1,0.0403,0.0663,0,0.0806,0.485,167.223,222760
531,R&B,10,0.364,0.475,5,-10.423,0,0.0408,0.763,0,0.101,0.148,130.184,214467
532,R&B,10,0.457,0.285,5,-15.172,1,0.0299,0.597,2.54E-05,0.0801,0.277,83.188,355067
533,R&B,10,0.67,0.518,4,-8.887,1,0.0443,0.132,0,0.108,0.53,71.017,304733
534,R&B,10,0.57,0.48,1,-8.611,1,0.0239,0.162,0,0.0795,0.113,106.027,256853
535,R&B,10,0.713,0.754,6,-5.277,1,0.0271,0.0298,0,0.136,0.564,120.079,381733
536,R&B,10,0.713,0.737,8,-7.42,0,0.0318,0.0377,0,0.102,0.855,141.691,272933
537,R&B,10,0.322,0.25,0,-11.451,0,0.03,0.892,0,0.12,0.352,137.714,212640
538,R&B,10,0.684,0.561,2,-6.594,1,0.0303,0.037,0,0.0961,0.395,126.031,362093
539,R&B,10,0.466,0.759,8,-4.978,0,0.199,0.0521,0,0.0587,0.328,160.033,264373
540,R&B,10,0.34,0.336,8,-7.288,1,0.0289,0.765,0.000114,0.126,0.0932,142.631,234053
541,R&B,10,0.601,0.546,0,-10.167,1,0.0298,0.194,0.0021,0.361,0.453,129.293,265773
542,R&B,10,0.673,0.456,1,-6.537,1,0.0234,0.209,0,0.0701,0.181,91.944,280333
543,R&B,10,0.833,0.515,11,-5,0,0.0462,0.347,0.00156,0.116,0.4,97.035,257333
544,R&B,10,0.653,0.609,11,-7.519,0,0.037,0.263,0.00101,0.233,0.482,95.982,210200
545,R&B,10,0.611,0.486,0,-12.781,0,0.0576,0.799,0,0.125,0.887,79.284,137707
546,R&B,10,0.576,0.504,0,-10.461,1,0.0475,0.62,6.19E-06,0.296,0.845,80.317,150280
547,R&B,10,0.422,0.736,5,-4.426,0,0.049,0.203,0,0.102,0.303,129.278,260093
548,R&B,10,0.764,0.487,0,-6.734,1,0.0281,0.25,0,0.184,0.352,116.027,261320
549,R&B,10,0.608,0.531,0,-9.549,1,0.028,0.534,7.17E-06,0.183,0.328,110.092,231067
550,R&B,10,0.725,0.487,8,-5.959,0,0.0368,0.26,1.09E-05,0.431,0.599,136.086,296693
551,Reggae,11,0.869,0.75,7,-8.6,1,0.048,0.0311,0.0049,0.163,0.961,132.844,460227
552,Reggae,11,0.655,0.675,1,-9.352,1,0.0599,0.272,0.0236,0.727,0.587,77.589,427800
553,Reggae,11,0.749,0.296,4,-17.927,1,0.356,0.0713,0.00458,0.0879,0.475,164.707,388227
554,Reggae,11,0.917,0.745,7,-4.424,0,0.186,0.258,2.39E-05,0.382,0.935,142.001,339267
555,Reggae,11,0.773,0.522,7,-10.747,1,0.0921,0.0893,0.127,0.0616,0.427,98.396,333107
556,Reggae,11,0.751,0.463,9,-10.96,1,0.104,0.642,0.208,0.0314,0.926,150.191,330760
557,Reggae,11,0.739,0.84,9,-5.076,0,0.132,0.346,0,0.135,0.612,119.02,319707
558,Reggae,11,0.724,0.696,1,-6.326,1,0.201,0.123,0,0.106,0.433,93.607,317333
559,Reggae,11,0.577,0.811,0,-4.868,0,0.0835,0.318,0,0.165,0.542,155.992,310760
560,Reggae,11,0.749,0.686,9,-5.527,0,0.0526,0.109,1.01E-06,0.176,0.884,125.016,301965
561,Reggae,11,0.675,0.166,11,-22.602,1,0.171,0.88,7.14E-05,0.0461,0.747,68.837,294400
562,Reggae,11,0.366,0.408,2,-10.67,0,0.035,0.422,0,0.466,0.307,127.279,293632
563,Reggae,11,0.667,0.709,11,-4.941,0,0.288,0.0805,0.000104,0.111,0.527,171.93,289760
564,Reggae,11,0.769,0.657,5,-9.084,1,0.0496,0.371,1.79E-05,0.122,0.583,92.982,289032
565,Reggae,11,0.752,0.499,4,-6.637,1,0.031,0.0685,1.98E-05,0.179,0.585,135.096,289177
566,Reggae,11,0.786,0.642,8,-9.324,1,0.184,0.329,2.30E-05,0.09,0.708,96.886,281027
567,Reggae,11,0.811,0.428,7,-10.728,1,0.221,0.0122,0.317,0.344,0.653,80.962,277893
568,Reggae,11,0.77,0.787,11,-5.489,0,0.278,0.23,0.000199,0.198,0.588,82.029,277653
569,Reggae,11,0.92,0.56,8,-9.53,1,0.0576,0.0551,4.09E-05,0.097,0.625,140.004,273996
570,Reggae,11,0.379,0.656,7,-4.105,0,0.0495,0.239,0.00518,0.625,0.656,174.174,272840
571,Reggae,11,0.779,0.418,7,-9.207,1,0.188,0.00333,0.000138,0.252,0.425,127.942,271000
572,Reggae,11,0.614,0.576,9,-7.245,0,0.0761,0.144,1.07E-05,0.957,0.739,134.131,267519
573,Reggae,11,0.794,0.57,7,-7.753,1,0.0645,0.0197,0.014,0.104,0.575,143.977,267360
574,Reggae,11,0.869,0.642,0,-5.332,1,0.0372,0.0157,0,0.312,0.843,109.969,261893
575,Reggae,11,0.704,0.79,8,-5.756,1,0.0432,0.101,0.00657,0.0769,0.933,167.816,257667
576,Reggae,11,0.86,0.408,6,-8.841,0,0.0532,0.203,0,0.103,0.53,116.831,256733
577,Reggae,11,0.929,0.463,9,-8.651,1,0.308,0.142,5.26E-06,0.0634,0.757,124.084,255840
578,Reggae,11,0.718,0.625,7,-8.212,0,0.04,0.182,0.00041,0.212,0.607,74.997,256163
579,Reggae,11,0.83,0.463,8,-11.644,1,0.335,0.0292,1.58E-05,0.0589,0.779,78.876,256240
580,Reggae,11,0.837,0.478,6,-5.861,0,0.0627,0.0571,0.00129,0.0569,0.81,78.746,254800
581,Reggae,11,0.694,0.597,8,-5.854,0,0.0473,0.23,0.00313,0.0987,0.822,77.007,252200
582,Reggae,11,0.866,0.538,2,-16.183,1,0.36,0.242,1.67E-05,0.316,0.78,158.323,249933
583,Reggae,11,0.735,0.71,2,-6.17,1,0.163,0.217,0,0.273,0.605,92.441,249080
584,Reggae,11,0.738,0.755,5,-6.054,0,0.279,0.0779,0,0.193,0.692,87.818,249120
585,Reggae,11,0.731,0.617,1,-6.975,0,0.0428,0.0355,0.000102,0.147,0.417,139.983,247987
586,Reggae,11,0.626,0.445,10,-10.023,0,0.14,0.267,0.000282,0.156,0.75,126.102,245973
587,Reggae,11,0.883,0.733,11,-9.153,0,0.128,0.161,0.00026,0.334,0.947,95.103,245000
588,Reggae,11,0.595,0.685,7,-9.316,1,0.282,0.191,0,0.104,0.436,117.247,245413
589,Reggae,11,0.598,0.806,0,-6.431,0,0.081,0.185,0,0.183,0.927,83.03,243464
590,Reggae,11,0.774,0.531,11,-7.176,0,0.0446,0.0595,0,0.0409,0.966,142.001,242333
591,Reggae,11,0.767,0.639,5,-7.466,1,0.0507,0.0704,0.0033,0.066,0.929,174.042,239613
592,Reggae,11,0.78,0.871,7,-5.767,0,0.0868,0.159,0,0.143,0.62,127.994,239680
593,Reggae,11,0.916,0.72,0,-8.548,1,0.1,0.36,0.00016,0.0958,0.76,103.312,237000
594,Reggae,11,0.73,0.642,9,-5.146,0,0.0824,0.274,0,0.368,0.863,126.47,235933
595,Reggae,11,0.835,0.609,9,-5.636,1,0.0336,0.0201,1.28E-06,0.107,0.781,130.154,236093
596,Reggae,11,0.587,0.816,9,-4.27,0,0.263,0.0565,0,0.362,0.731,79.159,234837
597,Reggae,11,0.788,0.762,9,-4.911,0,0.193,0.0515,0,0.274,0.792,90.956,233533
598,Reggae,11,0.671,0.256,7,-10.743,1,0.0387,0.608,0,0.0737,0.694,115.871,233560
599,Reggae,11,0.69,0.621,8,-3.583,1,0.06,0.321,2.81E-05,0.0884,0.497,66.858,233253
600,Reggae,11,0.776,0.559,6,-8.375,0,0.103,0.11,0,0.0671,0.758,122.242,232200
601,Rock,12,0.49,0.833,6,-5.899,1,0.0487,0.0116,0.000504,0.15,0.39,89.981,187347
602,Rock,12,0.455,0.764,2,-5.633,1,0.0327,0.00446,0,0.105,0.359,74.021,260507
603,Rock,12,0.531,0.969,6,-3.578,1,0.0491,0.000108,0.0013,0.121,0.449,130.015,218587
604,Rock,12,0.548,0.924,11,-4.48,0,0.0689,0.00033,1.42E-05,0.162,0.242,124.031,244538
605,Rock,12,0.354,0.942,7,-3.245,1,0.237,0.00039,6.36E-06,0.431,0.242,119.992,207987
606,Rock,12,0.437,0.907,4,-4.284,0,0.245,0.000277,6.00E-06,0.0994,0.477,124.033,172826
607,Rock,12,0.553,0.853,8,-3.668,1,0.0339,0.000684,0,0.126,0.506,122.023,231400
608,Rock,12,0.5,0.899,4,-4.066,1,0.0736,4.84E-05,0.000198,0.0794,0.566,130.06,229107
609,Rock,12,0.623,0.93,5,-5.285,1,0.0324,0.0141,1.64E-06,0.138,0.287,120.119,205613
610,Rock,12,0.496,0.863,9,-4.153,1,0.0381,0.0046,0,0.639,0.243,110.018,185587
611,Rock,12,0.459,0.903,5,-4.649,0,0.0673,0.00877,0,0.168,0.364,76.185,223655
612,Rock,12,0.376,0.95,9,-4.067,1,0.0641,0.00021,0,0.0377,0.438,178.018,179160
613,Rock,12,0.547,0.944,4,-3.304,0,0.0507,4.81E-05,0.0451,0.195,0.364,93.966,203274
614,Rock,12,0.447,0.948,1,-3.834,0,0.0456,0.000699,0,0.362,0.414,139.981,185400
615,Rock,12,0.485,0.898,4,-3.75,1,0.0568,0.000776,0.00244,0.642,0.494,99.983,198680
616,Rock,12,0.45,0.872,7,-4.91,1,0.0353,0.0018,1.61E-05,0.0833,0.396,156.059,274615
617,Rock,12,0.626,0.838,2,-3.489,1,0.0349,0.000164,0.0184,0.0432,0.654,124.976,204598
618,Rock,12,0.568,0.844,9,-5.875,1,0.0505,0.000189,0,0.0607,0.766,116.046,207093
619,Rock,12,0.561,0.936,5,-5.409,1,0.0613,0.00185,0,0.102,0.594,103.055,276773
620,Rock,12,0.445,0.966,4,-3.637,0,0.0656,8.66E-06,0.238,0.13,0.486,160.018,225133
621,Rock,12,0.5,0.847,11,-4.222,1,0.0417,0.00125,0,0.0875,0.716,125.964,243493
622,Rock,12,0.603,0.886,5,-3.777,0,0.0837,0.00045,0,0.26,0.395,126.025,229933
623,Rock,12,0.356,0.94,7,-5.582,1,0.0587,0.0012,0.000919,0.0915,0.216,174.92,277173
624,Rock,12,0.362,0.915,5,-3.244,0,0.181,0.000181,0,0.166,0.603,162.226,177048
625,Rock,12,0.556,0.864,3,-5.87,0,0.0584,0.00958,0,0.209,0.4,105.143,216880
626,Rock,12,0.386,0.86,1,-6.757,0,0.0543,0.00146,2.32E-06,0.0643,0.261,97.576,256320
627,Rock,12,0.589,0.797,9,-5.464,1,0.15,0.0289,4.35E-06,0.383,0.232,102.489,291813
628,Rock,12,0.425,0.882,8,-3.71,1,0.0918,0.000673,0,0.28,0.399,144.117,190920
629,Rock,12,0.296,0.912,5,-3.433,1,0.0645,3.45E-05,0.00264,0.389,0.276,171.931,239293
630,Rock,12,0.295,0.679,1,-6.182,1,0.15,0.000551,5.44E-05,0.165,0.381,197.964,280152
631,Rock,12,0.354,0.982,4,-3.026,0,0.168,0.000237,0.000294,0.204,0.194,143.772,252613
632,Rock,12,0.483,0.941,2,-3.598,0,0.0575,0.000526,3.50E-06,0.31,0.503,156.033,232067
633,Rock,12,0.5,0.817,0,-3.501,1,0.0459,0.00054,0,0.152,0.599,90.01,233129
634,Rock,12,0.423,0.935,7,-3.136,1,0.0811,0.000683,0,0.0948,0.341,160.149,232333
635,Rock,12,0.426,0.934,7,-4.063,0,0.0685,2.97E-05,0.0089,0.113,0.285,160.077,262013
636,Rock,12,0.598,0.872,6,-4.567,0,0.0328,0.0196,0,0.326,0.609,107.009,217425
637,Rock,12,0.499,0.728,7,-6.744,0,0.055,0.0154,0.0982,0.246,0.239,92.449,352375
638,Rock,12,0.615,0.858,0,-3.3,1,0.0396,0.00393,0,0.0789,0.323,97.038,227265
639,Rock,12,0.431,0.914,0,-4.243,0,0.0616,0.000243,0.0096,0.502,0.534,147.108,261560
640,Rock,12,0.457,0.945,1,-4.722,0,0.0746,2.77E-05,0,0.231,0.483,135.946,200411
641,Rock,12,0.57,0.894,10,-5.179,0,0.0448,0.00292,0.000299,0.109,0.288,120.035,336453
642,Rock,12,0.523,0.909,2,-5.176,1,0.0441,0.000459,0.00185,0.381,0.669,120.015,200400
643,Rock,12,0.243,0.865,8,-6.172,1,0.0584,6.42E-06,0.88,0.408,0.327,101.282,351961
644,Rock,12,0.502,0.952,2,-5.527,1,0.0997,0.000272,3.72E-06,0.521,0.351,136.091,204874
645,Rock,12,0.514,0.905,2,-5.315,0,0.0384,2.26E-05,0.654,0.272,0.37,127.028,208736
646,Rock,12,0.387,0.844,1,-4.063,1,0.0486,6.06E-05,0.00833,0.374,0.443,146.988,250612
647,Rock,12,0.413,0.927,4,-4.713,0,0.0423,1.29E-05,0.0074,0.123,0.43,138.089,261112
648,Rock,12,0.259,0.919,8,-4.649,1,0.0717,3.41E-05,0.364,0.339,0.3,162.229,219725
649,Rock,12,0.653,0.879,9,-3.165,1,0.0669,0.002,0.0126,0.0741,0.692,127.92,210987
650,Rock,12,0.431,0.85,6,-4.803,1,0.0643,0.000107,0.000128,0.181,0.585,141.979,268813
651,Soul,13,0.538,0.969,11,-5.626,0,0.0906,0.417,0.00154,0.119,0.928,138.652,165790
652,Soul,13,0.769,0.367,2,-11.226,1,0.0312,0.684,1.62E-05,0.081,0.535,103.621,163756
653,Soul,13,0.805,0.558,0,-5.226,1,0.041,0.164,2.20E-05,0.0546,0.965,114.95,147600
654,Soul,13,0.265,0.824,1,-5.654,0,0.0991,0.0991,0,0.359,0.811,203.206,232600
655,Soul,13,0.815,0.36,10,-15.524,0,0.11,0.47,0.0185,0.0403,0.895,121.462,417093
656,Soul,13,0.611,0.578,1,-14.171,1,0.0676,0.0598,0.0219,0.0983,0.884,100.625,266133
657,Soul,13,0.756,0.397,7,-10.701,0,0.0522,0.57,0.0115,0.0542,0.507,101.985,199396
658,Soul,13,0.729,0.324,8,-13.017,0,0.0393,0.195,0,0.101,0.679,116.855,195267
659,Soul,13,0.805,0.601,0,-9.7,0,0.0579,0.119,0.000129,0.0581,0.746,94.382,238600
660,Soul,13,0.668,0.828,7,-6.517,1,0.0616,0.249,7.21E-06,0.162,0.755,129.285,147267
661,Soul,13,0.65,0.323,0,-8.698,1,0.0283,0.213,0,0.187,0.276,110.962,166973
662,Soul,13,0.867,0.746,7,-7.445,1,0.0475,0.0453,0,0.123,0.933,118.616,327573
663,Soul,13,0.494,0.723,0,-14.49,1,0.0451,0.245,1.16E-05,0.212,0.857,120.872,276037
664,Soul,13,0.212,0.383,10,-10.071,1,0.0347,0.723,0,0.299,0.452,173.79,191160
665,Soul,13,0.657,0.501,1,-13.206,0,0.0647,0.155,8.66E-06,0.0549,0.739,165.9,162947
666,Soul,13,0.539,0.24,3,-16.632,0,0.0426,0.687,5.12E-05,0.133,0.567,80.816,167373
667,Soul,13,0.469,0.538,8,-13.559,1,0.0571,0.305,0.00012,0.37,0.886,196.605,176333
668,Soul,13,0.634,0.677,2,-7.19,1,0.0448,0.318,0,0.0902,0.939,95.792,179120
669,Soul,13,0.63,0.711,10,-9.34,1,0.0472,0.299,0,0.0813,0.659,96.912,167933
670,Soul,13,0.594,0.38,10,-12.059,0,0.0455,0.273,2.87E-05,0.1,0.446,92.004,279333
671,Soul,13,0.524,0.519,6,-11.903,1,0.043,0.195,0,0.523,0.847,110.121,169800
672,Soul,13,0.696,0.547,5,-5.954,0,0.169,0.792,0,0.155,0.623,73.203,155507
673,Soul,13,0.59,0.659,5,-9.669,1,0.0697,0.104,6.56E-06,0.356,0.965,80.201,141067
674,Soul,13,0.471,0.585,1,-6.105,1,0.0822,0.786,0,0.811,0.655,150.719,169747
675,Soul,13,0.632,0.59,5,-10.206,1,0.0305,0.346,0,0.24,0.953,130.287,172733
676,Soul,13,0.595,0.643,5,-9.275,1,0.0365,0.76,0,0.538,0.73,135.633,158040
677,Soul,13,0.499,0.246,9,-12.806,1,0.0325,0.7,0.00227,0.0965,0.152,148.468,181667
678,Soul,13,0.613,0.487,7,-8.781,1,0.0935,0.412,1.02E-05,0.286,0.699,143.332,165800
679,Soul,13,0.678,0.544,4,-9.468,0,0.0326,0.668,9.62E-06,0.103,0.963,122.735,171027
680,Soul,13,0.376,0.67,10,-9.273,1,0.0854,0.0727,2.52E-06,0.0718,0.837,185.503,169293
681,Soul,13,0.785,0.776,2,-5.259,1,0.0312,0.729,0,0.181,0.967,121.505,148040
682,Soul,13,0.59,0.737,7,-5.867,1,0.0384,0.404,0,0.108,0.877,132.966,164160
683,Soul,13,0.502,0.333,7,-10.914,1,0.0264,0.699,0,0.222,0.729,96.982,174360
684,Soul,13,0.667,0.599,0,-8.894,1,0.0291,0.245,0,0.107,0.971,127.935,160280
685,Soul,13,0.676,0.245,0,-14.27,1,0.0299,0.677,0,0.319,0.532,86.338,173893
686,Soul,13,0.733,0.624,4,-9.849,1,0.0374,0.623,0,0.407,0.912,114.584,154907
687,Soul,13,0.703,0.724,7,-10.818,1,0.0467,0.73,0,0.518,0.963,131.821,155173
688,Soul,13,0.744,0.568,0,-9.629,1,0.0494,0.186,1.18E-05,0.163,0.687,122.657,178400
689,Soul,13,0.404,0.43,4,-12.327,1,0.224,0.538,0,0.0802,0.641,180.061,148053
690,Soul,13,0.692,0.651,0,-7.466,1,0.0296,0.203,0,0.114,0.966,126.815,165920
691,Soul,13,0.604,0.548,0,-5.607,1,0.0703,0.536,0,0.594,0.577,105.003,178120
692,Soul,13,0.469,0.618,8,-9.904,1,0.131,0.815,0,0.0787,0.588,108.76,188333
693,Soul,13,0.708,0.437,7,-9.669,0,0.0307,0.19,0,0.346,0.436,98.819,173040
694,Soul,13,0.458,0.301,2,-11.959,0,0.0796,0.685,9.39E-05,0.0995,0.178,68.526,360600
695,Soul,13,0.556,0.57,2,-9.472,1,0.0393,0.0118,0.000526,0.198,0.304,126.01,165227
696,Soul,13,0.691,0.581,10,-7.85,1,0.065,0.557,4.62E-05,0.147,0.91,126.615,174440
697,Soul,13,0.559,0.537,10,-6.914,0,0.033,0.257,0,0.124,0.592,89.229,279627
698,Soul,13,0.257,0.338,4,-12.902,1,0.0357,0.736,0,0.252,0.544,207.356,162493
699,Soul,13,0.617,0.879,0,-7.564,0,0.0455,0.127,5.71E-05,0.339,0.746,114.453,247413
700,Soul,13,0.773,0.418,7,-7.645,1,0.0423,0.503,8.55E-05,0.0893,0.715,98.324,163160
