No,genre,playlist,danceability,energy,key,loudness,mode,speechiness,acousticness,instrumentalness,liveness,valence,tempo,duration_ms
1,Blues,0,0.598,0.735,2,-10.882,1,0.0973,0.44,0.000215,0.681,0.615,111.129,321133
2,Blues,0,0.692,0.493,9,-9.662,0,0.0325,0.0934,0.00166,0.128,0.28,86.644,301133
3,Blues,0,0.821,0.376,0,-13.622,1,0.0487,0.669,1.39E-05,0.106,0.824,119.039,170000
4,Blues,0,0.711,0.483,11,-11.211,1,0.0298,0.434,0.012,0.0284,0.884,91.652,169998
5,Blues,0,0.661,0.342,9,-16.361,0,0.043,0.844,0.000128,0.26,0.588,146.118,188400
6,Blues,0,0.542,0.588,2,-9.268,1,0.0665,0.67,0.158,0.241,0.881,113.948,238533
7,Blues,0,0.745,0.436,5,-9.617,0,0.043,0.597,0.0213,0.61,0.771,114.216,188200
8,Blues,0,0.294,0.736,7,-7.961,0,0.151,0.282,0.0418,0.102,0.753,208.576,314880
9,Blues,0,0.541,0.283,0,-13.659,1,0.0527,0.805,0.0367,0.0736,0.564,76.828,228627
10,Blues,0,0.596,0.545,11,-8.913,0,0.064,0.456,5.53E-05,0.329,0.718,146.953,179733
11,Blues,0,0.353,0.921,2,-5.64,1,0.0758,0.0488,0.065,0.314,0.526,145.589,271653
12,Blues,0,0.513,0.546,0,-15.672,1,0.0391,0.333,0,0.17,0.834,85.527,164547
13,Blues,0,0.565,0.526,0,-11.352,1,0.0365,0.0339,0.000119,0.11,0.637,167.936,204333
14,Blues,0,0.676,0.334,5,-10.572,1,0.0508,0.862,0,0.32,0.867,158,162040
15,Blues,0,0.675,0.311,9,-11.959,1,0.0525,0.93,0.000261,0.102,0.638,97.159,149560
16,Blues,0,0.629,0.0192,4,-19.952,1,0.0833,0.989,4.30E-05,0.106,0.335,169.254,188160
17,Blues,0,0.256,0.423,6,-11.994,1,0.035,0.000788,0.402,0.25,0.441,173.27,320907
18,Blues,0,0.606,0.301,0,-11.402,1,0.0423,0.545,0.00194,0.0419,0.457,100.979,183027
19,Blues,0,0.613,0.934,0,-3.711,1,0.0342,0.0406,0.000313,0.0882,0.776,107.273,283267
20,Blues,0,0.582,0.302,9,-11.624,1,0.0353,0.947,0.0107,0.0931,0.642,94.288,144427
21,Blues,0,0.678,0.612,4,-9.764,1,0.0339,0.101,0.318,0.164,0.857,118.381,216627
22,Blues,0,0.797,0.431,0,-16.457,1,0.0625,0.414,0.0359,0.138,0.809,109.893,366733
23,Blues,0,0.633,0.625,0,-10.951,1,0.0436,0.492,0.000418,0.204,0.841,103.355,147800
24,Blues,0,0.678,0.551,1,-7.332,1,0.0261,0.266,0.00322,0.254,0.767,97.767,280453
25,Blues,0,0.393,0.358,5,-9.598,0,0.0471,0.33,0.0313,0.12,0.598,180.075,383760
26,Blues,0,0.803,0.288,7,-15.418,0,0.0629,0.865,0.0593,0.0833,0.865,115.685,259160
27,Blues,0,0.673,0.481,9,-9.88,1,0.0488,0.0764,4.00E-05,0.127,0.767,117.087,178973
28,Blues,0,0.277,0.479,5,-8.483,0,0.0495,0.585,0.0224,0.16,0.483,53.905,230360
29,Blues,0,0.433,0.7,11,-8.197,1,0.163,0.843,0.324,0.102,0.8,80.623,176186
30,Blues,0,0.656,0.551,2,-14.141,1,0.0889,0.171,0.000155,0.0676,0.773,125.659,247507
31,Blues,0,0.462,0.796,9,-6.202,1,0.0322,0.384,0,0.296,0.824,204.028,264240
32,Blues,0,0.425,0.781,2,-4.124,1,0.0645,0.622,0.000648,0.154,0.862,198.018,155211
33,Blues,0,0.633,0.553,5,-8.485,1,0.0603,0.871,0.00266,0.0555,0.846,159.12,147478
34,Blues,0,0.469,0.236,7,-16.981,1,0.0364,0.407,0.0434,0.215,0.415,82.232,399173
35,Blues,0,0.517,0.607,2,-3.952,1,0.0363,0.97,0.0324,0.264,0.556,87.218,219000
36,Blues,0,0.697,0.637,11,-11.672,0,0.0376,0.482,5.13E-05,0.257,0.807,102.514,245840
37,Blues,0,0.73,0.235,0,-15.276,1,0.0355,0.527,0.0112,0.0663,0.624,87.226,247373
38,Blues,0,0.746,0.56,5,-14.789,1,0.0565,0.494,0,0.316,0.854,124.68,184960
39,Blues,0,0.333,0.603,0,-8.339,1,0.176,0.331,0.0268,0.982,0.525,207.8,292373
40,Blues,0,0.705,0.483,1,-12.209,1,0.0542,0.15,0.0265,0.202,0.713,122.863,181786
41,Blues,0,0.657,0.642,7,-12.98,1,0.085,0.926,0.0165,0.12,0.737,110.543,163027
42,Blues,0,0.642,0.599,11,-14.734,0,0.277,0.0146,0.00238,0.164,0.889,155.9,228533
43,Blues,0,0.321,0.625,2,-5.219,0,0.0302,0.491,5.08E-05,0.345,0.777,107.338,212600
44,Blues,0,0.6,0.496,3,-9.537,1,0.062,0.759,0,0.0564,0.621,114.451,616560
45,Blues,0,0.57,0.241,4,-12.138,1,0.0473,0.948,0.0224,0.111,0.543,115.352,181893
46,Blues,0,0.477,0.433,11,-6.473,0,0.0247,0.689,0.000195,0.151,0.611,82.52,156653
47,Blues,0,0.444,0.331,11,-15.307,0,0.225,0.931,0.00253,0.0695,0.876,81.155,143673
48,Blues,0,0.775,0.499,4,-7.181,1,0.0415,0.496,0.0219,0.114,0.862,121.056,232707
49,Blues,0,0.64,0.496,2,-11.124,1,0.0413,0.616,4.63E-05,0.183,0.954,116.632,253333
50,Blues,0,0.629,0.275,4,-17.572,1,0.0606,0.889,0.00747,0.107,0.666,81.98,201733
51,Classical,1,0.275,0.157,7,-18.752,1,0.0636,0.89,0.842,0.186,0.304,73.289,152280
52,Classical,1,0.343,0.0342,8,-25.591,1,0.0406,0.991,0.92,0.1,0.0378,60.228,270000
53,Classical,1,0.184,0.00527,1,-37.264,0,0.0432,0.995,0.887,0.173,0.151,170.612,315427
54,Classical,1,0.109,0.167,4,-18.669,0,0.0382,0.91,0.92,0.109,0.0692,86.554,166867
55,Classical,1,0.387,0.0451,3,-24.698,1,0.0364,0.99,0.913,0.112,0.071,61.494,268427
56,Classical,1,0.296,0.0709,9,-29.517,0,0.0462,0.994,0.892,0.0807,0.192,127.086,188467
57,Classical,1,0.343,0.0252,1,-27.013,1,0.0488,0.993,0.932,0.0454,0.0395,67.207,279160
58,Classical,1,0.204,0.0331,2,-24.044,0,0.0487,0.927,0.825,0.0954,0.0547,116.2,207267
59,Classical,1,0,0.0842,9,-19.397,1,0,0.755,0.889,0.262,0,0,432533
60,Classical,1,0.15,0.128,2,-20.46,1,0.0459,0.944,0.93,0.0703,0.113,46.771,415813
61,Classical,1,0.39,0.0432,6,-24.344,1,0.0506,0.723,0.000303,0.108,0.326,147.436,468133
62,Classical,1,0.358,0.167,7,-16,0,0.0354,0.899,0.96,0.103,0.601,144.561,138707
63,Classical,1,0.322,0.184,0,-18.312,0,0.0338,0.984,0.902,0.0813,0.356,107.847,193600
64,Classical,1,0.362,0.569,7,-15.394,0,0.0345,0.876,0.91,0.327,0.746,148.692,173427
65,Classical,1,0.272,0.00397,1,-31.601,0,0.0475,0.992,0.9,0.0763,0.19,72.059,239973
66,Classical,1,0.132,0.0195,0,-29.76,1,0.0445,0.993,0.888,0.0569,0.14,81.616,163267
67,Classical,1,0.386,0.0738,2,-19.369,1,0.0433,0.839,0.947,0.155,0.172,142.499,251200
68,Classical,1,0.205,0.00644,1,-38.382,0,0.0604,0.995,0.872,0.115,0.147,163.137,315200
69,Classical,1,0.441,0.319,3,-13.99,1,0.0392,0.829,0,0.0765,0.671,99.419,453507
70,Classical,1,0.251,0.219,7,-16.781,1,0.0323,0.929,0.933,0.0824,0.0965,89.997,325000
71,Classical,1,0.233,0.0252,2,-24.824,1,0.0346,0.975,0.601,0.143,0.0936,94.736,707173
72,Classical,1,0.575,0.174,4,-14.423,1,0.0424,0.883,0.898,0.108,0.381,113.134,187720
73,Classical,1,0.594,0.00544,7,-35.422,1,0.07,0.995,0.952,0.0814,0.314,76.497,204267
74,Classical,1,0.209,0.101,0,-19.383,1,0.0403,0.927,0.9,0.0776,0.153,85.851,341693
75,Classical,1,0.522,0.0308,5,-26.86,1,0.0641,0.995,0.915,0.0805,0.313,72.551,284000
76,Classical,1,0.442,0.181,7,-20.419,0,0.0443,0.906,0.656,0.0598,0.172,115.884,432133
77,Classical,1,0.364,0.571,6,-15.596,1,0.0453,0.874,0.867,0.121,0.38,84.899,150667
78,Classical,1,0.248,0.298,0,-15.661,0,0.0395,0.957,0.9,0.0943,0.157,97.853,442000
79,Classical,1,0.335,0.372,5,-16.127,1,0.037,0.697,5.36E-05,0.141,0.821,127.129,138000
80,Classical,1,0.5,0.0104,2,-26.764,1,0.0622,0.996,0.949,0.0573,0.133,114.76,327080
81,Classical,1,0.241,0.122,7,-22.411,1,0.0497,0.925,0.66,0.126,0.187,66.325,209373
82,Classical,1,0.343,0.0209,8,-27.015,1,0.0398,0.987,0.922,0.126,0.0393,125.242,497773
83,Classical,1,0.309,0.0472,3,-25.497,1,0.041,0.992,0.866,0.0979,0.0693,72.915,232240
84,Classical,1,0.128,0.132,2,-17.67,1,0.0353,0.744,0.942,0.107,0.0988,85.314,301587
85,Classical,1,0.424,0.214,10,-17.688,1,0.0763,0.962,2.90E-05,0.681,0.282,113.211,175507
86,Classical,1,0.323,0.0114,4,-38.855,0,0.0343,0.893,0.652,0.171,0.134,112.378,141373
87,Classical,1,0.169,0.0161,9,-31.034,0,0.0442,0.986,0.86,0.0805,0.0573,128.143,174267
88,Classical,1,0.314,0.0157,1,-36.252,0,0.0356,0.991,0.916,0.134,0.0939,95.89,199773
89,Classical,1,0.308,0.00605,4,-35.164,1,0.0486,0.995,0.929,0.0869,0.0739,66.122,274747
90,Classical,1,0.429,0.535,3,-11.043,1,0.0379,0.815,0.93,0.0759,0.926,81.182,131599
91,Classical,1,0.162,0.0898,2,-23.269,0,0.0354,0.944,0.917,0.187,0.0413,132.047,169667
92,Classical,1,0.251,0.00904,5,-31.599,1,0.0406,0.995,0.922,0.0779,0.0819,62.225,233400
93,Classical,1,0.568,0.409,9,-17.256,1,0.0336,0.794,0.0705,0.172,0.785,112.3,172093
94,Classical,1,0.368,0.00363,1,-36.759,1,0.035,0.993,0.922,0.137,0.085,69.363,254000
95,Classical,1,0.363,0.115,2,-17.325,1,0.0689,0.976,0,0.0992,0.231,134.424,262147
96,Classical,1,0.276,0.15,7,-18.262,1,0.0517,0.985,0.932,0.119,0.552,78.366,136582
97,Classical,1,0.369,0.21,6,-13.552,1,0.0437,0.959,4.53E-05,0.0905,0.391,131.714,142173
98,Classical,1,0.199,0.0677,0,-20.879,1,0.039,0.786,0.738,0.225,0.145,78.866,307827
99,Classical,1,0.4,0.312,0,-17.376,1,0.157,0.973,0.28,0.25,0.44,76.211,271973
100,Classical,1,0.226,0.0701,2,-20.668,1,0.0361,0.929,0.782,0.123,0.15,176.342,527400
101,Country,2,0.643,0.79,4,-6.079,1,0.0462,0.294,0,0.107,0.8,95.987,188893
102,Country,2,0.499,0.643,11,-5.416,1,0.0354,0.307,0,0.106,0.469,93.805,201480
103,Country,2,0.574,0.792,6,-5.868,1,0.0489,0.0135,0,0.11,0.562,104.989,198209
104,Country,2,0.511,0.652,4,-4.149,1,0.0436,0.182,0,0.0897,0.175,77.76,200768
105,Country,2,0.506,0.886,11,-3.225,1,0.0655,0.0916,0,0.0734,0.595,143.935,226867
106,Country,2,0.464,0.813,10,-6.185,1,0.0416,0.0153,0,0.254,0.516,75.975,222533
107,Country,2,0.566,0.713,6,-4.25,1,0.0417,0.645,0,0.114,0.807,169.864,238147
108,Country,2,0.614,0.68,6,-4.58,1,0.0289,0.369,1.84E-06,0.115,0.707,149.959,234347
109,Country,2,0.537,0.66,9,-7.174,1,0.0296,0.455,0,0.135,0.574,148.096,298373
110,Country,2,0.607,0.536,10,-7.306,1,0.0305,0.386,0,0.102,0.434,147.986,224853
111,Country,2,0.523,0.666,7,-4.081,0,0.0327,0.401,0,0.0728,0.564,78.077,194187
112,Country,2,0.489,0.581,11,-5.731,1,0.0281,0.0312,0,0.132,0.494,86.016,196747
113,Country,2,0.655,0.56,9,-6.857,1,0.0486,0.749,0,0.115,0.599,140.975,198440
114,Country,2,0.736,0.458,5,-7.437,1,0.0316,0.441,0,0.148,0.65,98.977,162547
115,Country,2,0.552,0.402,11,-7.431,1,0.0262,0.676,0,0.0928,0.382,103.313,193200
116,Country,2,0.612,0.799,10,-4.603,1,0.0275,0.00898,0,0.172,0.687,125.976,188253
117,Country,2,0.645,0.904,2,-4.532,1,0.0462,0.0293,0,0.0834,0.671,105.97,225560
118,Country,2,0.554,0.743,9,-6.016,1,0.0287,0.0251,0,0.359,0.673,72.997,205733
119,Country,2,0.333,0.412,3,-8.633,1,0.029,0.0977,0,0.113,0.474,85.028,205453
120,Country,2,0.638,0.722,9,-6.177,1,0.0332,0.0119,0.00808,0.189,0.469,103.017,224293
121,Country,2,0.747,0.861,8,-5.251,1,0.0514,0.113,0,0.026,0.859,103.966,190240
122,Country,2,0.458,0.897,9,-4.879,1,0.0402,0.0183,0,0.174,0.728,160.131,212067
123,Country,2,0.491,0.907,7,-3.594,1,0.0481,0.0491,0,0.242,0.631,199.943,182667
124,Country,2,0.362,0.882,3,-3.717,1,0.0973,0.0791,0,0.15,0.864,199.811,185200
125,Country,2,0.677,0.556,9,-6.544,1,0.0306,0.263,0,0.105,0.521,80.009,179507
126,Country,2,0.551,0.801,6,-5.069,1,0.0303,0.013,6.03E-06,0.265,0.625,128.027,240760
127,Country,2,0.616,0.438,1,-5.968,1,0.0298,0.356,0,0.24,0.386,135.929,213387
128,Country,2,0.661,0.75,7,-5.497,1,0.0314,0.0303,0.000132,0.0849,0.828,130.077,157080
129,Country,2,0.739,0.682,2,-3.728,1,0.205,0.129,0,0.328,0.634,131.983,199382
130,Country,2,0.606,0.652,9,-6.982,1,0.0281,0.323,0,0.201,0.476,97.155,182493
131,Country,2,0.638,0.367,4,-7.906,1,0.0266,0.84,0,0.0999,0.219,71.957,217120
132,Country,2,0.706,0.358,6,-8.331,1,0.0347,0.677,0,0.107,0.478,75.991,186240
133,Country,2,0.536,0.754,10,-5.102,1,0.0399,0.0597,4.92E-06,0.118,0.212,139.988,204800
134,Country,2,0.579,0.776,8,-5.365,1,0.173,0.0749,0,0.239,0.434,136.044,229880
135,Country,2,0.544,0.781,6,-6.16,0,0.0311,0.00585,0,0.191,0.527,144.075,221800
136,Country,2,0.57,0.684,6,-7.054,1,0.0465,0.136,0,0.205,0.531,89.012,213183
137,Country,2,0.687,0.845,7,-4.37,1,0.0576,0.1,0,0.0452,0.809,87.972,190227
138,Country,2,0.711,0.696,7,-5.05,1,0.0869,0.16,0,0.17,0.694,80.512,189533
139,Country,2,0.646,0.781,1,-4.616,1,0.0313,0.208,0,0.125,0.565,94.975,169920
140,Country,2,0.725,0.437,6,-9.602,1,0.0575,0.593,0,0.0842,0.759,83.985,184080
141,Country,2,0.582,0.568,1,-6.051,1,0.0297,0.196,0,0.0841,0.64,76.025,207187
142,Country,2,0.499,0.797,2,-3.77,1,0.0554,0.199,0,0.0933,0.408,176.024,211768
143,Country,2,0.592,0.891,10,-3.144,1,0.0512,0.0267,0,0.352,0.674,99.983,174255
144,Country,2,0.471,0.897,9,-2.27,1,0.0597,0.193,0,0.196,0.719,159.958,216093
145,Country,2,0.629,0.464,4,-8.72,1,0.0334,0.75,0,0.0853,0.523,156.051,195053
146,Country,2,0.593,0.81,1,-5.733,1,0.0625,0.602,0,0.119,0.712,144.011,207933
147,Country,2,0.554,0.722,11,-6.005,1,0.034,0.119,0,0.0861,0.558,134.058,216960
148,Country,2,0.739,0.85,2,-3.966,1,0.0308,0.0272,0,0.181,0.883,113,168960
149,Country,2,0.544,0.854,4,-4.968,0,0.0289,0.00245,1.20E-06,0.249,0.436,91.966,178987
150,Country,2,0.597,0.721,9,-6.422,1,0.0356,0.0362,0,0.0832,0.437,132.054,149293
151,Edm,3,0.506,0.805,1,-4.119,1,0.0469,0.00711,0.00193,0.0856,0.383,126.008,227074
152,Edm,3,0.519,0.754,2,-5.689,1,0.0402,0.258,3.75E-06,0.139,0.16,125.975,215187
153,Edm,3,0.631,0.953,2,-3.739,1,0.0343,0.0241,0.0155,0.108,0.422,141.99,273803
154,Edm,3,0.509,0.781,8,-3.48,1,0.072,0.0398,0,0.0749,0.176,128,271427
155,Edm,3,0.628,0.833,11,-4.126,0,0.0282,0.0079,1.48E-05,0.074,0.56,128.003,218293
156,Edm,3,0.544,0.915,8,-3.405,1,0.0841,0.129,0.000914,0.115,0.51,126.094,184280
157,Edm,3,0.654,0.83,10,-4.801,1,0.0366,0.000629,1.13E-06,0.121,0.548,124.989,262200
158,Edm,3,0.485,0.724,9,-4.633,0,0.0521,0.0736,0,0.0631,0.433,128.045,221273
159,Edm,3,0.523,0.861,0,-3.447,1,0.0644,0.0336,0,0.144,0.346,127.049,229149
160,Edm,3,0.579,0.736,6,-3.863,0,0.0527,0.31,0,0.198,0.613,127.999,230613
161,Edm,3,0.674,0.915,6,-3.999,0,0.0411,0.0282,0.00337,0.273,0.78,126.038,191293
162,Edm,3,0.571,0.903,7,-2.184,1,0.214,0.0615,1.23E-06,0.186,0.477,127.951,206320
163,Edm,3,0.575,0.831,0,-5.972,1,0.0356,0.00406,0.000449,0.111,0.377,127.991,223140
164,Edm,3,0.572,0.81,1,-5.791,0,0.0558,0.0157,6.53E-06,0.13,0.11,126.052,214912
165,Edm,3,0.609,0.801,0,-4.417,0,0.034,0.0137,0.00349,0.127,0.407,129.99,243413
166,Edm,3,0.596,0.856,4,-3.556,0,0.0346,0.0211,0.0178,0.141,0.743,127.949,222533
167,Edm,3,0.478,0.818,4,-5.076,1,0.0377,0.00292,0.00789,0.438,0.163,127.953,226867
168,Edm,3,0.467,0.757,2,-3.01,1,0.0517,0.0866,0,0.0742,0.383,131.993,254653
169,Edm,3,0.527,0.835,6,-5.298,1,0.0433,0.0166,0,0.249,0.654,125.983,176658
170,Edm,3,0.486,0.652,11,-7.226,0,0.052,0.408,6.63E-05,0.077,0.391,113.055,273684
171,Edm,3,0.468,0.627,6,-5.085,1,0.0476,0.0281,7.97E-06,0.11,0.159,179.642,212107
172,Edm,3,0.534,0.711,10,-5.927,0,0.0368,0.05,0.0031,0.135,0.3,128.102,230635
173,Edm,3,0.652,0.657,3,-4.491,0,0.0306,0.00209,7.04E-05,0.0859,0.0873,127.998,313125
174,Edm,3,0.649,0.792,9,-3.505,1,0.043,0.00364,2.87E-05,0.104,0.235,128.032,352969
175,Edm,3,0.646,0.823,2,-4.123,0,0.0394,0.213,0,0.322,0.418,128.035,227267
176,Edm,3,0.53,0.783,3,-4.61,1,0.0388,0.0227,2.11E-06,0.0987,0.397,127.971,204347
177,Edm,3,0.577,0.851,11,-3.975,1,0.0339,0.0197,0.000462,0.118,0.396,129.952,247147
178,Edm,3,0.645,0.891,6,-2.505,0,0.0387,0.0932,3.88E-06,0.379,0.568,124.915,203520
179,Edm,3,0.605,0.8,5,-6.235,0,0.0545,0.155,0.0562,0.121,0.836,128.074,211880
180,Edm,3,0.575,0.89,2,-3.169,1,0.0416,0.034,3.23E-06,0.047,0.206,128.041,278174
181,Edm,3,0.699,0.883,5,-3.226,0,0.219,0.0288,0,0.817,0.499,127.961,211975
182,Edm,3,0.723,0.806,0,-4.989,1,0.0521,0.00666,0.876,0.276,0.539,124.976,410097
183,Edm,3,0.583,0.695,9,-5.336,1,0.0423,0.0141,0,0.0527,0.224,104.879,220573
184,Edm,3,0.637,0.827,7,-5.153,0,0.0629,0.046,0.103,0.575,0.339,128.025,349489
185,Edm,3,0.414,0.857,0,-4.078,0,0.0808,0.0287,0.00574,0.343,0.348,128.024,212960
186,Edm,3,0.58,0.846,9,-2.876,0,0.0573,0.00537,6.62E-06,0.145,0.366,129.998,240000
187,Edm,3,0.651,0.898,11,-4.942,1,0.0391,0.152,0,0.11,0.599,126.051,240893
188,Edm,3,0.556,0.885,6,-4.045,1,0.0321,0.00786,1.95E-06,0.138,0.771,125.997,198133
189,Edm,3,0.347,0.772,5,-4.359,0,0.0549,0.0597,0.0333,0.115,0.035,192.118,191412
190,Edm,3,0.646,0.814,0,-4.547,1,0.0433,0.0583,6.42E-05,0.118,0.326,127.978,264800
191,Edm,3,0.639,0.795,9,-3.535,1,0.0416,0.0246,0.000324,0.509,0.454,128.013,191653
192,Edm,3,0.597,0.736,1,-7.793,0,0.0309,0.00296,0.921,0.0914,0.172,128.179,258440
193,Edm,3,0.88,0.821,5,-2.545,0,0.118,0.0197,0.661,0.234,0.575,127.907,326888
194,Edm,3,0.542,0.795,7,-3.131,1,0.0379,0.0664,2.89E-06,0.313,0.251,128.959,228837
195,Edm,3,0.51,0.831,7,-4.514,0,0.0606,0.0435,3.14E-06,0.346,0.376,128.025,185625
196,Edm,3,0.696,0.652,0,-6.826,0,0.0461,0.00326,0.67,0.0894,0.13,125.981,403810
197,Edm,3,0.59,0.821,0,-5.369,0,0.0693,0.158,0.00022,0.199,0.117,129.027,252997
198,Edm,3,0.631,0.871,9,-5.703,1,0.0585,0.000635,0.00775,0.545,0.293,125.022,408829
199,Edm,3,0.529,0.955,10,-2.59,0,0.0794,0.0344,4.55E-05,0.353,0.0893,125.988,222075
200,Edm,3,0.518,0.911,9,-3.649,1,0.086,0.00148,0,0.516,0.126,128.014,246093
201,Funk,4,0.642,0.764,7,-6.741,0,0.0457,0.1,0.32,0.0731,0.704,104.885,224041
202,Funk,4,0.731,0.743,11,-11.783,0,0.0506,0.0696,0.0045,0.0796,0.97,88.049,210483
203,Funk,4,0.684,0.882,8,-9.353,1,0.118,0.152,0.0225,0.313,0.758,90.149,305760
204,Funk,4,0.782,0.922,11,-4.028,0,0.0497,0.00655,0.0118,0.0728,0.761,104.016,255228
205,Funk,4,0.745,0.84,0,-6.623,1,0.0692,0.0654,0.104,0.0446,0.9,123.983,224368
206,Funk,4,0.687,0.958,9,-4.498,1,0.118,0.0561,0.138,0.0886,0.797,158.276,186349
207,Funk,4,0.61,0.752,10,-5.062,0,0.0389,0.294,0.0755,0.116,0.832,89.995,196867
208,Funk,4,0.55,0.776,0,-4.796,1,0.236,0.0893,0.000182,0.176,0.932,204.745,215587
209,Funk,4,0.658,0.895,7,-6.84,0,0.0704,0.0669,0.00312,0.361,0.855,123.912,199600
210,Funk,4,0.775,0.898,2,-7.054,1,0.0949,0.028,0.000269,0.0646,0.776,109.987,281133
211,Funk,4,0.771,0.807,7,-6.258,1,0.058,0.0107,0.0135,0.568,0.707,98.003,256960
212,Funk,4,0.849,0.781,0,-9.329,0,0.0803,0.0946,0.057,0.0681,0.817,115.009,402852
213,Funk,4,0.518,0.877,1,-5.648,1,0.0458,0.000214,0.072,0.297,0.812,92.902,222334
214,Funk,4,0.392,0.865,2,-4.766,0,0.104,0.00254,4.25E-05,0.107,0.845,188.354,216152
215,Funk,4,0.698,0.687,0,-6.185,1,0.0673,0.115,1.48E-06,0.0858,0.8,114.353,286433
216,Funk,4,0.779,0.803,2,-5.907,0,0.0393,0.361,0.000697,0.0371,0.973,112.049,295133
217,Funk,4,0.679,0.947,6,-3.707,1,0.0809,0.67,9.69E-06,0.199,0.864,109.849,274580
218,Funk,4,0.698,0.906,7,-10.688,0,0.04,0.581,0.812,0.114,0.882,108,311437
219,Funk,4,0.728,0.694,1,-6.368,1,0.0404,0.0556,9.29E-05,0.135,0.688,90.044,287213
220,Funk,4,0.629,0.734,2,-7.952,1,0.0443,0.00906,1.80E-05,0.135,0.631,150.15,234324
221,Funk,4,0.814,0.682,5,-6.89,0,0.0559,0.0283,0.000789,0.159,0.914,123.722,153387
222,Funk,4,0.777,0.908,9,-5.242,1,0.172,0.0904,0,0.224,0.674,100.938,174608
223,Funk,4,0.703,0.914,7,-6.455,1,0.0755,0.0439,0.00123,0.161,0.843,108.993,328480
224,Funk,4,0.637,0.884,5,-6.96,1,0.0664,0.0318,3.44E-06,0.0677,0.527,121.926,216800
225,Funk,4,0.811,0.792,7,-8.477,1,0.0537,0.0363,0.0517,0.342,0.94,107.255,239621
226,Funk,4,0.817,0.795,5,-6.108,0,0.0546,0.0449,0.0119,0.0195,0.855,107.971,245413
227,Funk,4,0.606,0.957,11,-5.646,0,0.18,0.113,0.0704,0.0418,0.554,99.042,261185
228,Funk,4,0.73,0.674,5,-11.049,1,0.0526,0.00442,1.48E-06,0.0885,0.847,107.253,272722
229,Funk,4,0.888,0.531,9,-8.178,0,0.317,0.267,0.000334,0.00535,0.856,150.052,215603
230,Funk,4,0.874,0.445,5,-9.846,0,0.067,0.0496,0.00203,0.118,0.616,110.122,289349
231,Funk,4,0.697,0.818,11,-9.73,0,0.0467,0.0045,0.85,0.16,0.739,132.187,164021
232,Funk,4,0.829,0.861,0,-5.672,1,0.0797,0.134,0.00566,0.0908,0.727,124.201,291160
233,Funk,4,0.687,0.868,6,-6.798,0,0.0888,0.0627,0.00113,0.0833,0.801,102.121,199893
234,Funk,4,0.742,0.848,4,-6.336,0,0.0404,0.115,0,0.328,0.622,109.487,265872
235,Funk,4,0.748,0.646,10,-7.601,0,0.045,0.0608,0.0221,0.313,0.771,91.972,212027
236,Funk,4,0.603,0.887,1,-5.343,1,0.0664,0.44,0.496,0.0836,0.803,92.982,246413
237,Funk,4,0.837,0.899,7,-4.078,0,0.047,0.589,2.54E-06,0.0886,0.897,110.07,332206
238,Funk,4,0.75,0.457,8,-10.245,0,0.0665,0.093,0.118,0.054,0.613,76.005,276469
239,Funk,4,0.504,0.681,4,-8.776,0,0.113,0.138,0.000374,0.0966,0.632,116.552,256204
240,Funk,4,0.651,0.721,7,-6.229,0,0.0655,0.0294,0.0117,0.131,0.44,118.039,290261
241,Funk,4,0.58,0.816,11,-8.574,0,0.217,0.333,0.00933,0.132,0.765,202.324,178933
242,Funk,4,0.639,0.667,8,-3.725,1,0.046,0.0807,9.41E-05,0.0571,0.514,100.851,239720
243,Funk,4,0.724,0.695,11,-5.756,0,0.065,0.00602,0.0735,0.387,0.721,114.998,347237
244,Funk,4,0.822,0.803,11,-7.491,0,0.0617,0.000559,0.541,0.314,0.921,109.989,292000
245,Funk,4,0.668,0.82,2,-6.258,1,0.0351,0.00676,0.0141,0.0447,0.87,132.934,240173
246,Funk,4,0.787,0.823,5,-6.548,0,0.0662,0.106,2.14E-05,0.224,0.786,119.987,268000
247,Funk,4,0.695,0.937,6,-3.642,0,0.0733,0.00999,0.234,0.136,0.884,104.721,199560
248,Funk,4,0.649,0.874,5,-6.93,1,0.0793,0.0394,0.552,0.0936,0.776,169.905,350972
249,Funk,4,0.653,0.466,11,-9.789,1,0.0569,0.00362,1.27E-05,0.0806,0.844,120.688,230002
250,Funk,4,0.725,0.957,10,-5.931,1,0.0472,0.0126,0.0822,0.102,0.618,119.994,226345
251,Gospel,5,0.359,0.362,7,-7.414,1,0.0276,0.815,0,0.313,0.382,92.18,390387
252,Gospel,5,0.557,0.746,8,-6.783,1,0.0306,0.0144,0,0.252,0.327,103.492,441547
253,Gospel,5,0.446,0.316,9,-10.864,1,0.0329,0.252,0,0.119,0.116,123.797,425800
254,Gospel,5,0.4,0.596,8,-6.377,1,0.0407,0.127,0,0.384,0.264,99.717,406440
255,Gospel,5,0.309,0.613,9,-8.119,0,0.0375,0.146,0.00136,0.0811,0.147,137.38,422333
256,Gospel,5,0.296,0.365,0,-8.881,1,0.0316,0.53,0,0.0964,0.256,135.173,733283
257,Gospel,5,0.177,0.513,7,-8.675,1,0.0353,0.549,0.0228,0.303,0.217,157.012,314747
258,Gospel,5,0.314,0.798,3,-5.851,1,0.0544,0.022,3.63E-06,0.362,0.336,150.129,384760
259,Gospel,5,0.37,0.553,3,-6.112,0,0.0294,0.057,1.84E-06,0.0917,0.114,110.657,333903
260,Gospel,5,0.55,0.442,0,-5.708,1,0.0313,0.573,0,0.138,0.248,123.744,386560
261,Gospel,5,0.45,0.494,1,-6.311,1,0.0287,0.252,0,0.666,0.158,146.947,297680
262,Gospel,5,0.517,0.613,3,-5.804,1,0.031,0.65,0,0.281,0.387,134.002,297726
263,Gospel,5,0.362,0.685,9,-6.53,1,0.0535,0.0155,0,0.569,0.161,113.023,498427
264,Gospel,5,0.431,0.382,6,-8.367,0,0.0308,0.615,0.00164,0.16,0.0576,129.857,360188
265,Gospel,5,0.463,0.457,0,-7.034,1,0.0322,0.379,0,0.289,0.167,113.897,271209
266,Gospel,5,0.283,0.506,4,-8.891,1,0.0368,0.185,0,0.23,0.186,139.304,578926
267,Gospel,5,0.483,0.568,7,-8.57,1,0.0392,0.127,0,0.12,0.0807,129.988,398563
268,Gospel,5,0.481,0.462,9,-8.316,1,0.0307,0.0794,0.000459,0.141,0.0944,136.131,342960
269,Gospel,5,0.473,0.445,4,-9.815,1,0.0372,0.168,1.43E-06,0.221,0.192,130.001,429332
270,Gospel,5,0.294,0.67,6,-6.511,1,0.0403,0.0102,0,0.202,0.211,141.688,436613
271,Gospel,5,0.312,0.451,2,-7.388,1,0.0336,0.275,0,0.439,0.179,125.103,495013
272,Gospel,5,0.552,0.479,9,-6.889,1,0.0263,0.418,0,0.0963,0.242,131.921,315587
273,Gospel,5,0.304,0.406,0,-10.13,0,0.0314,0.141,2.07E-06,0.175,0.147,136.122,465885
274,Gospel,5,0.382,0.623,4,-6.085,1,0.0328,0.138,0,0.487,0.173,84.902,431080
275,Gospel,5,0.492,0.435,4,-8.633,0,0.0292,0.107,0,0.948,0.11,139.989,411000
276,Gospel,5,0.54,0.833,6,-4.432,1,0.0453,0.0363,0,0.952,0.151,115.983,325200
277,Gospel,5,0.427,0.614,2,-6.674,1,0.0277,0.136,1.99E-06,0.744,0.13,144.061,310067
278,Gospel,5,0.327,0.731,8,-5.821,1,0.0398,0.322,8.66E-06,0.267,0.0792,132.76,562388
279,Gospel,5,0.532,0.749,0,-6.712,1,0.0284,0.00352,0.00237,0.731,0.204,113.971,365093
280,Gospel,5,0.489,0.46,9,-8.181,1,0.0289,0.491,0,0.6,0.239,139.745,368347
281,Gospel,5,0.613,0.473,7,-6.548,1,0.0305,0.124,0,0.0842,0.157,129.788,420977
282,Gospel,5,0.441,0.573,0,-7.924,1,0.0311,0.017,1.23E-06,0.707,0.118,131.042,447843
283,Gospel,5,0.628,0.535,4,-7.541,1,0.0412,0.548,0,0.0875,0.19,131.961,235173
284,Gospel,5,0.279,0.597,2,-6.269,0,0.0398,0.405,0,0.697,0.365,140.192,399244
285,Gospel,5,0.484,0.388,7,-11.161,1,0.0478,0.775,0,0.752,0.289,119.78,240707
286,Gospel,5,0.519,0.613,6,-8.715,0,0.037,0.242,0,0.129,0.268,125.009,360500
287,Gospel,5,0.426,0.618,4,-7.159,1,0.0396,0.625,5.55E-06,0.484,0.209,135.963,513960
288,Gospel,5,0.433,0.446,0,-9.076,1,0.0306,0.128,3.18E-05,0.621,0.101,114.979,499360
289,Gospel,5,0.315,0.607,11,-6.879,1,0.0372,0.439,1.73E-06,0.705,0.177,143.538,507213
290,Gospel,5,0.361,0.468,7,-8.037,1,0.0301,0.149,0.00207,0.117,0.0972,143.892,404667
291,Gospel,5,0.333,0.377,10,-9.522,1,0.0289,0.553,0,0.0978,0.214,154.61,307742
292,Gospel,5,0.512,0.32,8,-9.227,0,0.0313,0.586,0,0.113,0.131,132.149,314640
293,Gospel,5,0.557,0.639,3,-6.181,1,0.0329,0.569,0,0.216,0.446,131.915,224560
294,Gospel,5,0.498,0.644,9,-6.284,1,0.0339,0.0368,0,0.683,0.209,128.146,471733
295,Gospel,5,0.419,0.576,4,-6.402,1,0.0339,0.427,0,0.318,0.408,131.594,426747
296,Gospel,5,0.454,0.444,1,-7.74,0,0.0271,0.438,0,0.956,0.168,138.033,349267
297,Gospel,5,0.52,0.474,11,-7.357,1,0.0259,0.72,0,0.384,0.264,88.029,261178
298,Gospel,5,0.34,0.592,8,-4.87,1,0.0319,0.315,0,0.416,0.255,135.899,284862
299,Gospel,5,0.433,0.269,0,-9.261,1,0.04,0.824,0,0.11,0.354,120.225,259853
300,Gospel,5,0.473,0.304,4,-13.385,1,0.0781,0.834,0,0.607,0.293,103.642,277680
301,Hip Hop,6,0.816,0.775,11,-3.323,1,0.234,0.16,0.00031,0.0543,0.527,93.431,270587
302,Hip Hop,6,0.763,0.786,10,-6.472,0,0.229,0.0146,0.0114,0.0817,0.504,93.857,325507
303,Hip Hop,6,0.889,0.816,9,-4.67,1,0.247,0.472,0,0.204,0.777,96.056,302693
304,Hip Hop,6,0.479,0.549,11,-10.551,0,0.373,0.57,0.0239,0.127,0.576,180.985,252187
305,Hip Hop,6,0.922,0.909,10,-2.429,0,0.27,0.0281,0,0.0856,0.309,95.295,161507
306,Hip Hop,6,0.778,0.578,9,-7.22,0,0.274,0.432,0,0.138,0.758,84.487,252747
307,Hip Hop,6,0.798,0.744,7,-5.328,0,0.136,0.33,0.000106,0.292,0.794,82.356,260000
308,Hip Hop,6,0.801,0.908,2,-6.554,1,0.221,0.00253,0.000655,0.0698,0.805,87.279,278387
309,Hip Hop,6,0.849,0.521,11,-12.999,0,0.216,0.304,1.65E-06,0.115,0.763,95.265,248867
310,Hip Hop,6,0.897,0.612,11,-10.489,1,0.211,0.0297,0.186,0.0894,0.767,102.305,208267
311,Hip Hop,6,0.875,0.745,1,-5.878,1,0.269,0.0227,2.37E-06,0.287,0.749,95.201,217440
312,Hip Hop,6,0.813,0.703,11,-5.077,0,0.268,0.125,1.26E-06,0.237,0.241,94.828,224533
313,Hip Hop,6,0.834,0.878,8,-9.484,1,0.15,0.0461,0,0.334,0.418,102.848,258688
314,Hip Hop,6,0.665,0.91,6,-4.682,0,0.223,0.0394,0,0.227,0.887,84.099,293973
315,Hip Hop,6,0.549,0.853,7,-4.293,1,0.188,0.0285,0.000296,0.618,0.346,94.695,211493
316,Hip Hop,6,0.901,0.697,9,-3.439,1,0.28,0.145,0,0.287,0.67,93.941,229827
317,Hip Hop,6,0.873,0.719,1,-5.948,1,0.248,0.03,0,0.333,0.858,93.281,307773
318,Hip Hop,6,0.924,0.74,8,-1.299,1,0.0774,0.0827,0,0.163,0.621,133.974,222293
319,Hip Hop,6,0.724,0.853,11,-3.895,0,0.283,0.0164,0,0.65,0.775,170.51,332733
320,Hip Hop,6,0.934,0.735,1,-6.668,1,0.251,0.031,8.60E-06,0.107,0.768,101.368,273107
321,Hip Hop,6,0.859,0.75,8,-8.325,0,0.303,0.0193,0,0.0538,0.857,98.691,345717
322,Hip Hop,6,0.875,0.658,0,-3.641,1,0.359,0.275,0,0.122,0.661,92.039,274093
323,Hip Hop,6,0.647,0.514,8,-10.05,1,0.0593,0.0655,0,0.398,0.387,79.974,240693
324,Hip Hop,6,0.826,0.566,10,-10.747,0,0.31,0.197,0,0.356,0.653,99.13,216133
325,Hip Hop,6,0.785,0.479,3,-10.247,1,0.362,0.0417,3.50E-05,0.334,0.727,87.691,339893
326,Hip Hop,6,0.692,0.833,7,-3.974,1,0.0492,0.000136,1.98E-05,0.515,0.692,96.814,246320
327,Hip Hop,6,0.828,0.686,11,-5.689,0,0.218,0.273,0,0.524,0.617,91.713,319373
328,Hip Hop,6,0.777,0.957,11,-3.201,0,0.318,0.18,0,0.296,0.543,105.755,313053
329,Hip Hop,6,0.803,0.784,11,-5.97,0,0.198,0.0012,0.000161,0.0794,0.801,90.185,296907
330,Hip Hop,6,0.6,0.706,10,-7.899,0,0.361,0.209,0,0.125,0.58,173.926,253533
331,Hip Hop,6,0.886,0.512,10,-11.825,0,0.237,0.207,0,0.0991,0.454,93.997,308733
332,Hip Hop,6,0.678,0.794,10,-6.186,0,0.14,0.274,1.68E-06,0.124,0.54,87.374,290573
333,Hip Hop,6,0.894,0.698,6,-8.264,0,0.275,0.0279,3.56E-06,0.329,0.695,98.104,336917
334,Hip Hop,6,0.772,0.821,11,-0.14,0,0.25,0.223,0,0.148,0.77,91.921,244200
335,Hip Hop,6,0.747,0.52,10,-10.523,0,0.0357,0.0977,0.0537,0.142,0.601,92.869,232773
336,Hip Hop,6,0.843,0.7,9,-3.249,0,0.26,0.127,0,0.876,0.675,95.05,293053
337,Hip Hop,6,0.797,0.852,0,-2.234,1,0.172,0.0432,3.97E-06,0.409,0.674,95.416,330760
338,Hip Hop,6,0.906,0.775,2,-5.775,1,0.268,0.0831,2.74E-05,0.15,0.838,100.054,221373
339,Hip Hop,6,0.817,0.552,8,-10.8,0,0.386,0.032,7.17E-06,0.826,0.808,102.011,291067
340,Hip Hop,6,0.614,0.543,5,-7.178,1,0.374,0.00776,3.28E-05,0.383,0.485,178.422,234093
341,Hip Hop,6,0.845,0.884,6,-4.506,0,0.0759,0.0128,2.10E-06,0.203,0.904,104.536,257400
342,Hip Hop,6,0.836,0.484,2,-7.332,1,0.327,0.0454,0,0.0557,0.839,95.941,222933
343,Hip Hop,6,0.801,0.699,11,-8.18,0,0.279,0.00575,0,0.146,0.655,94.605,238467
344,Hip Hop,6,0.771,0.912,1,-5.06,1,0.141,0.0136,1.38E-06,0.0632,0.616,92.516,302200
345,Hip Hop,6,0.787,0.671,1,-5.308,0,0.0904,0.00132,0,0.0783,0.637,81.897,242107
346,Hip Hop,6,0.879,0.564,10,-7.682,0,0.247,0.0474,9.43E-06,0.0519,0.523,93.908,282373
347,Hip Hop,6,0.756,0.53,7,-9.639,1,0.142,0.00138,0.00701,0.323,0.524,79.855,274307
348,Hip Hop,6,0.804,0.443,6,-10.268,0,0.134,0.0312,0.0225,0.112,0.58,92.035,203027
349,Hip Hop,6,0.711,0.62,11,-10.174,0,0.212,0.0175,0,0.134,0.805,179.817,217627
350,Hip Hop,6,0.712,0.772,10,-3.024,0,0.346,0.0521,4.35E-06,0.0368,0.848,84.722,249480
351,Jazz,7,0.376,0.0222,11,-26.348,1,0.0563,0.995,0.936,0.124,0.229,72.772,187399
352,Jazz,7,0.497,0.409,5,-14.42,0,0.0333,0.012,0.802,0.113,0.168,170.046,121419
353,Jazz,7,0.597,0.304,10,-13.681,1,0.0299,0.908,0.898,0.141,0.434,139.688,175959
354,Jazz,7,0.664,0.12,10,-16.577,1,0.0431,0.981,0.922,0.113,0.274,119.744,223000
355,Jazz,7,0.302,0.0134,10,-27.372,1,0.0418,0.991,0.925,0.129,0.433,85.572,139052
356,Jazz,7,0.483,0.193,1,-16.57,0,0.0344,0.933,0.95,0.101,0.205,85.137,202147
357,Jazz,7,0.72,0.302,1,-17.8,1,0.0363,0.954,0.937,0.0995,0.535,117.881,218910
358,Jazz,7,0.372,0.168,5,-22.966,1,0.0319,0.738,0.729,0.0917,0.195,96.074,465133
359,Jazz,7,0.457,0.102,5,-20.175,0,0.04,0.977,0.858,0.108,0.199,114.279,243334
360,Jazz,7,0.794,0.325,4,-12.578,0,0.0499,0.581,0.000544,0.306,0.314,100.014,243451
361,Jazz,7,0.536,0.0572,5,-21.435,0,0.0452,0.973,0.919,0.115,0.178,137.15,240960
362,Jazz,7,0.484,0.17,0,-15.033,0,0.0358,0.927,0.911,0.112,0.164,107.194,337986
363,Jazz,7,0.351,0.244,9,-10.019,1,0.0318,0.977,0.0749,0.107,0.31,68.92,223908
364,Jazz,7,0.576,0.328,5,-10.995,1,0.0367,0.95,0.795,0.106,0.231,117.239,377500
365,Jazz,7,0.316,0.0105,6,-22.864,1,0.0385,0.992,0.864,0.09,0.176,66.492,228513
366,Jazz,7,0.495,0.359,7,-8.175,0,0.0299,0.85,0.684,0.102,0.296,102.423,137317
367,Jazz,7,0.747,0.476,4,-10.945,1,0.0577,0.772,0.183,0.321,0.664,149.89,149954
368,Jazz,7,0.411,0.449,9,-15.659,0,0.0318,0.548,0.609,0.0814,0.579,144,250000
369,Jazz,7,0.493,0.297,4,-18.663,0,0.0335,0.892,0.964,0.11,0.525,125.543,279000
370,Jazz,7,0.373,0.183,5,-18.031,0,0.0356,0.922,0.8,0.0934,0.144,185.057,316098
371,Jazz,7,0.646,0.237,4,-13.886,0,0.0601,0.828,0.845,0.0961,0.537,85.199,185747
372,Jazz,7,0.386,0.106,0,-19.209,0,0.0308,0.977,0.941,0.121,0.16,101.784,301500
373,Jazz,7,0.578,0.0801,8,-20.314,1,0.0501,0.966,0.539,0.106,0.0747,105.706,242067
374,Jazz,7,0.397,0.287,7,-16.476,1,0.0346,0.624,0.663,0.0614,0.321,83.015,236000
375,Jazz,7,0.812,0.358,5,-9.313,1,0.0482,0.886,0.901,0.158,0.688,120.006,219750
376,Jazz,7,0.446,0.188,7,-17.215,0,0.0303,0.786,0.0916,0.104,0.0988,107.147,258227
377,Jazz,7,0.485,0.0422,9,-21.347,0,0.0345,0.96,0.869,0.0954,0.246,80.473,213893
378,Jazz,7,0.402,0.647,5,-12.533,1,0.0341,0.353,0.00124,0.284,0.792,96.064,205453
379,Jazz,7,0.732,0.226,1,-15.145,0,0.0452,0.562,0.866,0.0752,0.181,85.289,151901
380,Jazz,7,0.518,0.0493,9,-26.565,0,0.0346,0.9,0.879,0.349,0.16,61.908,375094
381,Jazz,7,0.664,0.233,7,-20.362,0,0.0488,0.397,0.775,0.0801,0.876,143.914,200867
382,Jazz,7,0.423,0.22,0,-13.499,0,0.0298,0.949,0.854,0.12,0.152,107.595,438625
383,Jazz,7,0.431,0.174,0,-19.689,1,0.0373,0.936,0.897,0.109,0.108,107.63,301595
384,Jazz,7,0.487,0.12,10,-20.964,1,0.04,0.892,0.853,0.0996,0.131,56.822,314763
385,Jazz,7,0.754,0.148,5,-17.648,1,0.0554,0.922,0.328,0.107,0.412,120.895,219000
386,Jazz,7,0.397,0.217,7,-16.94,0,0.03,0.905,0.23,0.083,0.169,61.49,343750
387,Jazz,7,0.403,0.13,2,-14.665,1,0.0374,0.969,0.804,0.125,0.0904,137.726,365880
388,Jazz,7,0.518,0.128,0,-17.5,1,0.0335,0.939,0.912,0.115,0.118,115.794,318879
389,Jazz,7,0.559,0.2,0,-17.49,0,0.0372,0.945,0.505,0.121,0.305,124.408,352250
390,Jazz,7,0.521,0.0362,0,-18.862,0,0.0597,0.995,0.959,0.14,0.105,62.649,134670
391,Jazz,7,0.503,0.179,7,-18.691,0,0.0545,0.742,0.915,0.126,0.667,167.594,216500
392,Jazz,7,0.542,0.101,0,-17.675,1,0.0457,0.988,0.944,0.0936,0.44,73.782,182253
393,Jazz,7,0.553,0.332,7,-8.588,0,0.0324,0.896,0.595,0.353,0.4,119.511,190963
394,Jazz,7,0.515,0.184,0,-16.969,1,0.0426,0.858,0.18,0.12,0.218,122.744,381051
395,Jazz,7,0.519,0.151,5,-20.193,0,0.0412,0.977,0.952,0.0972,0.342,141.725,190598
396,Jazz,7,0.76,0.207,8,-14.373,1,0.033,0.748,0.85,0.135,0.284,85.257,137957
397,Jazz,7,0.445,0.144,1,-17.051,1,0.0367,0.929,0.664,0.164,0.206,138.898,304293
398,Jazz,7,0.563,0.209,5,-17.847,1,0.0389,0.858,0.0654,0.121,0.764,137.327,202500
399,Jazz,7,0.358,0.0482,11,-18.887,1,0.0452,0.994,0.941,0.109,0.366,74.878,170496
400,Jazz,7,0.652,0.796,8,-9.88,1,0.0349,0.447,0.876,0.079,0.756,90.013,224627
401,Metal,8,0.568,0.981,2,-3.889,1,0.0887,0.00269,0.00275,0.0243,0.307,135.146,284120
402,Metal,8,0.543,0.836,4,-9.11,0,0.0353,0.000647,0.431,0.153,0.56,105.173,515387
403,Metal,8,0.43,0.704,1,-8.008,0,0.0804,0.000155,0.00221,0.0933,0.703,118.242,315120
404,Metal,8,0.61,0.891,4,-5.452,0,0.0587,0.000805,0.0928,0.0657,0.51,139.903,246733
405,Metal,8,0.354,0.982,4,-3.026,0,0.168,0.000237,0.000294,0.204,0.194,143.772,252613
406,Metal,8,0.415,0.908,2,-9.701,1,0.0765,0.00437,0.0345,0.082,0.437,114.816,243533
407,Metal,8,0.577,0.828,6,-8.691,0,0.0298,0.00213,0.0114,0.0581,0.604,123.257,331267
408,Metal,8,0.325,0.985,11,-3.941,1,0.151,0.00177,0.107,0.351,0.221,125.307,392600
409,Metal,8,0.285,0.908,4,-4.601,0,0.0705,0.0318,0.00909,0.311,0.669,159.756,252733
410,Metal,8,0.695,0.876,3,-4.262,0,0.0553,0.000996,6.89E-06,0.106,0.941,89.954,279213
411,Metal,8,0.317,0.981,6,-7.102,1,0.174,0.00242,0.00677,0.0852,0.234,140.079,165907
412,Metal,8,0.556,0.981,1,-2.688,0,0.128,0.00662,0,0.218,0.716,101.423,255467
413,Metal,8,0.435,0.987,1,-4.667,0,0.16,0.000195,0.0847,0.268,0.101,103.16,365827
414,Metal,8,0.291,0.974,6,-2.997,0,0.171,0.0177,5.44E-06,0.886,0.348,134.724,278600
415,Metal,8,0.519,0.982,7,-3.547,1,0.108,0.00203,0.00055,0.0971,0.361,97.745,319267
416,Metal,8,0.518,0.858,0,-6.147,1,0.0672,0.00563,0.00349,0.0598,0.249,117.897,309973
417,Metal,8,0.419,0.878,7,-6.352,1,0.0553,0.000594,0.559,0.139,0.666,147.385,264800
418,Metal,8,0.308,0.866,2,-5.671,0,0.059,0.000739,0.00141,0.232,0.227,109.825,438120
419,Metal,8,0.512,0.996,2,-2.1,1,0.114,5.63E-05,0.000167,0.347,0.0601,130.931,220880
420,Metal,8,0.429,0.631,4,-11.514,0,0.0769,7.85E-05,0.00411,0.175,0.376,162.734,168440
421,Metal,8,0.325,0.885,9,-10.661,1,0.0904,0.0242,0.00432,0.735,0.482,163.578,259760
422,Metal,8,0.64,0.922,9,-6.283,0,0.0385,0.00369,0.055,0.332,0.716,125.105,234227
423,Metal,8,0.362,0.961,2,-5.664,1,0.0857,0.024,9.35E-06,0.159,0.491,164.019,153840
424,Metal,8,0.445,0.964,9,-5.493,1,0.282,0.037,0.0132,0.0773,0.448,140.817,414720
425,Metal,8,0.248,0.988,2,-3.74,1,0.144,5.87E-05,0.84,0.323,0.149,115.301,311200
426,Metal,8,0.398,0.939,9,-2.865,0,0.0648,0.00591,0.000881,0.357,0.235,92.027,342821
427,Metal,8,0.409,0.89,0,-6.839,1,0.0558,0.088,0.107,0.0935,0.268,100.409,290587
428,Metal,8,0.274,0.726,9,-11.541,1,0.0449,0.000212,0.0113,0.0993,0.426,146.449,422933
429,Metal,8,0.453,0.906,9,-4.001,1,0.115,0.361,0.000569,0.26,0.473,137.575,296200
430,Metal,8,0.404,0.969,8,-2.938,1,0.195,8.51E-05,0.0114,0.268,0.29,173.878,245227
431,Metal,8,0.366,0.956,10,-3.725,0,0.108,0.000293,0.00447,0.449,0.159,104.016,230127
432,Metal,8,0.148,0.908,9,-7.336,1,0.117,4.66E-06,0.614,0.0723,0.0707,93.888,243360
433,Metal,8,0.372,0.888,2,-5.88,1,0.0943,0.000211,0.00442,0.115,0.555,141.374,305293
434,Metal,8,0.437,0.695,7,-9.447,1,0.0617,0.00111,0.0857,0.124,0.413,102.178,447440
435,Metal,8,0.249,0.943,0,-5.188,1,0.0669,0.0286,0.00401,0.162,0.458,173.671,233507
436,Metal,8,0.339,0.991,2,-5.028,1,0.145,0.000249,0.00327,0.261,0.185,106.767,300093
437,Metal,8,0.322,0.932,4,-4.252,0,0.163,8.57E-05,0.817,0.0969,0.376,138.042,244160
438,Metal,8,0.428,0.874,4,-6.664,0,0.128,0.000337,0.0419,0.311,0.261,119.708,212253
439,Metal,8,0.332,0.769,9,-11.503,1,0.0765,0.00367,0.00413,0.0372,0.525,157.378,354774
440,Metal,8,0.466,0.833,7,-4.215,1,0.304,0.0266,0,0.0327,0.661,88.785,313573
441,Metal,8,0.402,0.994,8,-7.338,0,0.0623,3.79E-05,0.0934,0.145,0.247,104.111,199867
442,Metal,8,0.311,0.658,6,-13.529,1,0.0406,0.0706,0.104,0.093,0.353,151.813,314720
443,Metal,8,0.302,0.805,6,-11.395,0,0.0967,0.000849,4.19E-06,0.151,0.578,112.766,275387
444,Metal,8,0.508,0.912,9,-8.049,0,0.0368,7.06E-05,0.403,0.0492,0.682,117.582,252693
445,Metal,8,0.475,0.953,2,-6.95,1,0.147,0.000288,0.00337,0.104,0.224,118.033,199227
446,Metal,8,0.547,0.963,4,-2.337,0,0.0744,0.000443,0.0251,0.353,0.441,130.061,268587
447,Metal,8,0.278,0.985,11,-1.934,1,0.129,0.000234,0.000235,0.104,0.342,104.803,277800
448,Metal,8,0.462,0.996,11,-2.973,0,0.231,5.80E-05,0.00377,0.139,0.145,122.072,215600
449,Metal,8,0.427,0.946,7,-2.188,1,0.0469,0.000118,0.0253,0.0604,0.237,101.305,260773
450,Metal,8,0.451,0.993,1,-4.143,1,0.185,0.000562,0.00479,0.152,0.14,100.827,254000
451,Pop,9,0.825,0.652,1,-3.183,0,0.0802,0.581,0,0.0931,0.931,95.977,233713
452,Pop,9,0.765,0.523,2,-4.333,1,0.03,0.184,3.56E-05,0.132,0.394,104.988,217307
453,Pop,9,0.649,0.716,8,-5.371,1,0.0349,0.0863,2.63E-05,0.135,0.163,99.988,205947
454,Pop,9,0.717,0.73,9,-4.729,0,0.0568,0.383,0,0.398,0.792,102.002,251173
455,Pop,9,0.748,0.524,8,-5.599,1,0.0338,0.414,0,0.111,0.661,95.01,244960
456,Pop,9,0.775,0.613,3,-4.586,0,0.0542,0.109,2.33E-05,0.134,0.797,100.066,208787
457,Pop,9,0.866,0.813,11,-4.063,0,0.0554,0.38,0,0.0779,0.969,121.998,199440
458,Pop,9,0.694,0.853,7,-3.986,1,0.0934,0.136,0,0.322,0.501,106.098,199773
459,Pop,9,0.715,0.605,0,-5.128,0,0.0428,0.239,1.41E-05,0.189,0.454,122.956,212733
460,Pop,9,0.853,0.56,1,-4.961,1,0.0406,0.013,0,0.0944,0.86,134.066,206693
461,Pop,9,0.64,0.533,0,-6.596,1,0.0706,0.119,0,0.0864,0.515,99.968,220781
462,Pop,9,0.461,0.834,2,-4.868,1,0.0989,0.0232,1.14E-05,0.14,0.471,135.007,261154
463,Pop,9,0.628,0.698,6,-5.608,0,0.105,0.0472,0.00143,0.0907,0.732,89.976,211667
464,Pop,9,0.605,0.822,0,-4.833,1,0.0438,0.00671,0.134,0.147,0.288,167.997,187147
465,Pop,9,0.617,0.635,11,-6.769,0,0.0317,0.0498,1.44E-05,0.164,0.446,103.019,247160
466,Pop,9,0.444,0.819,10,-4.078,0,0.341,0.106,0,0.107,0.747,82.695,187973
467,Pop,9,0.776,0.78,10,-4.374,0,0.128,0.0622,0,0.081,0.666,124.949,204347
468,Pop,9,0.534,0.613,8,-7.41,0,0.0591,0.234,0,0.227,0.528,144.878,194893
469,Pop,9,0.724,0.804,11,-4.614,0,0.0448,0.124,0,0.204,0.306,124.987,197993
470,Pop,9,0.696,0.817,1,-3.862,1,0.109,0.075,0,0.187,0.782,98.064,216409
471,Pop,9,0.818,0.803,1,-4.282,1,0.0797,0.034,0,0.153,0.632,106.97,225983
472,Pop,9,0.679,0.587,7,-7.015,1,0.276,0.141,6.35E-06,0.137,0.486,186.003,230453
473,Pop,9,0.738,0.794,11,-4.118,0,0.0416,0.101,0,0.0533,0.566,104.014,184134
474,Pop,9,0.731,0.445,0,-8.418,1,0.0533,0.0586,1.96E-05,0.14,0.106,117.97,247160
475,Pop,9,0.653,0.658,2,-6.428,1,0.0304,0.0215,1.66E-06,0.0939,0.219,99.99,221507
476,Pop,9,0.624,0.876,9,-3.374,1,0.1,0.0735,0,0.327,0.781,99.943,170827
477,Pop,9,0.584,0.54,1,-7.786,0,0.0576,0.0895,0,0.261,0.195,137.972,220883
478,Pop,9,0.446,0.8,0,-5.404,1,0.174,0.0814,0,0.199,0.474,189.89,237733
479,Pop,9,0.609,0.668,7,-4.284,1,0.0367,0.0552,0,0.167,0.811,80.924,288600
480,Pop,9,0.555,0.662,11,-4.952,0,0.0827,0.125,0,0.111,0.356,148.128,208733
481,Pop,9,0.741,0.667,10,-5.445,1,0.134,0.0575,0,0.106,0.595,112.956,223504
482,Pop,9,0.667,0.83,0,-5.715,1,0.0749,0.0123,0,0.191,0.701,113.03,236002
483,Pop,9,0.766,0.709,9,-6.471,0,0.123,0.204,1.41E-05,0.126,0.506,128.07,211853
484,Pop,9,0.819,0.913,4,-3.059,0,0.0427,0.0935,3.72E-05,0.161,0.536,119.989,219160
485,Pop,9,0.893,0.745,11,-3.105,0,0.0571,0.0642,0,0.0943,0.872,101.018,223413
486,Pop,9,0.873,0.495,6,-5.446,1,0.0518,0.199,0,0.0805,0.546,106.033,202062
487,Pop,9,0.735,0.425,0,-6.648,1,0.0466,0.011,0,0.055,0.848,85.894,188174
488,Pop,9,0.743,0.735,8,-5.337,1,0.0382,0.00389,0,0.304,0.631,104.979,189467
489,Pop,9,0.671,0.672,0,-3.094,0,0.0688,0.0329,0,0.118,0.632,97.979,204173
490,Pop,9,0.258,0.437,11,-6.593,0,0.039,0.101,1.27E-06,0.106,0.0967,180.043,239000
491,Pop,9,0.705,0.64,11,-6.928,0,0.225,0.0237,0,0.262,0.887,144.077,203760
492,Pop,9,0.965,0.414,1,-6.408,1,0.0713,0.189,0,0.0767,0.728,121.032,214648
493,Pop,9,0.599,0.448,8,-6.312,1,0.0232,0.163,0,0.106,0.168,95.05,263400
494,Pop,9,0.489,0.588,1,-6.177,1,0.0507,0.0285,2.11E-06,0.0906,0.187,113.617,269600
495,Pop,9,0.683,0.53,5,-4.918,0,0.142,0.207,0,0.394,0.645,75.016,190428
496,Pop,9,0.334,0.617,6,-5.834,0,0.383,0.334,0,0.163,0.603,85.227,216391
497,Pop,9,0.703,0.868,7,-4.661,0,0.0291,0.15,0.132,0.104,0.733,121.03,193613
498,Pop,9,0.573,0.781,8,-6.406,1,0.0555,0.0767,2.64E-05,0.0813,0.343,139.934,231907
499,Pop,9,0.649,0.798,2,-4.346,1,0.178,0.226,0,0.0711,0.857,177.899,230413
500,Pop,9,0.697,0.506,8,-4.863,1,0.0325,0.0792,0,0.0893,0.516,100.002,211364
501,R&B,10,0.686,0.588,7,-8.343,0,0.0554,0.178,0,0.0954,0.617,94.519,249120
502,R&B,10,0.662,0.507,5,-8.238,1,0.118,0.257,0,0.0465,0.676,86.412,223440
503,R&B,10,0.727,0.552,2,-8.074,0,0.14,0.227,0.000164,0.198,0.607,168.189,289160
504,R&B,10,0.452,0.574,6,-8.336,1,0.31,0.246,0,0.189,0.58,92.791,207187
505,R&B,10,0.665,0.696,0,-5.763,1,0.0521,0.337,0,0.106,0.711,90.116,227387
506,R&B,10,0.536,0.612,4,-5.847,1,0.272,0.119,0,0.209,0.57,86.768,229040
507,R&B,10,0.525,0.652,5,-7.042,0,0.28,0.278,0,0.339,0.602,127.673,337640
508,R&B,10,0.743,0.675,8,-4.267,0,0.0953,0.0251,0.000717,0.0685,0.59,92.909,214400
509,R&B,10,0.725,0.487,8,-5.959,0,0.0368,0.26,1.09E-05,0.431,0.599,136.086,296693
510,R&B,10,0.847,0.402,7,-9.952,1,0.0641,0.0118,0,0.283,0.752,99.693,259440
511,R&B,10,0.816,0.5,1,-4.551,1,0.03,0.0227,1.53E-06,0.0733,0.649,124.037,247840
512,R&B,10,0.839,0.706,5,-6.104,0,0.199,0.208,0,0.242,0.839,96.673,245133
513,R&B,10,0.81,0.538,0,-5.784,0,0.0356,0.528,0,0.0951,0.828,109.97,266840
514,R&B,10,0.684,0.455,5,-8.216,1,0.0307,0.215,1.08E-06,0.263,0.487,97.956,216893
515,R&B,10,0.8,0.502,1,-6.062,1,0.0371,0.00167,0,0.0784,0.388,115.091,289760
516,R&B,10,0.713,0.678,5,-3.525,0,0.102,0.273,0,0.149,0.734,138.009,271333
517,R&B,10,0.833,0.515,11,-5,0,0.0462,0.347,0.00156,0.116,0.4,97.035,257333
518,R&B,10,0.653,0.609,11,-7.519,0,0.037,0.263,0.00101,0.233,0.482,95.982,210200
519,R&B,10,0.85,0.7,7,-6.49,1,0.0478,0.0616,1.80E-06,0.244,0.722,101.875,291782
520,R&B,10,0.662,0.748,5,-3.041,0,0.268,0.688,8.43E-06,0.0841,0.535,82.331,239027
521,R&B,10,0.845,0.467,1,-7.674,1,0.138,0.0586,0,0.0694,0.702,138.007,211200
522,R&B,10,0.693,0.516,8,-6.446,1,0.0413,0.297,0.000127,0.0604,0.494,94.02,220853
523,R&B,10,0.815,0.662,6,-8.244,1,0.199,0.0915,0.000409,0.0898,0.611,151.518,248493
524,R&B,10,0.575,0.684,1,-6.007,1,0.325,0.299,0,0.614,0.926,172.155,204040
525,R&B,10,0.835,0.707,8,-5.074,1,0.0598,0.0219,2.19E-05,0.108,0.919,93.955,267093
526,R&B,10,0.412,0.876,5,-6.008,0,0.47,0.102,0,0.297,0.703,130.159,273133
527,R&B,10,0.684,0.606,5,-7.268,0,0.0504,0.17,0,0.058,0.723,127.901,275107
528,R&B,10,0.803,0.454,8,-4.802,0,0.0294,0.352,0,0.0655,0.739,99.99,192213
529,R&B,10,0.547,0.475,0,-10.77,0,0.183,0.358,0,0.198,0.357,99.464,233640
530,R&B,10,0.786,0.511,7,-6.66,1,0.286,0.0825,0,0.12,0.587,80,234133
531,R&B,10,0.699,0.699,8,-5.564,0,0.0737,0.358,0,0.0912,0.611,94.977,206413
532,R&B,10,0.657,0.629,6,-4.938,1,0.0782,0.194,0,0.254,0.726,93.985,266893
533,R&B,10,0.758,0.642,7,-8.128,0,0.221,0.0745,0,0.191,0.701,142.078,268067
534,R&B,10,0.675,0.501,10,-6.183,1,0.22,0.0541,0,0.429,0.532,139.861,260600
535,R&B,10,0.771,0.728,8,-5.39,1,0.128,0.184,0,0.139,0.809,131.109,256427
536,R&B,10,0.71,0.797,4,-3.006,0,0.0582,0.408,0,0.16,0.849,94.998,209120
537,R&B,10,0.801,0.454,2,-6.035,1,0.0371,0.225,0,0.226,0.34,125.139,293067
538,R&B,10,0.714,0.6,6,-8.365,1,0.0876,0.0465,0,0.0646,0.504,82.017,205840
539,R&B,10,0.796,0.477,1,-7.161,1,0.108,0.314,0,0.12,0.685,119.928,231933
540,R&B,10,0.458,0.445,9,-8.391,0,0.361,0.64,0,0.118,0.447,82.82,220053
541,R&B,10,0.568,0.732,11,-4.896,0,0.103,0.179,4.92E-06,0.401,0.626,186.048,258667
542,R&B,10,0.785,0.479,7,-4.956,0,0.044,0.083,0,0.0937,0.364,75.889,262773
543,R&B,10,0.731,0.368,8,-10.38,1,0.0688,0.00544,0,0.193,0.512,145.171,265333
544,R&B,10,0.814,0.387,0,-9.867,1,0.0945,0.0248,0,0.131,0.792,93.961,225173
545,R&B,10,0.765,0.821,4,-5.926,0,0.183,0.0918,0,0.217,0.962,162.519,276800
546,R&B,10,0.605,0.584,11,-7.043,0,0.197,0.286,0,0.235,0.464,125.802,245400
547,R&B,10,0.691,0.541,1,-5.873,1,0.0776,0.508,0,0.0753,0.319,127.683,243307
548,R&B,10,0.832,0.391,8,-8.504,1,0.0629,0.0564,0,0.224,0.436,104.961,238800
549,R&B,10,0.92,0.553,6,-5.068,1,0.191,0.236,0,0.0767,0.947,112.022,286907
550,R&B,10,0.701,0.669,1,-5.265,1,0.107,0.271,0,0.158,0.446,83.066,254467
551,Reggae,11,0.916,0.72,0,-8.548,1,0.1,0.36,0.00016,0.0958,0.76,103.312,237000
552,Reggae,11,0.836,0.661,7,-6.502,0,0.338,0.0208,0,0.449,0.753,76.71,213200
553,Reggae,11,0.788,0.773,9,-5.272,0,0.099,0.0381,0,0.35,0.584,73.978,192400
554,Reggae,11,0.824,0.366,7,-10.96,1,0.145,0.039,0.106,0.0403,0.895,73.949,249533
555,Reggae,11,0.929,0.463,9,-8.651,1,0.308,0.142,5.26E-06,0.0634,0.757,124.084,255840
556,Reggae,11,0.801,0.641,8,-9.349,1,0.173,0.34,4.50E-05,0.0693,0.741,96.96,279720
557,Reggae,11,0.804,0.607,10,-6.84,0,0.37,0.0773,0,0.0993,0.823,142.421,191333
558,Reggae,11,0.825,0.62,2,-6.083,1,0.211,0.183,0,0.0822,0.744,150.243,206307
559,Reggae,11,0.749,0.849,4,-5.761,0,0.0544,0.0299,0.000168,0.115,0.959,145.169,244253
560,Reggae,11,0.78,0.427,5,-8.371,0,0.126,0.128,1.76E-05,0.0697,0.526,71.665,228760
561,Reggae,11,0.496,0.786,1,-6.05,0,0.318,0.014,0,0.639,0.731,153.448,221507
562,Reggae,11,0.582,0.663,4,-6.547,0,0.0828,0.161,0,0.198,0.695,170.82,217200
563,Reggae,11,0.934,0.467,11,-10.99,0,0.307,0.102,3.98E-05,0.109,0.73,123.583,211000
564,Reggae,11,0.765,0.555,10,-7.579,0,0.374,0.409,2.04E-06,0.073,0.828,77.848,197667
565,Reggae,11,0.686,0.652,9,-7.586,0,0.111,0.0331,8.34E-06,0.0578,0.503,141.185,219160
566,Reggae,11,0.71,0.589,0,-11.933,1,0.167,0.068,4.38E-06,0.176,0.65,144.601,279360
567,Reggae,11,0.767,0.732,7,-5.008,0,0.282,0.056,4.73E-06,0.0688,0.871,75.005,254907
568,Reggae,11,0.787,0.728,0,-7.705,1,0.218,0.0124,0,0.157,0.94,173.026,227067
569,Reggae,11,0.865,0.562,10,-6.811,0,0.251,0.0318,0,0.246,0.81,85.02,222467
570,Reggae,11,0.683,0.724,5,-4.436,0,0.0988,0.0909,0,0.339,0.742,80.932,208467
571,Reggae,11,0.865,0.549,0,-10.083,1,0.244,0.0845,0.156,0.081,0.616,142.8,233300
572,Reggae,11,0.87,0.299,10,-13.409,1,0.248,0.122,0.0514,0.0926,0.933,75.895,317360
573,Reggae,11,0.831,0.587,6,-6.997,0,0.354,0.0392,0,0.164,0.787,83.154,224840
574,Reggae,11,0.749,0.704,6,-5.415,0,0.269,0.0159,2.02E-06,0.0886,0.821,145.618,230573
575,Reggae,11,0.814,0.482,9,-10.493,1,0.0588,0.0111,1.57E-06,0.0476,0.615,148.404,180267
576,Reggae,11,0.855,0.602,0,-7.289,1,0.0595,0.378,0,0.167,0.809,77.514,235373
577,Reggae,11,0.672,0.839,0,-5.034,0,0.114,0.0674,0,0.114,0.917,153.37,246453
578,Reggae,11,0.874,0.491,6,-7.737,0,0.121,0.00954,0.00629,0.0484,0.364,74.099,345493
579,Reggae,11,0.782,0.744,7,-6.164,1,0.0806,0.0552,1.42E-05,0.701,0.7,81.067,251204
580,Reggae,11,0.872,0.688,5,-4.024,0,0.123,0.2,0,0.385,0.885,96.989,265083
581,Reggae,11,0.917,0.745,7,-4.424,0,0.186,0.258,2.39E-05,0.382,0.935,142.001,339267
582,Reggae,11,0.746,0.803,2,-5.817,0,0.0556,0.0269,0,0.332,0.731,72.384,209813
583,Reggae,11,0.758,0.786,4,-4.897,0,0.108,0.156,0,0.0658,0.786,83.495,234587
584,Reggae,11,0.587,0.816,9,-4.27,0,0.263,0.0565,0,0.362,0.731,79.159,234837
585,Reggae,11,0.517,0.761,2,-4.591,0,0.316,0.174,0,0.131,0.654,99.172,197121
586,Reggae,11,0.796,0.675,8,-6.382,1,0.0916,0.0686,0,0.0286,0.935,148.104,213149
587,Reggae,11,0.678,0.585,9,-4.963,0,0.143,0.318,0,0.065,0.627,83.959,230107
588,Reggae,11,0.818,0.475,9,-11.088,0,0.17,0.367,9.14E-06,0.0524,0.724,78.496,181394
589,Reggae,11,0.704,0.79,8,-5.756,1,0.0432,0.101,0.00657,0.0769,0.933,167.816,257667
590,Reggae,11,0.739,0.658,0,-5.462,1,0.0762,0.0748,2.14E-06,0.101,0.707,77.999,252125
591,Reggae,11,0.735,0.689,4,-5.799,1,0.177,0.279,0,0.231,0.827,77.726,204000
592,Reggae,11,0.776,0.559,6,-8.375,0,0.103,0.11,0,0.0671,0.758,122.242,232200
593,Reggae,11,0.646,0.738,7,-5.827,0,0.213,0.197,0,0.336,0.622,68.816,243307
594,Reggae,11,0.624,0.719,8,-6.034,0,0.344,0.0262,0,0.368,0.781,82.571,225507
595,Reggae,11,0.758,0.643,7,-6.107,1,0.392,0.0353,0,0.134,0.568,76.757,206733
596,Reggae,11,0.807,0.487,9,-10.456,1,0.0758,0.0102,1.98E-06,0.0501,0.651,148.491,180267
597,Reggae,11,0.775,0.563,6,-8.225,0,0.0815,0.119,0,0.155,0.786,122.269,230800
598,Reggae,11,0.719,0.515,10,-9.72,1,0.348,0.0912,0,0.0791,0.927,76.518,172933
599,Reggae,11,0.774,0.531,11,-7.176,0,0.0446,0.0595,0,0.0409,0.966,142.001,242333
600,Reggae,11,0.932,0.611,9,-8.278,1,0.0853,0.0901,0.00156,0.0467,0.77,125.238,231267
601,Rock,12,0.546,0.911,6,-4.801,1,0.062,0.0008,7.73E-05,0.131,0.757,76.008,216515
602,Rock,12,0.347,0.875,2,-7.997,1,0.0454,0.000374,5.08E-06,0.315,0.48,168.039,280904
603,Rock,12,0.563,0.932,1,-4.306,1,0.0408,7.69E-05,0.462,0.0156,0.745,131.984,233293
604,Rock,12,0.527,0.973,3,-2.948,0,0.153,0.00121,0,0.335,0.663,144.046,172250
605,Rock,12,0.542,0.965,6,-3.257,1,0.118,0.00246,0.000863,0.284,0.47,133.048,216067
606,Rock,12,0.315,0.963,3,-4.907,0,0.111,1.44E-06,0.185,0.0504,0.53,173.98,231035
607,Rock,12,0.173,0.893,6,-5.53,0,0.163,0.000211,0.0214,0.102,0.36,84.985,242000
608,Rock,12,0.446,0.81,1,-7.528,0,0.0336,0.000315,0.000449,0.125,0.404,152.558,235907
609,Rock,12,0.428,0.963,3,-3.297,1,0.123,0.0503,0.672,0.143,0.498,144.744,203137
610,Rock,12,0.579,0.893,2,-2.331,1,0.0487,0.00121,0,0.186,0.488,95.995,211250
611,Rock,12,0.482,0.902,8,-6.752,1,0.0347,7.73E-05,0.398,0.385,0.67,140.02,277153
612,Rock,12,0.567,0.954,5,-3.859,0,0.11,3.22E-05,0.000741,0.29,0.684,126.97,220670
613,Rock,12,0.478,0.856,5,-4.698,0,0.0303,0.000114,4.40E-06,0.06,0.303,98.943,173671
614,Rock,12,0.509,0.766,9,-4.177,0,0.0373,0.00142,0,0.297,0.707,102.86,204271
615,Rock,12,0.473,0.911,9,-3.843,0,0.0748,0.000105,0.145,0.0704,0.386,131.995,261000
616,Rock,12,0.457,0.945,1,-4.722,0,0.0746,2.77E-05,0,0.231,0.483,135.946,200411
617,Rock,12,0.57,0.894,10,-5.179,0,0.0448,0.00292,0.000299,0.109,0.288,120.035,336453
618,Rock,12,0.523,0.909,2,-5.176,1,0.0441,0.000459,0.00185,0.381,0.669,120.015,200400
619,Rock,12,0.421,0.914,11,-4.657,1,0.0848,0.00108,4.64E-05,0.256,0.773,164.885,159759
620,Rock,12,0.243,0.865,8,-6.172,1,0.0584,6.42E-06,0.88,0.408,0.327,101.282,351961
621,Rock,12,0.502,0.952,2,-5.527,1,0.0997,0.000272,3.72E-06,0.521,0.351,136.091,204874
622,Rock,12,0.514,0.905,2,-5.315,0,0.0384,2.26E-05,0.654,0.272,0.37,127.028,208736
623,Rock,12,0.387,0.844,1,-4.063,1,0.0486,6.06E-05,0.00833,0.374,0.443,146.988,250612
624,Rock,12,0.413,0.927,4,-4.713,0,0.0423,1.29E-05,0.0074,0.123,0.43,138.089,261112
625,Rock,12,0.259,0.919,8,-4.649,1,0.0717,3.41E-05,0.364,0.339,0.3,162.229,219725
626,Rock,12,0.653,0.879,9,-3.165,1,0.0669,0.002,0.0126,0.0741,0.692,127.92,210987
627,Rock,12,0.431,0.85,6,-4.803,1,0.0643,0.000107,0.000128,0.181,0.585,141.979,268813
628,Rock,12,0.507,0.861,4,-3.27,0,0.0471,0.00739,0,0.0842,0.527,123.901,196137
629,Rock,12,0.41,0.923,2,-4.488,1,0.0485,0.00126,0.00398,0.0831,0.476,161.995,223227
630,Rock,12,0.409,0.954,6,-5.788,0,0.0528,1.45E-05,0.000193,0.191,0.526,158.107,165638
631,Rock,12,0.628,0.923,3,-5.1,1,0.0354,0.000383,0.00141,0.323,0.619,128.095,212360
632,Rock,12,0.616,0.835,1,-5.519,1,0.037,0.00015,0.577,0.0756,0.536,111.977,199027
633,Rock,12,0.529,0.968,9,-3.722,0,0.0448,4.03E-05,0.407,0.104,0.271,90.009,277334
634,Rock,12,0.61,0.816,0,-5.065,0,0.0323,0.00173,0,0.0357,0.826,142.092,216785
635,Rock,12,0.493,0.943,4,-3.321,1,0.0608,0.000679,0.00897,0.134,0.493,96.997,234476
636,Rock,12,0.577,0.958,2,-3.524,1,0.0565,0.0046,0,0.143,0.567,111.949,163849
637,Rock,12,0.517,0.936,8,-4.555,1,0.0623,7.11E-05,0,0.105,0.732,107.042,171008
638,Rock,12,0.567,0.886,0,-4.88,1,0.0852,0.00164,0.025,0.357,0.647,129.575,258307
639,Rock,12,0.495,0.95,9,-3.295,0,0.0527,9.77E-06,1.95E-06,0.0891,0.417,90.021,223667
640,Rock,12,0.569,0.743,4,-5.389,0,0.0401,1.49E-05,0,0.143,0.599,120.03,192000
641,Rock,12,0.414,0.902,5,-4.677,1,0.0663,4.17E-05,0.000121,0.408,0.378,120.017,247108
642,Rock,12,0.42,0.885,8,-6.844,1,0.08,9.55E-05,0.571,0.0949,0.447,135.12,287721
643,Rock,12,0.597,0.921,3,-4.483,0,0.047,9.64E-05,0.418,0.0867,0.562,128.975,225778
644,Rock,12,0.549,0.898,6,-3.146,1,0.157,0.00228,0,0.067,0.765,92.985,217130
645,Rock,12,0.487,0.691,9,-5.277,1,0.0501,0.0644,0,0.141,0.627,169.857,152548
646,Rock,12,0.543,0.956,5,-5.176,0,0.115,0.000185,0.0109,0.126,0.358,160.003,312938
647,Rock,12,0.486,0.973,7,-3.541,1,0.0788,1.01E-05,0.783,0.133,0.278,108.731,294118
648,Rock,12,0.58,0.916,3,-4.358,0,0.0387,0.000297,0.0259,0.126,0.683,118.004,305907
649,Rock,12,0.541,0.968,0,-4.129,1,0.0396,0.000248,8.28E-06,0.423,0.505,125.04,311813
650,Rock,12,0.37,0.981,5,-3.296,1,0.0633,6.28E-05,0.00225,0.331,0.413,155.177,343600
651,Soul,13,0.711,0.362,3,-10.851,0,0.0381,0.272,0,0.127,0.616,117.287,194293
652,Soul,13,0.769,0.367,2,-11.226,1,0.0312,0.684,1.62E-05,0.081,0.535,103.621,163756
653,Soul,13,0.479,0.416,4,-11.451,0,0.124,0.457,1.72E-05,0.118,0.514,79.593,125093
654,Soul,13,0.79,0.41,0,-13.241,1,0.0343,0.263,0.00314,0.174,0.815,112.345,159000
655,Soul,13,0.803,0.338,6,-14.029,1,0.0349,0.196,0.038,0.097,0.912,106.841,155707
656,Soul,13,0.587,0.133,9,-15.151,0,0.0565,0.186,2.26E-05,0.258,0.068,102.938,201733
657,Soul,13,0.686,0.672,11,-5.523,1,0.0323,0.7,0,0.135,0.857,128.55,128787
658,Soul,13,0.572,0.418,0,-10.738,1,0.0349,0.635,0,0.0961,0.694,104.566,165000
659,Soul,13,0.75,0.444,4,-8.63,1,0.0403,0.12,3.69E-06,0.118,0.849,111.919,157160
660,Soul,13,0.805,0.558,0,-5.226,1,0.041,0.164,2.20E-05,0.0546,0.965,114.95,147600
661,Soul,13,0.212,0.383,10,-10.071,1,0.0347,0.723,0,0.299,0.452,173.79,191160
662,Soul,13,0.516,0.15,1,-20.41,1,0.0272,0.13,0.0755,0.122,0.206,97.398,173867
663,Soul,13,0.556,0.61,9,-4.729,1,0.213,0.833,2.22E-06,0.258,0.665,199.373,171467
664,Soul,13,0.592,0.355,9,-14.051,1,0.0352,0.478,0,0.0585,0.499,133.032,216773
665,Soul,13,0.864,0.346,4,-12.918,1,0.0365,0.277,0.00521,0.0514,0.964,105.164,189840
666,Soul,13,0.763,0.656,0,-6.86,1,0.0417,0.549,0,0.125,0.926,118.394,156173
667,Soul,13,0.725,0.327,0,-17.714,1,0.0387,0.113,0.326,0.214,0.688,110.438,187760
668,Soul,13,0.403,0.284,10,-14.014,1,0.0338,0.798,0,0.142,0.686,176.537,154533
669,Soul,13,0.675,0.597,5,-11.329,1,0.0337,0.0534,0,0.0986,0.828,108.875,161160
670,Soul,13,0.663,0.6,7,-10.87,1,0.032,0.43,0,0.184,0.8,129.991,151667
671,Soul,13,0.482,0.569,0,-5.897,1,0.0328,0.617,0,0.155,0.609,70.843,165280
672,Soul,13,0.687,0.63,6,-10.817,1,0.0389,0.251,0,0.221,0.926,110.051,139733
673,Soul,13,0.539,0.24,3,-16.632,0,0.0426,0.687,5.12E-05,0.133,0.567,80.816,167373
674,Soul,13,0.619,0.22,0,-13.843,1,0.0667,0.782,1.19E-05,0.124,0.423,75.16,258835
675,Soul,13,0.618,0.588,2,-11.624,1,0.0735,0.0128,0.0266,0.351,0.768,86.903,146973
676,Soul,13,0.274,0.348,5,-8.631,1,0.0293,0.547,0.0133,0.334,0.328,87.43,179693
677,Soul,13,0.883,0.464,10,-11.251,1,0.0591,0.279,1.51E-05,0.0744,0.925,111.548,172333
678,Soul,13,0.634,0.677,2,-7.19,1,0.0448,0.318,0,0.0902,0.939,95.792,179120
679,Soul,13,0.63,0.711,10,-9.34,1,0.0472,0.299,0,0.0813,0.659,96.912,167933
680,Soul,13,0.594,0.38,10,-12.059,0,0.0455,0.273,2.87E-05,0.1,0.446,92.004,279333
681,Soul,13,0.65,0.323,0,-8.698,1,0.0283,0.213,0,0.187,0.276,110.962,166973
682,Soul,13,0.524,0.519,6,-11.903,1,0.043,0.195,0,0.523,0.847,110.121,169800
683,Soul,13,0.696,0.547,5,-5.954,0,0.169,0.792,0,0.155,0.623,73.203,155507
684,Soul,13,0.59,0.659,5,-9.669,1,0.0697,0.104,6.56E-06,0.356,0.965,80.201,141067
685,Soul,13,0.471,0.585,1,-6.105,1,0.0822,0.786,0,0.811,0.655,150.719,169747
686,Soul,13,0.632,0.59,5,-10.206,1,0.0305,0.346,0,0.24,0.953,130.287,172733
687,Soul,13,0.595,0.643,5,-9.275,1,0.0365,0.76,0,0.538,0.73,135.633,158040
688,Soul,13,0.499,0.246,9,-12.806,1,0.0325,0.7,0.00227,0.0965,0.152,148.468,181667
689,Soul,13,0.613,0.487,7,-8.781,1,0.0935,0.412,1.02E-05,0.286,0.699,143.332,165800
690,Soul,13,0.678,0.544,4,-9.468,0,0.0326,0.668,9.62E-06,0.103,0.963,122.735,171027
691,Soul,13,0.376,0.67,10,-9.273,1,0.0854,0.0727,2.52E-06,0.0718,0.837,185.503,169293
692,Soul,13,0.477,0.433,11,-6.473,0,0.0247,0.689,0.000195,0.151,0.611,82.52,156653
693,Soul,13,0.785,0.776,2,-5.259,1,0.0312,0.729,0,0.181,0.967,121.505,148040
694,Soul,13,0.59,0.737,7,-5.867,1,0.0384,0.404,0,0.108,0.877,132.966,164160
695,Soul,13,0.502,0.333,7,-10.914,1,0.0264,0.699,0,0.222,0.729,96.982,174360
696,Soul,13,0.667,0.599,0,-8.894,1,0.0291,0.245,0,0.107,0.971,127.935,160280
697,Soul,13,0.676,0.245,0,-14.27,1,0.0299,0.677,0,0.319,0.532,86.338,173893
698,Soul,13,0.733,0.624,4,-9.849,1,0.0374,0.623,0,0.407,0.912,114.584,154907
699,Soul,13,0.703,0.724,7,-10.818,1,0.0467,0.73,0,0.518,0.963,131.821,155173
700,Soul,13,0.744,0.568,0,-9.629,1,0.0494,0.186,1.18E-05,0.163,0.687,122.657,178400
